sexo;tipo_de_emprendimiento;idea_negocio;barrio;estrato;comuna_ciudadano;fecha_de_beneficio;monto_del_credito;línea_credito
masculino;industria;fabrica de;robledo;1;8;2018-01-30;6000000;microempresarial
femenino;comercio;variedades;robledo;1;8;2016-03-17;5000000;microempresarial
femenino;comercio;tienda;robledo;2;8;2017-05-12;7000000;microempresarial
femenino;comercio;granero;robledo;2;8;2019-02-18;6000000;microempresarial
femenino;industria;fabrica de;robledo;2;8;2018-08-29;3000000;microempresarial
femenino;servicio;mantenimiento en;robledo;1;8;2019-03-27;1200000;microempresarial
masculino;servicio;tienda;robledo;1;8;2017-08-15;7200000;microempresarial
femenino;comercio;peluqueria;robledo;1;8;2016-08-10;6000000;microempresarial
masculino;comercio;almacen de ropa en;robledo;2;8;2017-03-27;7000000;microempresarial
femenino;comercio;tienda;robledo;1;8;2016-07-28;6000000;microempresarial
masculino;servicio;comidas rapidas;robledo;1;8;2019-05-31;8000000;microempresarial
femenino;comercio;papeleria;robledo;1;2;2019-04-24;1500000;microempresarial
femenino;comercio;tienda;robledo;1;8;2017-03-27;3000000;microempresarial
femenino;industria;fabrica de;robledo;2;8;2018-10-26;5000000;microempresarial
femenino;comercio;tienda;robledo;1;8;2016-08-11;6890000;microempresarial
masculino;comercio;tienda;robledo;1;8;2017-01-20;6000000;microempresarial
femenino;comercio;variedades;robledo;1;8;2017-12-19;7300000;microempresarial
masculino;servicio;recreativo educativo;robledo;1;8;2018-05-03;5000000;microempresarial
femenino;comercio;ferreteria;robledo;1;8;2017-03-01;7377000;microempresarial
femenino;servicio;tienda;robledo;1;8;2016-11-10;6890000;microempresarial
femenino;servicio;tienda de helados;robledo;1;8;2018-07-03;6000000;microempresarial
femenino;industria;fabrica de;robledo;1;8;2017-09-07;6500000;microempresarial
femenino;comercio;tienda;robledo;1;8;2017-07-26;7300000;microempresarial
femenino;servicio;carniceria;robledo;1;8;2017-10-06;7370000;microempresarial
femenino;comercio;variedades;robledo;1;8;2017-07-11;7370000;microempresarial
masculino;servicio;ebanistaria;robledo;1;8;2019-05-10;8281000;microempresarial
femenino;servicio;fotografia;robledo;1;13;2018-08-23;7800000;microempresarial
femenino;industria;fabrica de;robledo;1;13;2017-08-18;3300000;microempresarial
femenino;comercio;tienda;robledo;1;13;2018-03-23;783000;microempresarial
masculino;industria;variedades;robledo;1;13;2016-12-30;6890000;microempresarial
femenino;comercio;almacen de ropa en;robledo;2;13;2016-07-13;6890000;microempresarial
femenino;industria;fabrica de;robledo;2;13;2017-09-14;3000000;microempresarial
femenino;comercio;fabrica de calzado;robledo;1;13;2017-03-09;6000000;microempresarial
femenino;comercio;tienda;robledo;2;13;2018-02-07;1500000;microempresarial
femenino;comercio;tienda;robledo;1;13;2018-05-21;6000000;microempresarial
masculino;servicio;cafe e internet;robledo;1;13;2017-09-19;7370000;microempresarial
masculino;comercio;tienda;robledo;2;13;2017-06-29;7300000;microempresarial
femenino;industria;fabrica de;robledo;1;13;2016-12-02;6890000;microempresarial
femenino;servicio;peluqueria;robledo;2;13;2018-04-20;4000000;microempresarial
femenino;comercio;miscelanea;robledo;1;13;2016-07-27;2000000;microempresarial
femenino;comercio;almacen de ropa en;robledo;2;13;2018-08-21;3000000;microempresarial
femenino;comercio;comidas rapidas;robledo;1;13;2017-01-23;7000000;microempresarial
femenino;industria;fabrica de;robledo;1;13;2016-06-24;6000000;microempresarial
femenino;comercio;venta de calzado;robledo;1;13;2018-08-23;7000000;microempresarial
femenino;industria;fabrica de;robledo;2;13;2017-07-10;6000000;microempresarial
masculino;industria;fabrica de;robledo;1;13;2018-12-14;7800000;microempresarial
masculino;industria;fabrica de;robledo;1;13;2016-11-22;5000000;microempresarial
femenino;industria;fabrica de;robledo;2;13;2018-05-03;7800000;microempresarial
femenino;comercio;carniceria;robledo;2;13;2017-03-10;6000000;microempresarial
femenino;servicio;variedades;robledo;1;13;2018-06-14;7800000;microempresarial
masculino;industria;fabrica de calzado;robledo;2;13;2016-11-10;6500000;microempresarial
femenino;industria;fabrica de;robledo;1;13;2016-09-14;6890000;microempresarial
femenino;comercio;comidas rapidas;robledo;1;13;2018-01-24;4000000;microempresarial
femenino;servicio;comidas rapidas;robledo;1;13;2016-10-20;6800000;microempresarial
femenino;servicio;peluqueria;robledo;1;13;2018-01-24;4000000;microempresarial
femenino;comercio;charcuteria;robledo;1;13;2016-10-07;6000000;microempresarial
femenino;comercio;variedades;robledo;1;13;2018-12-06;7500000;microempresarial
femenino;comercio;miscelanea;robledo;2;13;2017-11-23;7300000;microempresarial
femenino;comercio;tienda;robledo;1;13;2018-05-29;7800000;microempresarial
masculino;industria;fabrica de calzado;robledo;2;13;2017-08-08;7300000;microempresarial
femenino;industria;fabrica de;robledo;2;13;2017-05-31;6000000;microempresarial
femenino;industria;fabrica de;robledo;1;13;2018-09-14;7000000;microempresarial
femenino;comercio;variedades;robledo;1;13;2017-01-19;5000000;microempresarial
masculino;servicio;comidas rapidas;robledo;2;13;2018-04-04;5000000;microempresarial
femenino;comercio;almacen de ropa en;robledo;2;13;2017-07-05;5000000;microempresarial
femenino;industria;fabrica de;robledo;2;13;2016-06-24;6800000;microempresarial
masculino;comercio;almacen de ropa en;robledo;1;13;2017-07-31;5000000;microempresarial
masculino;industria;fabrica de;robledo;1;13;2016-08-19;6890000;microempresarial
femenino;comercio;legumbreria;robledo;1;13;2018-11-06;5000000;microempresarial
masculino;comercio;fabrica de;robledo;1;13;2018-12-06;6000000;microempresarial
masculino;servicio;fotografia;robledo;1;13;2016-04-07;6500000;microempresarial
masculino;comercio;distribuidora de;robledo;2;13;2018-08-16;6000000;microempresarial
femenino;servicio;comidas rapidas;robledo;2;13;2016-11-10;6000000;microempresarial
masculino;comercio;tienda;robledo;2;13;2016-04-19;6000000;microempresarial
femenino;comercio;marroquineria;robledo;2;13;2018-11-09;1300000;microempresarial
femenino;industria;fabrica de;robledo;1;13;2016-06-02;5000000;microempresarial
femenino;industria;fabrica de;robledo;1;13;2018-05-16;5000000;microempresarial
femenino;industria;fabrica de;robledo;1;13;2016-07-19;6000000;microempresarial
femenino;comercio;almacen de ropa en;robledo;1;13;2018-06-08;2000000;microempresarial
masculino;servicio;peluqueria;robledo;1;13;2017-09-22;5000000;microempresarial
femenino;industria;fabrica de;robledo;2;13;2016-05-23;6000000;microempresarial
femenino;comercio;tienda;robledo;1;13;2016-06-08;5000000;microempresarial
masculino;comercio;distribuidora de;robledo;1;13;2018-02-16;7800000;microempresarial
femenino;industria;fabrica de;robledo;1;13;2018-03-21;7000000;microempresarial
masculino;servicio;variedades;robledo;1;13;2016-07-26;6000000;microempresarial
masculino;comercio;comidas rapidas;robledo;2;13;2018-08-23;5000000;microempresarial
masculino;servicio;comidas rapidas;robledo;2;13;2016-12-20;3000000;microempresarial
femenino;comercio;comidas rapidas;robledo;2;13;2017-05-26;6000000;microempresarial
femenino;servicio;peluqueria;robledo;3;13;2017-09-27;7370000;microempresarial
femenino;industria;fabrica de;robledo;1;13;2018-02-13;7800000;microempresarial
femenino;comercio;comidas rapidas;robledo;2;13;2018-08-21;5000000;microempresarial
femenino;comercio;tienda;robledo;1;13;2017-02-13;7377000;microempresarial
femenino;comercio;comidas rapidas;robledo;2;13;2018-04-13;3000000;microempresarial
femenino;industria;fabrica de;robledo;2;13;2017-06-13;7370000;microempresarial
femenino;industria;fabrica de;robledo;2;13;2017-10-19;6000000;microempresarial
femenino;industria;fabrica de;robledo;1;13;2018-03-06;7000000;microempresarial
femenino;comercio;fabrica de;robledo;2;13;2016-08-11;6890000;microempresarial
femenino;comercio;comidas rapidas;robledo;1;13;2017-10-04;1800000;microempresarial
femenino;industria;fabrica de;robledo;1;13;2018-09-05;7800000;microempresarial
masculino;comercio;almacen de ropa en;robledo;2;13;2018-07-05;1600000;microempresarial
masculino;servicio;montallantas;robledo;1;13;2017-09-13;5000000;microempresarial
femenino;industria;fabrica de muebles;robledo;1;13;2018-05-23;7300000;microempresarial
femenino;comercio;fabrica de helados;robledo;1;13;2018-12-06;1500000;microempresarial
femenino;comercio;tienda;robledo;2;13;2017-02-20;5000000;microempresarial
femenino;comercio;fabrica de;robledo;1;13;2018-04-03;4500000;microempresarial
masculino;comercio;licorera;robledo;1;13;2016-11-30;6890000;microempresarial
masculino;servicio;servicios;robledo;2;13;2018-01-10;6000000;microempresarial
femenino;industria;fabrica de;robledo;1;13;2016-05-20;2000000;microempresarial
femenino;industria;fabrica de;robledo;2;13;2016-11-15;6890000;microempresarial
femenino;servicio;peluqueria;robledo;2;13;2016-11-16;3500000;microempresarial
femenino;servicio;peluqueria;robledo;1;13;2018-11-13;6000000;microempresarial
femenino;servicio;ebanistaria;robledo;2;13;2016-08-25;5800000;microempresarial
femenino;industria;fabrica de;robledo;1;13;2018-05-02;4500000;microempresarial
femenino;industria;fabrica de;robledo;1;13;2018-02-23;7000000;microempresarial
masculino;industria;fabrica de;robledo;1;13;2018-10-24;7800000;microempresarial
femenino;industria;fabrica de;robledo;2;13;2016-09-07;3000000;microempresarial
femenino;servicio;variedades;robledo;3;70;2017-09-25;20000000;juridica y cap.semilla
femenino;comercio;tienda;robledo;2;70;2016-06-09;6000000;microempresarial
masculino;comercio;tienda;robledo;1;70;2019-04-11;8200000;microempresarial
femenino;industria;fabrica de;robledo;2;70;2016-04-18;3000000;microempresarial
masculino;servicio;cafe e internet;robledo;1;70;2017-08-30;7;microempresarial
masculino;comercio;carniceria;robledo;2;70;2017-12-14;7300000;microempresarial
masculino;comercio;tienda;robledo;2;70;2018-11-28;7800000;microempresarial
masculino;comercio;taller de electronica;robledo;2;70;2017-05-10;7300000;microempresarial
femenino;industria;fabrica de;robledo;1;70;2017-07-05;7300000;microempresarial
femenino;comercio;tienda;robledo;3;9;2016-12-07;6890000;microempresarial
femenino;comercio;variedades;robledo;3;9;2018-04-11;6000000;microempresarial
masculino;comercio;variedades;robledo;3;9;2018-06-08;7800000;microempresarial
masculino;comercio;granero;robledo;3;9;2018-02-16;7800000;microempresarial
femenino;servicio;variedades;robledo;3;9;2017-06-14;7000000;microempresarial
masculino;comercio;tienda de helados;robledo;2;9;2018-04-10;7500000;microempresarial
femenino;industria;fabrica de arepas;robledo;3;5;2018-03-21;5000000;microempresarial
femenino;comercio;variedades;robledo;2;5;2016-11-04;6000000;microempresarial
masculino;industria;fabrica de muebles;robledo;3;5;2017-06-01;1500000;microempresarial
masculino;comercio;almacen de ropa en;robledo;3;5;2017-08-23;7300000;microempresarial
masculino;comercio;tienda;robledo;3;5;2017-08-28;4400000;credioportuno
femenino;industria;fabrica de;robledo;2;5;2016-02-29;6890000;microempresarial
femenino;industria;fabrica de;robledo;3;5;2018-02-13;7800000;microempresarial
femenino;servicio;variedades;robledo;2;5;2017-11-27;7000000;microempresarial
femenino;comercio;variedades;robledo;3;5;2018-10-29;7000000;microempresarial
masculino;servicio;fumigacion;robledo;3;5;2018-03-14;3000000;microempresarial
femenino;comercio;fabrica de;robledo;2;5;2018-02-08;6000000;microempresarial
masculino;comercio;tienda de helados;robledo;3;5;2018-05-30;5000000;microempresarial
femenino;servicio;peluqueria;robledo;3;5;2017-08-29;7000000;microempresarial
masculino;comercio;comidas rapidas;robledo;2;5;2017-05-15;3000000;microempresarial
femenino;servicio;peluqueria;robledo;3;5;2019-01-15;5500000;microempresarial
masculino;servicio;barberia;robledo;2;5;2017-10-11;4000000;microempresarial
femenino;industria;fabrica de;robledo;3;5;2017-03-01;7000000;microempresarial
masculino;servicio;papeleria;robledo;3;5;2018-01-15;7800000;microempresarial
femenino;servicio;comidas rapidas;robledo;3;5;2017-12-11;5000000;microempresarial
femenino;comercio;comidas rapidas;robledo;3;5;2017-03-02;7377000;microempresarial
femenino;industria;fabrica de;robledo;3;5;2017-12-28;7300000;microempresarial
masculino;comercio;variedades;robledo;3;5;2017-05-23;7000000;microempresarial
femenino;comercio;comidas rapidas;robledo;1;5;2017-11-30;1000000;microempresarial
femenino;comercio;tienda;robledo;2;5;2019-06-06;7500000;microempresarial
femenino;industria;fabrica de;robledo;3;5;2016-12-01;43435244;microempresarial
femenino;comercio;almacen de ropa en;robledo;2;5;2018-04-26;2000000;microempresarial
femenino;comercio;almacen de ropa en;robledo;3;5;2018-05-29;4500000;microempresarial
masculino;comercio;tienda;robledo;3;5;2019-05-13;8000000;microempresarial
femenino;comercio;tienda;robledo;3;5;2018-03-13;7800000;microempresarial
femenino;comercio;almacen de ropa en;robledo;3;5;2017-07-26;4400000;microempresarial
femenino;comercio;tienda de helados;robledo;3;5;2018-02-08;7000000;microempresarial
femenino;comercio;almacen de ropa en;robledo;3;5;2017-08-23;6000000;microempresarial
femenino;servicio;taller de mecanica;robledo;3;5;2017-02-07;6000000;microempresarial
masculino;servicio;tienda;robledo;3;5;2019-02-27;6500000;microempresarial
femenino;industria;fabrica de;robledo;3;5;2017-11-27;3000000;microempresarial
masculino;servicio;cafe e internet;robledo;3;5;2016-02-20;6000000;microempresarial
femenino;comercio;fabrica de muebles;robledo;2;5;2018-05-08;2350000;microempresarial
masculino;comercio;distribuidora de;robledo;3;5;2016-06-17;6890000;microempresarial
femenino;comercio;variedades;robledo;3;5;2018-05-21;6000000;microempresarial
femenino;comercio;productos de belleza;robledo;2;5;2017-07-19;7370000;microempresarial
femenino;comercio;almacen de ropa en;robledo;3;5;2016-08-04;3500000;microempresarial
femenino;industria;fabrica de;robledo;3;5;2019-01-18;8200000;microempresarial
femenino;comercio;tienda;robledo;3;5;2016-11-10;6890000;microempresarial
femenino;servicio;fabrica de;robledo;2;5;2016-07-18;6890000;microempresarial
masculino;servicio;recreativo educativo;robledo;2;5;2017-10-30;7000000;microempresarial
masculino;servicio;productos de belleza;robledo;2;5;2018-05-24;7000000;microempresarial
femenino;servicio;comidas rapidas;robledo;2;5;2016-02-18;6890000;microempresarial
femenino;comercio;comidas rapidas;robledo;3;5;2018-09-20;7800000;microempresarial
femenino;comercio;miscelanea;robledo;3;7;2018-03-06;7800000;microempresarial
femenino;industria;variedades;robledo;2;70;2017-07-24;7300000;microempresarial
femenino;comercio;comidas rapidas;robledo;2;16;2018-04-09;6000000;microempresarial
femenino;servicio;mantenimiento en;robledo;3;16;2016-07-08;6890000;microempresarial
femenino;comercio;tienda;robledo;2;16;2018-01-23;4000000;microempresarial
femenino;agropecuaria;criadero de animales;robledo;2;16;2017-09-05;5000000;agropecuaria
masculino;industria;fabrica de;robledo;3;70;2016-02-29;3000000;microempresarial
femenino;comercio;tienda;robledo;2;16;2018-01-26;4000000;microempresarial
femenino;servicio;peluqueria;robledo;3;16;2017-03-28;7370000;microempresarial
femenino;industria;fabrica de;robledo;2;70;2018-05-22;4000000;microempresarial
masculino;servicio;taller de mecanica;robledo;3;70;2019-03-14;8200000;microempresarial
masculino;comercio;variedades;robledo;2;16;2018-04-18;7800000;microempresarial
femenino;agropecuaria;criadero de animales;robledo;3;16;2016-07-27;13500000;agropecuaria
femenino;servicio;peluqueria;robledo;1;16;2018-10-03;6750000;microempresarial
masculino;comercio;variedades;robledo;1;70;2018-01-25;1200000;microempresarial
femenino;comercio;restaurante;robledo;2;70;2018-04-04;5000000;microempresarial
masculino;agropecuaria;viveros;robledo;2;16;2017-06-15;14000000;microempresarial
masculino;comercio;comidas rapidas;robledo;2;16;2018-06-22;5000000;microempresarial
femenino;industria;fabrica de;robledo;3;70;2018-12-03;5000000;microempresarial
masculino;servicio;taller de electronica;robledo;2;16;2018-03-01;5000000;microempresarial
masculino;servicio;criadero de animales;robledo;2;16;2017-06-16;14000000;agropecuaria
femenino;comercio;fabrica de alimentos;robledo;2;70;2018-06-01;1000000;microempresarial
femenino;servicio;variedades;robledo;1;70;2016-08-25;6000000;microempresarial
masculino;comercio;variedades;robledo;2;70;2017-10-27;3000000;microempresarial
masculino;industria;panaderia;robledo;1;16;2018-05-28;7000000;microempresarial
femenino;servicio;organización y;robledo;2;70;2016-04-26;4000000;microempresarial
femenino;comercio;comidas rapidas;robledo;2;16;2018-06-07;4000000;microempresarial
femenino;industria;fabrica de;robledo;1;70;2017-04-26;7370000;microempresarial
femenino;industria;joyeria;robledo;2;70;2019-02-20;3750000;microempresarial
femenino;comercio;distribuidora de;robledo;2;16;2016-10-06;6890000;microempresarial
masculino;comercio;variedades;robledo;3;16;2018-01-30;5800000;microempresarial
masculino;comercio;variedades;robledo;2;70;2018-06-22;7800000;microempresarial
masculino;comercio;comidas rapidas;robledo;2;70;2017-10-31;7370000;microempresarial
masculino;agropecuaria;criadero de animales;robledo;2;16;2016-09-26;3000000;microempresarial
femenino;industria;fabrica de;robledo;2;70;2018-09-05;6000000;microempresarial
femenino;comercio;miscelanea;robledo;1;70;2016-05-24;6890000;microempresarial
femenino;industria;fabrica de muebles;robledo;2;16;2018-12-13;7800000;microempresarial
masculino;comercio;fabrica de helados;robledo;2;16;2017-09-28;5000000;microempresarial
femenino;industria;fabrica de;robledo;3;16;2016-01-20;6000000;microempresarial
femenino;comercio;variedades;robledo;2;16;2018-02-12;4000000;microempresarial
femenino;servicio;peluqueria;robledo;1;16;2017-04-19;7370000;microempresarial
femenino;comercio;comidas rapidas;robledo;2;70;2018-05-22;1000000;microempresarial
femenino;comercio;tienda;robledo;2;16;2018-06-22;4000000;microempresarial
femenino;comercio;comidas rapidas;robledo;2;16;2018-06-22;7500000;microempresarial
femenino;servicio;peluqueria;robledo;2;4;2017-09-22;6000000;microempresarial
femenino;servicio;variedades;robledo;2;16;2017-07-13;7300000;microempresarial
masculino;industria;fabrica de;robledo;2;2;2018-05-23;7800000;microempresarial
femenino;comercio;comidas rapidas;robledo;2;2;2018-02-12;6000000;microempresarial
femenino;agropecuaria;variedades;robledo;2;2;2018-06-15;7000000;microempresarial
femenino;industria;fabrica de;robledo;2;2;2018-07-11;1500000;microempresarial
femenino;servicio;peluqueria;robledo;1;2;2018-07-16;7800000;microempresarial
masculino;industria;fabrica de;robledo;2;2;2019-01-18;3000000;microempresarial
masculino;comercio;reciclaje;robledo;2;2;2017-03-08;7377000;microempresarial
masculino;comercio;legumbreria;robledo;2;2;2018-12-18;1000000;microempresarial
masculino;comercio;variedades;robledo;2;2;2016-03-17;3500000;microempresarial
masculino;comercio;mantenimiento en;robledo;2;2;2018-08-06;6000000;microempresarial
masculino;comercio;comidas rapidas;robledo;2;2;2016-09-08;6890000;microempresarial
masculino;comercio;panaderia;robledo;2;2;2018-02-13;7800000;microempresarial
masculino;comercio;tienda;robledo;2;2;2017-03-02;7300000;microempresarial
masculino;comercio;comidas rapidas;robledo;2;2;2017-03-13;7300000;microempresarial
femenino;comercio;papeleria;robledo;2;2;2017-07-06;2000000;microempresarial
femenino;comercio;almacen de ropa en;robledo;2;2;2018-07-30;7800000;microempresarial
femenino;comercio;comidas rapidas;robledo;2;2;2018-11-07;3000000;microempresarial
femenino;comercio;variedades;robledo;1;2;2017-03-10;5000000;microempresarial
femenino;industria;fabrica de;robledo;2;2;2018-03-20;7000000;microempresarial
femenino;comercio;variedades;robledo;2;2;2018-07-13;2500000;microempresarial
masculino;comercio;recreativo educativo;robledo;1;2;2017-08-02;2500000;microempresarial
femenino;comercio;distribuidora de;robledo;2;2;2016-09-23;6890000;microempresarial
femenino;industria;fabrica de;robledo;2;2;2016-06-01;6890000;microempresarial
femenino;servicio;productos de belleza;robledo;1;2;2018-10-30;6000000;microempresarial
masculino;comercio;comidas rapidas;robledo;2;2;2019-02-27;8000000;microempresarial
femenino;servicio;papeleria;robledo;2;2;2017-05-04;7370000;microempresarial
femenino;comercio;almacen de ropa en;robledo;2;2;2018-08-01;5000000;microempresarial
femenino;industria;ferreteria;robledo;2;2;2018-08-15;7000000;microempresarial
masculino;industria;fabrica de calzado;robledo;2;2;2017-05-31;7000000;microempresarial
femenino;industria;fabrica de;robledo;2;2;2017-05-17;6000000;microempresarial
femenino;servicio;variedades;robledo;3;2;2016-10-14;6000000;microempresarial
femenino;comercio;fabrica de;robledo;2;2;2019-04-29;8281160;microempresarial
femenino;industria;fabrica de;robledo;2;2;2019-06-18;8281000;microempresarial
masculino;comercio;tienda;robledo;2;2;2017-03-17;7377000;microempresarial
masculino;servicio;variedades;robledo;2;2;2017-02-13;7300000;microempresarial
femenino;comercio;restaurante;robledo;2;2;2017-11-08;7370000;microempresarial
femenino;comercio;tienda;robledo;2;2;2017-01-30;7377000;microempresarial
femenino;servicio;fabrica de alimentos;robledo;2;2;2017-06-08;30000000;empresarial ed.
masculino;industria;fabrica de;robledo;2;2;2017-08-30;4000000;microempresarial
femenino;comercio;miscelanea;robledo;2;2;2018-10-18;5000000;microempresarial
masculino;servicio;tienda;robledo;2;2;2018-04-25;1200000;microempresarial
masculino;comercio;tienda;robledo;2;2;2017-04-25;7370000;microempresarial
masculino;industria;carpinteria;robledo;1;2;2017-11-24;7300000;microempresarial
femenino;industria;reciclaje;robledo;2;2;2017-10-02;22000000;juridica y cap.semilla
femenino;comercio;comidas rapidas;robledo;2;2;2017-11-27;3000000;microempresarial
masculino;comercio;tienda;robledo;2;2;2016-09-30;6894000;microempresarial
femenino;industria;fabrica de;robledo;2;2;2018-03-13;7000000;microempresarial
femenino;industria;fabrica de;robledo;2;2;2018-04-25;5000000;microempresarial
femenino;comercio;comidas rapidas;robledo;2;2;2018-02-20;5000000;microempresarial
masculino;comercio;tienda;robledo;2;2;2018-02-01;5000000;microempresarial
femenino;industria;fabrica de;robledo;2;2;2018-07-06;5000000;microempresarial
femenino;comercio;variedades;robledo;2;2;2017-11-07;5000000;microempresarial
masculino;servicio;mantenimiento en;robledo;1;2;2016-01-22;6890000;microempresarial
femenino;industria;fabrica de;robledo;2;2;2017-05-31;5000000;microempresarial
femenino;comercio;tienda de helados;robledo;2;2;2017-08-24;7377000;microempresarial
femenino;comercio;variedades;robledo;2;2;2018-11-15;7800000;microempresarial
masculino;comercio;venta de calzado;robledo;2;2;2016-07-14;6890000;microempresarial
masculino;comercio;peluqueria;robledo;2;2;2017-01-25;5000000;microempresarial
femenino;comercio;ferreteria;robledo;2;2;2018-02-13;7812000;microempresarial
masculino;comercio;almacen de ropa en;robledo;2;2;2019-05-06;1725000;microempresarial
masculino;comercio;cafeteria;robledo;2;2;2018-03-09;3500000;microempresarial
femenino;industria;fabrica de calzado;robledo;2;2;2017-06-28;7300000;microempresarial
femenino;comercio;comidas rapidas;robledo;2;2;2018-06-21;5000000;microempresarial
masculino;comercio;cerrajeria;robledo;2;2;2017-06-06;7377000;microempresarial
femenino;comercio;variedades;robledo;2;2;2018-04-04;7800000;microempresarial
femenino;industria;fabrica de;robledo;2;2;2018-12-20;4000000;microempresarial
femenino;comercio;restaurante;robledo;2;2;2017-03-21;7300000;microempresarial
masculino;comercio;tienda;robledo;2;5;2019-04-09;3000000;microempresarial
masculino;comercio;variedades;robledo;2;2;2018-06-06;7800000;microempresarial
masculino;comercio;comidas rapidas;robledo;2;2;2017-05-30;73777000;microempresarial
femenino;comercio;productos de belleza;robledo;2;2;2017-04-21;7000000;microempresarial
femenino;comercio;comidas rapidas;robledo;2;2;2018-05-23;7800000;microempresarial
masculino;servicio;cafe e internet;robledo;2;2;2018-05-25;7800000;microempresarial
femenino;industria;fabrica de;robledo;2;2;2018-03-14;5000000;microempresarial
masculino;industria;fabrica de alimentos;robledo;2;2;2018-07-10;5000000;microempresarial
femenino;comercio;variedades;robledo;2;2;2018-08-29;7000000;microempresarial
masculino;comercio;tienda naturista;robledo;2;2;2018-02-06;4000000;microempresarial
femenino;comercio;tienda;robledo;2;2;2017-07-13;4000000;microempresarial
femenino;comercio;tienda;robledo;2;2;2019-06-06;8000000;microempresarial
femenino;industria;fabrica de;robledo;2;2;2018-05-31;7812000;microempresarial
femenino;comercio;comidas rapidas;robledo;2;2;2018-04-26;2500000;microempresarial
masculino;comercio;comidas rapidas;robledo;2;2;2017-04-07;7377000;microempresarial
femenino;industria;fabrica de;robledo;2;2;2017-07-18;7370000;microempresarial
femenino;comercio;miscelanea;robledo;2;2;2017-08-01;4000000;microempresarial
masculino;comercio;variedades;robledo;2;2;2017-10-13;7300000;microempresarial
masculino;servicio;tienda;robledo;2;2;2018-02-13;6500000;microempresarial
femenino;comercio;tienda;robledo;2;2;2018-03-13;6000000;microempresarial
femenino;industria;fabrica de;robledo;1;2;2018-08-29;6000000;microempresarial
femenino;servicio;peluqueria;robledo;2;2;2018-03-08;6000000;microempresarial
masculino;comercio;tienda;robledo;2;2;2017-05-24;7300000;microempresarial
masculino;comercio;fabrica de calzado;robledo;2;2;2018-07-25;5000000;microempresarial
masculino;comercio;recreativo educativo;robledo;2;2;2018-10-31;4000000;microempresarial
femenino;servicio;variedades;robledo;2;2;2017-04-20;6000000;microempresarial
femenino;servicio;comidas rapidas;robledo;2;2;2018-08-22;4500000;microempresarial
femenino;industria;fabrica de;robledo;2;2;2017-07-13;7000000;microempresarial
femenino;servicio;peluqueria;robledo;2;2;2017-07-06;5000000;microempresarial
femenino;servicio;restaurante;robledo;2;2;2016-04-07;6890000;microempresarial
femenino;comercio;comidas rapidas;robledo;2;2;2018-04-04;7000000;microempresarial
femenino;comercio;variedades;robledo;2;2;2016-06-17;6890000;microempresarial
femenino;comercio;comidas rapidas;robledo;2;2;2017-10-06;5000000;microempresarial
femenino;comercio;comidas rapidas;robledo;2;2;2018-04-12;7800000;microempresarial
femenino;comercio;panaderia;robledo;2;2;2019-05-13;5000000;microempresarial
femenino;industria;fabrica de;robledo;2;2;2018-06-14;3500000;microempresarial
femenino;servicio;peluqueria;robledo;2;2;2017-05-19;5000000;microempresarial
femenino;comercio;tienda;robledo;2;2;2018-05-10;3000000;microempresarial
masculino;comercio;comidas rapidas;robledo;1;2;2016-12-14;6890000;microempresarial
masculino;servicio;variedades;robledo;2;2;2016-12-13;6000000;microempresarial
masculino;comercio;tienda;robledo;2;2;2018-10-26;7800000;microempresarial
masculino;servicio;productos de belleza;robledo;1;2;2017-07-19;7000000;microempresarial
femenino;servicio;mantenimiento en;robledo;2;2;2018-06-21;5000000;microempresarial
femenino;comercio;comidas rapidas;robledo;1;2;2017-05-23;7000000;microempresarial
masculino;agropecuaria;criadero de animales;robledo;2;2;2019-04-24;8000000;microempresarial
femenino;industria;fabrica de;robledo;2;2;2018-07-25;4000000;microempresarial
masculino;comercio;variedades;robledo;2;2;2018-08-17;7800000;microempresarial
femenino;industria;fabrica de;robledo;2;2;2017-04-17;7000000;microempresarial
femenino;comercio;variedades;robledo;2;2;2018-05-25;4000000;microempresarial
masculino;industria;taller de mecanica;robledo;2;2;2017-02-10;5000000;microempresarial
femenino;industria;fabrica de alimentos;robledo;2;13;2016-01-18;5000000;microempresarial
femenino;industria;fabrica de;robledo;3;13;2018-05-11;5000000;microempresarial
masculino;industria;fabrica de;robledo;2;13;2018-03-14;7800000;microempresarial
femenino;comercio;almacen de ropa en;robledo;2;13;2018-06-01;7800000;microempresarial
masculino;comercio;joyeria;robledo;1;13;2017-08-29;7370000;microempresarial
femenino;comercio;variedades;robledo;2;13;2018-01-10;4500000;microempresarial
femenino;industria;fabrica de;robledo;2;13;2017-06-05;2000000;microempresarial
femenino;industria;fabrica de;robledo;2;13;2016-12-21;5000000;microempresarial
femenino;comercio;tienda;robledo;2;13;2018-11-06;4000000;microempresarial
femenino;comercio;variedades;robledo;3;13;2018-05-04;780000;microempresarial
femenino;comercio;almacen de ropa en;robledo;2;13;2016-08-16;6890000;microempresarial
masculino;comercio;comidas rapidas;robledo;2;13;2017-07-13;7370000;microempresarial
masculino;comercio;distribuidora de;robledo;3;4;2018-07-05;7800000;microempresarial
femenino;servicio;barberia;robledo;3;4;2017-07-13;5000000;microempresarial
femenino;industria;fabrica de;robledo;3;4;2016-05-25;6000000;microempresarial
masculino;industria;fabrica de;robledo;3;4;2019-01-09;8280000;microempresarial
femenino;comercio;tienda;robledo;3;4;2017-01-17;7600000;microempresarial
masculino;comercio;miscelanea;robledo;2;4;2018-09-18;5500000;microempresarial
femenino;comercio;tienda;robledo;2;4;2019-03-20;7800000;microempresarial
masculino;industria;fabrica de;robledo;2;4;2016-06-08;4000000;microempresarial
masculino;comercio;papeleria;robledo;2;4;2018-04-06;1000000;microempresarial
femenino;servicio;tienda;robledo;3;4;2016-11-19;6000000;microempresarial
femenino;servicio;peluqueria;robledo;3;4;2017-07-31;7300000;microempresarial
femenino;industria;fabrica de;robledo;3;4;2016-04-05;6500000;microempresarial
femenino;comercio;fabrica de;robledo;3;4;2017-05-19;5000000;microempresarial
femenino;comercio;almacen de ropa en;robledo;3;4;2017-01-23;7377000;microempresarial
femenino;servicio;mantenimiento en;robledo;3;4;2016-04-14;2000000;microempresarial
femenino;servicio;tienda;robledo;2;4;2016-07-27;5000000;microempresarial
femenino;servicio;cafeteria;robledo;1;4;2018-03-08;1200000;microempresarial
masculino;comercio;variedades;robledo;1;4;2018-09-14;3000000;microempresarial
femenino;servicio;barberia;robledo;1;4;2017-06-06;4700000;microempresarial
femenino;comercio;distribuidora de;robledo;2;4;2018-08-13;4500000;microempresarial
femenino;comercio;bares;robledo;2;4;2016-09-16;2500000;microempresarial
femenino;comercio;fabrica de calzado;robledo;3;4;2018-11-19;7800000;microempresarial
masculino;comercio;comidas rapidas;robledo;3;4;2018-12-20;6000000;microempresarial
femenino;servicio;fabrica de;robledo;2;4;2016-06-23;3000000;microempresarial
femenino;industria;variedades;robledo;3;4;2018-08-29;4000000;microempresarial
masculino;servicio;peluqueria;robledo;3;4;2017-04-28;7300000;microempresarial
masculino;servicio;venta de repuestos;robledo;2;4;2016-11-08;6890000;microempresarial
femenino;servicio;peluqueria;robledo;3;4;2018-11-07;7800000;microempresarial
femenino;comercio;comidas rapidas;robledo;2;4;2017-03-13;7200000;microempresarial
femenino;industria;fabrica de;robledo;2;4;2017-02-17;4000000;microempresarial
femenino;servicio;publicidad y;robledo;2;4;2017-05-24;7300000;microempresarial
femenino;comercio;comidas rapidas;robledo;3;4;2017-05-05;3000000;microempresarial
femenino;comercio;variedades;robledo;2;4;2018-11-27;3000000;microempresarial
femenino;servicio;peluqueria;robledo;2;4;2016-04-22;5000000;microempresarial
masculino;servicio;productos de belleza;robledo;2;4;2018-10-29;7800000;microempresarial
masculino;comercio;fabrica de helados;robledo;3;4;2018-10-11;5000000;microempresarial
femenino;comercio;variedades;robledo;2;4;2018-07-27;5000000;microempresarial
femenino;servicio;peluqueria;robledo;2;4;2018-09-14;7812000;microempresarial
masculino;industria;fabrica de calzado;robledo;2;4;2017-07-28;7377000;microempresarial
femenino;comercio;almacen de ropa en;robledo;3;4;2017-03-09;7377000;microempresarial
femenino;industria;fabrica de calzado;robledo;3;4;2016-12-14;4000000;microempresarial
masculino;servicio;variedades;robledo;2;4;2018-01-17;7300000;microempresarial
masculino;servicio;fabrica de;robledo;3;4;2016-06-20;6890000;microempresarial
masculino;comercio;comidas rapidas;robledo;1;4;2018-10-24;1500000;microempresarial
masculino;industria;fabrica de;robledo;3;4;2017-02-10;6500000;microempresarial
femenino;servicio;peluqueria;robledo;2;4;2017-05-25;6000000;microempresarial
masculino;servicio;recreativo educativo;robledo;3;4;2017-11-02;7377000;microempresarial
femenino;comercio;tienda;robledo;2;4;2017-08-16;7300000;microempresarial
masculino;servicio;cafe e internet;robledo;1;4;2016-09-27;6890000;microempresarial
femenino;industria;fabrica de;robledo;3;4;2017-02-22;7000000;microempresarial
femenino;servicio;panaderia;robledo;1;4;2017-02-17;7377000;microempresarial
masculino;comercio;fabrica de alimentos;robledo;3;4;2018-02-08;7812000;microempresarial
masculino;comercio;taller de mecanica;robledo;3;4;2017-03-28;7000000;microempresarial
femenino;industria;fabrica de;robledo;3;4;2018-05-31;7800000;microempresarial
femenino;comercio;tienda;robledo;1;4;2019-05-16;4000000;microempresarial
masculino;comercio;fabrica de;robledo;3;4;2018-02-07;7000000;microempresarial
masculino;comercio;variedades;robledo;2;4;2017-08-25;7000000;microempresarial
masculino;comercio;variedades;robledo;2;4;2018-10-30;1000000;microempresarial
masculino;comercio;charcuteria;robledo;2;4;2018-06-21;5000000;microempresarial
femenino;comercio;almacen de ropa en;robledo;3;4;2017-04-04;7377000;microempresarial
masculino;comercio;variedades;robledo;3;4;2018-08-10;7000000;microempresarial
masculino;comercio;variedades;robledo;2;3;2018-10-30;7800000;microempresarial
femenino;servicio;restaurante;robledo;3;4;2017-04-18;4000000;microempresarial
masculino;servicio;peluqueria;robledo;3;4;2017-03-03;6000000;microempresarial
femenino;industria;fabrica de;robledo;2;4;2018-01-12;4500000;microempresarial
masculino;comercio;papeleria;robledo;3;4;2016-02-10;4980000;microempresarial
femenino;industria;fabrica de;robledo;3;4;2017-01-11;2000000;microempresarial
masculino;comercio;tienda;robledo;3;4;2019-04-24;17000000;microempresarial
femenino;industria;fabrica de;robledo;3;4;2019-05-16;5000000;microempresarial
femenino;comercio;tienda;robledo;2;4;2017-02-07;6900000;microempresarial
femenino;industria;fabrica de;robledo;3;4;2018-06-18;7800000;microempresarial
masculino;industria;fabrica de;robledo;3;4;2017-01-13;4000000;microempresarial
femenino;comercio;comidas rapidas;robledo;1;4;2017-06-23;2000000;microempresarial
masculino;comercio;comidas rapidas;robledo;3;4;2017-11-15;7000000;microempresarial
femenino;comercio;tienda;robledo;2;4;2019-02-01;4500000;microempresarial
femenino;industria;fabrica de;robledo;2;4;2018-01-26;4500000;microempresarial
femenino;comercio;papeleria;robledo;2;4;2017-08-11;7300000;microempresarial
femenino;comercio;almacen de ropa en;robledo;3;4;2017-10-18;7000000;microempresarial
femenino;comercio;cafeteria;robledo;2;4;2018-12-05;7800000;microempresarial
femenino;industria;fabrica de;robledo;3;4;2018-06-28;3000000;microempresarial
femenino;comercio;panaderia;robledo;3;4;2018-07-30;5000000;microempresarial
femenino;comercio;charcuteria;robledo;3;4;2018-04-18;3500000;microempresarial
femenino;servicio;restaurante;robledo;3;4;2016-12-01;4000000;microempresarial
femenino;industria;fabrica de;robledo;2;4;2016-03-10;6000000;microempresarial
masculino;comercio;almacen de ropa en;robledo;3;4;2019-01-23;8200000;microempresarial
masculino;industria;fabrica de;robledo;3;4;2017-08-04;5000000;microempresarial
femenino;comercio;productos de belleza;robledo;2;4;2019-03-13;8000000;microempresarial
masculino;comercio;variedades;robledo;2;4;2017-12-13;5000000;microempresarial
femenino;industria;fabrica de;robledo;1;4;2018-06-15;7800000;microempresarial
masculino;comercio;distribuidora de;robledo;3;4;2018-08-13;7812000;microempresarial
femenino;servicio;peluqueria;robledo;3;4;2018-04-24;2000000;microempresarial
masculino;comercio;comidas rapidas;robledo;3;4;2018-04-26;4000000;microempresarial
femenino;industria;fabrica de;robledo;1;4;2016-11-15;5000000;microempresarial
femenino;industria;fabrica de;robledo;3;4;2017-10-24;5500000;microempresarial
femenino;comercio;drogueria;robledo;3;4;2017-04-21;7000000;microempresarial
femenino;industria;fabrica de;robledo;2;4;2016-05-17;6000000;microempresarial
masculino;comercio;comidas rapidas;robledo;2;4;2017-04-28;7370000;microempresarial
femenino;industria;fabrica de;robledo;1;4;2016-09-19;6890000;microempresarial
femenino;servicio;peluqueria;robledo;2;4;2017-09-13;7000000;microempresarial
masculino;servicio;comidas rapidas;robledo;3;4;2017-06-21;5000000;microempresarial
femenino;industria;fabrica de;robledo;2;4;2018-03-06;5000000;microempresarial
femenino;comercio;almacen de ropa en;robledo;3;4;2018-04-06;7000000;microempresarial
masculino;comercio;variedades;robledo;2;4;2016-04-22;6890000;microempresarial
femenino;comercio;variedades;robledo;2;4;2016-08-10;5000000;microempresarial
masculino;comercio;panaderia;robledo;3;4;2017-02-03;7370000;microempresarial
masculino;comercio;distribuidora de;robledo;2;4;2016-08-01;5000000;microempresarial
femenino;comercio;restaurante;robledo;3;4;2017-05-09;5500000;microempresarial
femenino;industria;fabrica de calzado;robledo;3;4;2016-12-20;6890000;microempresarial
masculino;industria;fabrica de;robledo;3;4;2018-08-01;7000000;microempresarial
femenino;comercio;comidas rapidas;robledo;3;4;2018-02-22;3000000;microempresarial
femenino;industria;variedades;robledo;3;4;2017-03-13;7300000;microempresarial
femenino;servicio;peluqueria;robledo;3;4;2017-09-28;7000000;microempresarial
femenino;industria;fabrica de;robledo;3;4;2018-08-06;7800000;microempresarial
femenino;industria;fabrica de;robledo;3;4;2017-08-02;3000000;microempresarial
femenino;industria;fabrica de;robledo;2;4;2017-12-18;7300000;microempresarial
femenino;servicio;peluqueria;robledo;3;4;2017-03-27;3500000;microempresarial
masculino;comercio;restaurante;robledo;2;4;2018-06-27;1500000;microempresarial
masculino;servicio;recreativo educativo;robledo;3;4;2019-03-18;7377000;microempresarial
femenino;industria;variedades;robledo;1;4;2018-07-03;7800000;microempresarial
femenino;comercio;tienda;robledo;3;4;2016-02-17;5000000;microempresarial
masculino;servicio;variedades;robledo;3;4;2017-12-22;4400000;microempresarial
femenino;comercio;variedades;robledo;2;4;2018-04-30;6000000;microempresarial
masculino;servicio;barberia;robledo;2;4;2019-03-12;8281000;microempresarial
femenino;industria;panaderia;robledo;2;4;2018-06-21;1500000;microempresarial
femenino;comercio;productos de mar;robledo;2;4;2016-08-16;6800000;microempresarial
femenino;industria;fabrica de;robledo;3;4;2017-12-13;4000000;microempresarial
femenino;comercio;variedades;robledo;1;4;2017-08-22;7000000;microempresarial
femenino;comercio;variedades;robledo;3;4;2017-11-15;5000000;microempresarial
masculino;comercio;variedades;robledo;2;4;2018-04-19;3000000;microempresarial
femenino;comercio;fabrica de alimentos;robledo;3;4;2017-10-12;5000000;microempresarial
masculino;industria;fabrica de;robledo;3;4;2018-04-24;4000000;microempresarial
femenino;comercio;variedades;robledo;3;4;2018-02-23;3000000;microempresarial
femenino;industria;fabrica de;robledo;1;4;2017-01-23;7000000;microempresarial
femenino;servicio;comidas rapidas;robledo;2;4;2016-04-12;4136000;microempresarial
masculino;comercio;variedades;robledo;2;4;2016-08-25;2000000;microempresarial
femenino;servicio;variedades;robledo;2;4;2017-08-18;7300000;microempresarial
femenino;comercio;variedades;robledo;3;4;2016-09-19;3000000;microempresarial
masculino;servicio;recreativo educativo;robledo;3;4;2016-03-08;6890000;microempresarial
femenino;comercio;almacen de ropa en;robledo;3;4;2019-02-15;5250000;microempresarial
masculino;comercio;variedades;robledo;2;4;2017-09-28;4000000;microempresarial
femenino;comercio;tienda;robledo;2;4;2019-03-01;8281000;microempresarial
femenino;industria;fabrica de;robledo;1;4;2016-11-28;6890000;microempresarial
femenino;comercio;almacen de ropa en;robledo;3;4;2017-09-04;3000000;microempresarial
masculino;comercio;bares;robledo;2;4;2017-01-26;7377000;microempresarial
masculino;industria;almacen de ropa en;robledo;3;4;2018-05-02;7800000;microempresarial
femenino;servicio;peluqueria;robledo;3;4;2018-11-06;7800000;microempresarial
femenino;servicio;variedades;robledo;2;4;2017-06-07;7377000;microempresarial
femenino;comercio;variedades;robledo;2;4;2018-03-09;7800000;microempresarial
masculino;comercio;variedades;robledo;2;4;2018-06-13;7500000;microempresarial
femenino;comercio;almacen de ropa en;robledo;3;4;2017-06-22;6000000;microempresarial
masculino;comercio;comidas rapidas;robledo;2;4;2018-04-27;2000000;microempresarial
femenino;servicio;peluqueria;robledo;1;4;2018-06-06;3000000;microempresarial
femenino;comercio;productos de belleza;robledo;3;4;2018-07-19;7800000;microempresarial
femenino;comercio;peluqueria;robledo;2;4;2016-12-28;4000000;microempresarial
masculino;industria;fabrica de;robledo;3;4;2018-07-10;7800000;microempresarial
femenino;comercio;fabrica de;robledo;2;4;2017-03-27;3000000;microempresarial
masculino;comercio;ferreteria;robledo;3;4;2016-08-25;5000000;microempresarial
femenino;comercio;taller de mecanica;robledo;2;4;2018-01-17;7800000;microempresarial
femenino;comercio;variedades;robledo;3;4;2018-10-03;7000000;microempresarial
femenino;industria;fabrica de;robledo;2;13;2016-12-01;3000000;microempresarial
masculino;comercio;variedades;robledo;1;4;2018-05-23;5250000;microempresarial
femenino;industria;fabrica de;robledo;3;4;2017-02-15;3000000;microempresarial
femenino;servicio;peluqueria;robledo;2;4;2018-03-09;5000000;microempresarial
femenino;comercio;variedades;robledo;2;4;2018-03-13;1200000;microempresarial
masculino;industria;panaderia;robledo;2;4;2018-04-17;7800000;microempresarial
femenino;servicio;peluqueria;robledo;3;4;2018-06-14;7800000;microempresarial
femenino;comercio;comidas rapidas;robledo;2;4;2018-04-09;4500000;microempresarial
femenino;industria;fabrica de;robledo;2;4;2018-01-24;7000000;microempresarial
femenino;industria;fabrica de;robledo;2;4;2019-02-28;8000000;microempresarial
masculino;servicio;barberia;robledo;3;4;2018-05-24;7000000;microempresarial
masculino;servicio;barberia;robledo;2;4;2016-10-25;6890000;microempresarial
femenino;comercio;variedades;robledo;3;4;2017-07-14;7000000;microempresarial
masculino;servicio;peluqueria;robledo;3;4;2016-10-11;6890000;microempresarial
masculino;industria;fabrica de;robledo;3;4;2018-05-07;5700000;microempresarial
femenino;comercio;tienda;robledo;3;4;2018-10-26;2500000;microempresarial
femenino;comercio;comidas rapidas;robledo;3;4;2017-10-31;7377000;microempresarial
femenino;industria;panaderia;robledo;3;4;2017-10-02;3000000;microempresarial
masculino;servicio;comidas rapidas;robledo;2;4;2017-09-19;7300000;microempresarial
masculino;servicio;miscelanea;robledo;2;4;2016-06-02;6890000;microempresarial
masculino;comercio;comidas rapidas;robledo;3;4;2016-04-21;6890000;microempresarial
masculino;servicio;charcuteria;robledo;1;4;2016-07-27;1200000;microempresarial
femenino;comercio;fabrica de colchones;robledo;3;4;2017-06-21;7377000;microempresarial
femenino;servicio;peluqueria;robledo;2;4;2016-11-17;6800000;microempresarial
femenino;comercio;peluqueria;robledo;2;4;2018-06-27;7800000;microempresarial
femenino;comercio;variedades;robledo;3;4;2018-04-10;7500000;microempresarial
femenino;servicio;comidas rapidas;robledo;2;4;2018-11-30;4000000;microempresarial
masculino;comercio;marroquineria;robledo;2;4;2018-06-15;5000000;microempresarial
masculino;comercio;almacen de ropa en;robledo;2;4;2018-01-26;6000000;microempresarial
masculino;comercio;montallantas;robledo;2;4;2017-08-18;7377000;microempresarial
masculino;industria;fabrica de repuestos;robledo;2;4;2018-02-12;3000000;microempresarial
femenino;comercio;almacen de ropa en;robledo;2;4;2016-10-25;6000000;microempresarial
femenino;comercio;tienda;robledo;2;4;2017-10-31;7377000;microempresarial
femenino;industria;fabrica de;robledo;2;4;2017-12-18;5000000;microempresarial
masculino;servicio;servicios;robledo;2;4;2018-10-03;7812000;microempresarial
masculino;industria;fabrica de;robledo;1;4;2017-06-06;2000000;microempresarial
femenino;comercio;almacen de ropa en;robledo;2;4;2016-07-13;6890000;microempresarial
masculino;servicio;recreativo educativo;robledo;3;4;2016-08-05;6000000;microempresarial
femenino;comercio;comidas rapidas;robledo;2;4;2018-02-13;1500000;microempresarial
femenino;comercio;almacen de ropa en;robledo;3;4;2017-02-20;7000000;microempresarial
masculino;servicio;fotografia;robledo;3;4;2019-06-06;2000000;microempresarial
femenino;servicio;publicidad y;robledo;2;4;2017-11-17;7377000;microempresarial
masculino;industria;fabrica de;robledo;2;4;2016-05-26;6500000;microempresarial
masculino;servicio;barberia;robledo;2;4;2019-02-20;4500000;microempresarial
femenino;servicio;peluqueria;robledo;3;4;2017-09-01;7000000;microempresarial
femenino;industria;venta de calzado;robledo;2;4;2017-04-03;7000000;microempresarial
masculino;comercio;fabrica de;robledo;3;4;2019-06-06;6000000;microempresarial
masculino;servicio;barberia;robledo;2;4;2019-05-28;1200000;microempresarial
femenino;comercio;papeleria;robledo;1;4;2018-08-23;7000000;microempresarial
femenino;comercio;restaurante;robledo;3;4;2017-04-17;6000000;microempresarial
masculino;industria;fabrica de;robledo;1;4;2018-07-04;6000000;microempresarial
femenino;comercio;variedades;robledo;2;4;2019-01-09;2000000;microempresarial
femenino;industria;fabrica de;robledo;3;4;2018-05-18;5500000;microempresarial
femenino;comercio;almacen de ropa en;robledo;3;4;2018-11-14;7500000;microempresarial
masculino;comercio;mantenimiento en;robledo;2;4;2018-10-03;3000000;microempresarial
femenino;servicio;peluqueria;robledo;1;4;2017-02-16;6000000;microempresarial
femenino;comercio;almacen de ropa en;robledo;3;4;2018-05-31;7812000;microempresarial
masculino;comercio;tienda;robledo;3;4;2018-04-09;7800000;microempresarial
femenino;comercio;almacen de ropa en;robledo;2;4;2017-11-24;7000000;microempresarial
femenino;servicio;criadero de animales;robledo;1;4;2017-07-26;7000000;microempresarial
masculino;comercio;variedades;robledo;3;4;2017-10-03;6000000;microempresarial
femenino;comercio;almacen de ropa en;robledo;3;4;2016-02-26;6890000;microempresarial
masculino;comercio;comidas rapidas;robledo;3;4;2018-03-02;7000000;microempresarial
femenino;servicio;publicidad y;robledo;3;4;2017-10-13;6000000;microempresarial
femenino;comercio;almacen de ropa en;robledo;3;4;2018-05-02;7000000;microempresarial
femenino;comercio;comidas rapidas;robledo;3;4;2017-11-24;5000000;microempresarial
femenino;industria;fabrica de helados;robledo;3;4;2017-02-22;7377000;microempresarial
femenino;industria;fabrica de;robledo;2;4;2017-01-19;7000000;microempresarial
masculino;servicio;tienda;robledo;2;4;2017-09-21;4400000;microempresarial
femenino;comercio;ferreteria;robledo;2;4;2018-07-03;5000000;microempresarial
femenino;industria;fabrica de;robledo;3;4;2018-07-09;6000000;microempresarial
femenino;servicio;fabrica de;robledo;3;16;2019-04-03;7500000;microempresarial
femenino;comercio;variedades;robledo;1;4;2016-03-29;2500000;microempresarial
masculino;comercio;variedades;robledo;2;4;2017-07-14;5000000;microempresarial
femenino;comercio;tienda;robledo;3;4;2017-03-03;7377000;microempresarial
masculino;comercio;cafeteria;robledo;2;4;2018-02-01;7300000;microempresarial
masculino;comercio;fabrica de calzado;robledo;2;4;2018-07-27;4000000;microempresarial
femenino;comercio;cafeteria;robledo;2;4;2017-03-07;7300000;microempresarial
masculino;comercio;comidas rapidas;robledo;2;4;2017-06-16;7377000;microempresarial
masculino;comercio;cafeteria;robledo;3;4;2018-01-26;5000000;microempresarial
masculino;servicio;legumbreria;robledo;2;4;2017-11-15;7377000;microempresarial
femenino;comercio;papeleria;robledo;2;4;2019-02-15;8281000;microempresarial
femenino;industria;fabrica de;robledo;1;4;2017-09-22;5000000;microempresarial
femenino;servicio;taller de mecanica;robledo;2;4;2017-03-10;7300000;microempresarial
masculino;comercio;tienda;robledo;3;4;2017-08-23;7370000;microempresarial
masculino;servicio;barberia;robledo;2;4;2017-09-05;7377000;microempresarial
femenino;comercio;almacen de ropa en;robledo;3;4;2017-02-08;5000000;microempresarial
femenino;industria;fabrica de;robledo;1;4;2018-03-02;7800000;microempresarial
femenino;comercio;tienda;robledo;3;4;2018-04-20;7800000;microempresarial
masculino;comercio;reciclaje;robledo;1;9;2019-02-05;7500000;microempresarial
masculino;comercio;variedades;robledo;3;2;2017-06-20;7377000;microempresarial
masculino;comercio;cerrajeria;robledo;3;4;2016-10-19;600000;microempresarial
femenino;servicio;comidas rapidas;robledo;2;4;2017-09-20;5000000;microempresarial
masculino;industria;fabrica de;robledo;2;4;2018-08-29;7000000;microempresarial
masculino;servicio;fabrica de calzado;robledo;2;16;2017-05-09;7377000;microempresarial
femenino;industria;fabrica de;robledo;2;4;2019-01-18;6000000;microempresarial
femenino;industria;fabrica de;robledo;2;4;2017-11-22;3000000;microempresarial
femenino;comercio;cafeteria;robledo;1;4;2018-02-16;4000000;microempresarial
femenino;servicio;productos de belleza;robledo;2;4;2017-03-22;7370000;microempresarial
masculino;comercio;comidas rapidas;robledo;3;4;2016-11-24;3000000;microempresarial
femenino;servicio;variedades;robledo;1;4;2018-02-07;4000000;microempresarial
femenino;servicio;peluqueria;robledo;3;4;2018-05-29;1500000;microempresarial
femenino;comercio;cafeteria;robledo;2;4;2016-12-13;6890000;microempresarial
femenino;comercio;papeleria;robledo;1;4;2017-10-19;4000000;microempresarial
femenino;industria;fabrica de;robledo;2;4;2017-07-17;3500000;microempresarial
masculino;comercio;comidas rapidas;robledo;3;4;2018-04-25;3000000;microempresarial
masculino;servicio;hoteles moteles;robledo;3;4;2018-05-11;7800000;microempresarial
femenino;comercio;variedades;robledo;2;4;2019-02-06;7500000;microempresarial
femenino;servicio;comidas rapidas;robledo;3;4;2019-02-01;6000000;microempresarial
femenino;servicio;carpinteria;robledo;3;4;2017-05-30;7370000;microempresarial
femenino;servicio;peluqueria;robledo;2;4;2016-12-05;6890000;microempresarial
femenino;servicio;productos de belleza;robledo;3;4;2018-07-10;7800000;microempresarial
masculino;industria;fabrica de;robledo;1;4;2018-04-04;7800000;microempresarial
masculino;comercio;tienda de helados;robledo;3;4;2016-06-13;5000000;microempresarial
femenino;industria;marqueteria;robledo;3;4;2017-02-28;1700000;microempresarial
masculino;servicio;publicidad y;robledo;2;4;2017-08-02;7000000;microempresarial
masculino;industria;fabrica de;robledo;2;4;2017-02-23;7370000;microempresarial
masculino;industria;fabrica de;robledo;3;4;2016-02-24;6000000;microempresarial
femenino;comercio;comidas rapidas;robledo;2;4;2018-10-26;7800000;microempresarial
masculino;comercio;deposito de;robledo;2;4;2017-09-19;5000000;microempresarial
femenino;industria;fabrica de alimentos;robledo;3;4;2016-09-23;28267614;empresarial ed.
masculino;comercio;tienda;robledo;2;4;2018-04-19;7800000;microempresarial
masculino;industria;fabrica de;robledo;2;4;2018-06-21;7800000;microempresarial
femenino;comercio;variedades;robledo;3;4;2018-02-02;36;microempresarial
masculino;comercio;variedades;robledo;3;4;2016-12-14;6890000;microempresarial
masculino;servicio;mantenimiento en;robledo;3;4;2018-02-09;5000000;microempresarial
femenino;comercio;tienda de helados;robledo;2;4;2019-05-06;6000000;microempresarial
femenino;servicio;peluqueria;robledo;3;4;2018-09-18;7000000;microempresarial
femenino;comercio;distribuidora de;robledo;3;4;2018-08-15;1500000;microempresarial
femenino;comercio;tienda;robledo;3;4;2017-09-05;3000000;microempresarial
masculino;industria;ebanistaria;robledo;1;4;2017-10-20;7370000;microempresarial
masculino;comercio;variedades;robledo;2;4;2018-05-23;4500000;microempresarial
femenino;servicio;peluqueria;robledo;2;4;2018-07-25;3500000;microempresarial
femenino;comercio;variedades;robledo;2;4;2018-04-10;7800000;microempresarial
masculino;servicio;lavanderia;robledo;2;4;2019-06-13;8200000;microempresarial
femenino;comercio;comidas rapidas;robledo;3;4;2017-06-13;4000000;microempresarial
femenino;comercio;tienda;robledo;2;4;2016-09-09;1500000;microempresarial
femenino;servicio;comidas rapidas;robledo;2;4;2017-05-26;7300000;microempresarial
femenino;industria;fabrica de;robledo;1;4;2017-11-23;4500000;microempresarial
femenino;industria;fabrica de;robledo;2;4;2016-05-24;5000000;microempresarial
femenino;comercio;tienda;robledo;2;4;2018-05-09;7800000;microempresarial
masculino;comercio;venta de calzado;robledo;3;4;2016-10-21;4000000;microempresarial
femenino;industria;fabrica de;robledo;1;4;2017-10-26;7000000;microempresarial
femenino;servicio;productos de belleza;robledo;3;4;2017-06-06;6000000;microempresarial
masculino;comercio;tienda;robledo;3;4;2017-07-24;7300000;microempresarial
femenino;comercio;tienda;robledo;3;4;2017-09-07;7377000;microempresarial
masculino;comercio;comidas rapidas;robledo;2;4;2017-03-03;4000000;microempresarial
masculino;comercio;tienda;robledo;1;4;2017-09-04;3000000;microempresarial
masculino;comercio;comidas rapidas;robledo;2;4;2018-02-23;1000000;microempresarial
masculino;comercio;tienda de helados;robledo;2;4;2017-05-16;6000000;microempresarial
femenino;servicio;restaurante;robledo;2;4;2017-09-25;7370000;microempresarial
masculino;comercio;almacen de ropa en;robledo;1;4;2017-02-06;7370000;microempresarial
femenino;industria;fabrica de;robledo;3;4;2016-11-03;6890000;microempresarial
femenino;comercio;variedades;robledo;2;4;2016-08-25;3000000;microempresarial
femenino;comercio;variedades;robledo;3;4;2019-03-11;8281000;microempresarial
femenino;comercio;variedades;robledo;2;4;2017-05-09;4000000;microempresarial
masculino;industria;carpinteria;robledo;3;4;2017-05-08;7377000;microempresarial
femenino;industria;fabrica de;robledo;3;4;2018-03-06;5000000;microempresarial
masculino;comercio;variedades;robledo;3;4;2016-03-11;6890000;microempresarial
femenino;comercio;fabrica de calzado;robledo;2;4;2019-06-12;3500000;microempresarial
femenino;comercio;comidas rapidas;robledo;3;4;2018-11-01;7800000;microempresarial
femenino;industria;fabrica de;robledo;2;4;2017-07-17;5000000;microempresarial
femenino;comercio;comidas rapidas;robledo;2;4;2018-06-12;2000000;microempresarial
femenino;industria;variedades;robledo;3;4;2018-05-04;7800000;microempresarial
masculino;servicio;recreativo educativo;robledo;3;4;2017-05-17;7377000;microempresarial
femenino;servicio;peluqueria;robledo;3;4;2017-02-14;6000000;microempresarial
femenino;comercio;variedades;robledo;2;4;2017-06-06;6000000;microempresarial
masculino;comercio;comidas rapidas;robledo;3;4;2018-10-26;7800000;microempresarial
masculino;comercio;comidas rapidas;robledo;2;4;2018-05-10;1500000;microempresarial
femenino;industria;fabrica de;robledo;2;4;2018-10-03;2000000;microempresarial
femenino;comercio;almacen de ropa en;robledo;2;4;2018-08-13;7812242;microempresarial
masculino;servicio;lavanderia;robledo;3;4;2017-12-21;5700000;microempresarial
femenino;servicio;recreativo educativo;robledo;2;4;2017-09-12;7300000;microempresarial
femenino;comercio;tienda;robledo;2;4;2018-04-20;7800000;microempresarial
femenino;industria;variedades;robledo;3;4;2018-10-11;3000000;microempresarial
femenino;comercio;comidas rapidas;robledo;2;4;2016-08-30;3000000;microempresarial
masculino;comercio;fabrica de;robledo;3;4;2017-11-01;1500000;microempresarial
masculino;comercio;granero;robledo;2;4;2017-08-11;7300000;microempresarial
femenino;industria;fabrica de;robledo;3;4;2018-05-23;6000000;microempresarial
femenino;comercio;variedades;robledo;1;4;2018-02-15;5000000;microempresarial
femenino;servicio;peluqueria;robledo;3;4;2017-09-14;5000000;microempresarial
femenino;industria;fabrica de;robledo;2;4;2017-06-23;7377000;microempresarial
femenino;industria;fabrica de;robledo;3;4;2018-04-10;3000000;microempresarial
femenino;servicio;barberia;robledo;3;4;2018-05-04;7800000;microempresarial
femenino;comercio;variedades;robledo;2;4;2018-07-16;3000000;microempresarial
masculino;comercio;cafeteria;robledo;3;4;2018-02-02;6000000;microempresarial
femenino;comercio;peluqueria;robledo;2;4;2018-07-09;5000000;microempresarial
femenino;industria;fabrica de;robledo;2;4;2018-03-22;3400000;microempresarial
femenino;comercio;charcuteria;robledo;3;4;2016-09-01;6000000;microempresarial
femenino;industria;fabrica de;robledo;3;4;2018-11-01;3000000;microempresarial
masculino;comercio;fabrica de arepas;robledo;1;4;2018-10-24;3300000;microempresarial
femenino;industria;fabrica de velas;robledo;3;4;2016-05-20;1500000;microempresarial
femenino;comercio;distribuidora de;robledo;3;4;2017-06-30;7300000;microempresarial
femenino;comercio;tienda;robledo;2;4;2018-08-09;7000000;microempresarial
femenino;comercio;almacen de ropa en;robledo;3;4;2017-07-25;5000000;microempresarial
femenino;servicio;peluqueria;robledo;2;4;2018-09-24;7800000;microempresarial
masculino;servicio;barberia;robledo;2;4;2018-07-12;4500000;microempresarial
femenino;comercio;cafe e internet;robledo;1;4;2016-11-25;6890000;microempresarial
masculino;industria;fabrica de;robledo;3;4;2017-01-20;7370000;microempresarial
femenino;industria;carpinteria;robledo;2;4;2018-05-15;7800000;microempresarial
masculino;comercio;variedades;robledo;3;4;2017-08-22;7370000;microempresarial
femenino;servicio;recreativo educativo;robledo;2;4;2017-11-10;1405000;microempresarial
masculino;servicio;comidas rapidas;robledo;3;4;2016-05-20;6890000;microempresarial
masculino;industria;joyeria;robledo;3;4;2016-03-17;3000000;microempresarial
masculino;industria;fabrica de;robledo;2;4;2016-12-19;6890000;microempresarial
femenino;comercio;variedades;robledo;1;4;2016-06-20;4000000;microempresarial
masculino;comercio;variedades;robledo;2;4;2016-12-07;5000000;microempresarial
masculino;comercio;productos de belleza;robledo;2;4;2018-06-14;3000000;microempresarial
masculino;comercio;variedades;robledo;2;4;2017-06-14;6000000;microempresarial
masculino;industria;fabrica de traperos;robledo;3;4;2016-02-24;2000000;microempresarial
femenino;servicio;peluqueria;robledo;3;4;2018-04-09;7800000;microempresarial
masculino;comercio;comidas rapidas;robledo;3;4;2018-07-27;7800000;microempresarial
femenino;servicio;peluqueria;robledo;3;4;2019-05-07;6000000;microempresarial
femenino;comercio;variedades;robledo;2;4;2016-04-13;4000000;microempresarial
femenino;industria;fabrica de;robledo;2;4;2018-10-29;6000000;microempresarial
masculino;comercio;tienda de helados;robledo;2;4;2019-06-20;2000000;credioportuno
femenino;comercio;comidas rapidas;robledo;3;4;2018-07-09;7800000;microempresarial
femenino;industria;fabrica de;robledo;2;4;2018-10-31;3000000;microempresarial
femenino;comercio;almacen de ropa en;robledo;1;4;2017-09-25;7300000;microempresarial
masculino;comercio;almacen de ropa en;robledo;2;4;2017-03-06;4000000;microempresarial
femenino;industria;fabrica de arepas;robledo;2;4;2016-03-04;4000000;microempresarial
femenino;comercio;tienda;robledo;2;4;2017-08-03;7300000;microempresarial
masculino;industria;fabrica de;robledo;3;4;2016-10-24;6500000;microempresarial
femenino;comercio;miscelanea;robledo;2;4;2018-10-03;7800000;microempresarial
femenino;comercio;comidas rapidas;robledo;2;7;2016-12-16;4000000;microempresarial
femenino;comercio;comidas rapidas;robledo;2;7;2018-03-23;1000000;microempresarial
femenino;servicio;papeleria;robledo;2;7;2019-03-22;4000000;microempresarial
femenino;comercio;tienda;robledo;2;7;2017-03-15;7300000;microempresarial
femenino;servicio;tienda;robledo;2;7;2016-11-10;6894000;microempresarial
femenino;comercio;bares;robledo;2;7;2019-03-01;2500000;microempresarial
femenino;industria;fabrica de;robledo;2;7;2017-05-22;1500000;microempresarial
masculino;industria;fabrica de;robledo;2;7;2017-06-16;5000000;microempresarial
femenino;comercio;papeleria;robledo;2;7;2018-07-27;5000000;microempresarial
femenino;comercio;almacen de ropa en;robledo;2;7;2016-10-07;6800000;microempresarial
femenino;industria;fabrica de;robledo;2;7;2016-07-12;6000000;microempresarial
masculino;comercio;comidas rapidas;robledo;1;9;2018-05-23;4000000;microempresarial
femenino;comercio;almacen de ropa en;robledo;3;9;2018-07-25;7000000;microempresarial
femenino;comercio;almacen de ropa en;robledo;1;9;2018-10-25;7000000;microempresarial
femenino;industria;fabrica de;robledo;2;9;2017-10-31;7377000;microempresarial
femenino;industria;comidas rapidas;robledo;1;9;2018-06-27;7500000;microempresarial
femenino;comercio;comidas rapidas;robledo;2;9;2017-07-25;5000000;microempresarial
masculino;comercio;variedades;robledo;1;9;2018-05-17;4000000;microempresarial
masculino;industria;fabrica de;robledo;1;9;2018-06-21;7000000;microempresarial
femenino;comercio;variedades;robledo;2;9;2018-11-13;6000000;microempresarial
femenino;comercio;tienda;robledo;1;9;2017-10-24;5000000;microempresarial
masculino;industria;fabrica de;robledo;2;9;2018-07-16;7000000;microempresarial
masculino;servicio;lavanderia;robledo;2;9;2018-04-13;7800000;microempresarial
masculino;comercio;fabrica de calzado;robledo;1;9;2018-12-04;7000000;microempresarial
femenino;industria;fabrica de;robledo;2;9;2017-05-03;2000000;microempresarial
femenino;comercio;variedades;robledo;1;9;2017-10-24;3000000;microempresarial
femenino;comercio;almacen de ropa en;robledo;1;9;2017-04-24;4000000;microempresarial
femenino;comercio;comidas rapidas;robledo;1;9;2018-07-27;1200000;microempresarial
masculino;comercio;bares;robledo;2;9;2018-01-30;7800000;microempresarial
femenino;comercio;tienda;robledo;2;9;2017-10-27;7000000;microempresarial
femenino;comercio;fabrica de helados;robledo;2;9;2018-08-29;6000000;microempresarial
femenino;industria;fabrica de;robledo;2;9;2018-10-18;1400000;microempresarial
femenino;comercio;taller de electronica;robledo;1;9;2018-11-14;3000000;microempresarial
femenino;servicio;deposito de;robledo;2;9;2017-06-21;7000000;microempresarial
masculino;comercio;fabrica de;robledo;2;9;2017-01-23;5000000;microempresarial
femenino;servicio;cafeteria;robledo;2;9;2017-02-28;1500000;microempresarial
femenino;comercio;tienda;robledo;2;9;2016-12-07;6800000;microempresarial
femenino;servicio;comidas rapidas;robledo;2;9;2016-10-05;6890000;microempresarial
femenino;comercio;venta de calzado;robledo;2;9;2016-11-02;3000000;microempresarial
femenino;comercio;fabrica de;robledo;1;9;2018-04-25;1800000;microempresarial
masculino;comercio;comidas rapidas;robledo;1;9;2017-09-22;7370000;microempresarial
femenino;comercio;restaurante;robledo;3;9;2017-10-11;5000000;microempresarial
masculino;servicio;distribuidora de;robledo;1;9;2016-11-22;6000000;microempresarial
femenino;servicio;restaurante;robledo;1;9;2017-05-10;5000000;microempresarial
femenino;comercio;comidas rapidas;robledo;1;9;2019-01-18;4500000;microempresarial
femenino;comercio;fabrica de calzado;robledo;2;9;2017-02-27;4000000;microempresarial
femenino;comercio;deposito de;robledo;1;9;2018-08-10;5000000;microempresarial
femenino;comercio;granero;robledo;2;9;2019-01-23;8000000;microempresarial
femenino;comercio;licorera;robledo;2;9;2017-08-01;7377000;microempresarial
femenino;comercio;tienda;robledo;1;9;2016-02-24;6000000;microempresarial
femenino;servicio;cafe e internet;robledo;2;9;2019-01-25;7500000;microempresarial
masculino;industria;reciclaje;robledo;2;9;2016-12-13;6000000;microempresarial
femenino;industria;fabrica de;robledo;2;9;2017-10-05;7300000;microempresarial
femenino;comercio;venta de lacteos;robledo;2;9;2017-09-07;7370000;microempresarial
femenino;comercio;comidas rapidas;robledo;2;9;2017-07-12;7370000;microempresarial
femenino;comercio;fabrica de arepas;robledo;2;9;2019-03-20;4000000;microempresarial
femenino;comercio;restaurante;robledo;2;9;2016-09-22;6890000;microempresarial
femenino;comercio;almacen de ropa en;robledo;2;9;2017-09-27;7300000;microempresarial
femenino;comercio;tienda;robledo;1;9;2017-05-24;7300000;microempresarial
femenino;servicio;publicidad y;robledo;1;9;2017-04-26;7377000;microempresarial
masculino;comercio;tienda;robledo;2;9;2018-10-30;7000000;microempresarial
femenino;comercio;restaurante;robledo;2;9;2018-01-24;5000000;microempresarial
masculino;comercio;comidas rapidas;robledo;2;9;2017-11-29;7300000;microempresarial
femenino;industria;fabrica de;robledo;1;9;2017-07-24;4000000;microempresarial
masculino;servicio;mantenimiento en;robledo;3;9;2017-07-12;7377000;microempresarial
masculino;comercio;miscelanea;robledo;2;9;2016-11-10;6800000;microempresarial
femenino;comercio;comidas rapidas;robledo;2;9;2018-08-06;7800000;microempresarial
femenino;comercio;fabrica de alimentos;robledo;2;9;2018-07-17;7800000;microempresarial
masculino;industria;cerrajeria;robledo;1;9;2017-05-10;4000000;microempresarial
masculino;comercio;variedades;robledo;1;9;2018-11-26;7820000;microempresarial
femenino;comercio;tienda;robledo;2;9;2018-10-31;7000000;microempresarial
femenino;industria;fabrica de;robledo;2;9;2017-03-15;7000000;microempresarial
masculino;servicio;cerrajeria;robledo;1;9;2018-05-02;3000000;microempresarial
femenino;servicio;peluqueria;robledo;2;9;2018-11-06;7800000;microempresarial
femenino;comercio;tienda;robledo;1;9;2017-03-31;5000000;microempresarial
masculino;industria;fabrica de muebles;robledo;2;9;2017-09-21;4000000;microempresarial
masculino;servicio;barberia;robledo;2;9;2018-11-15;7800000;microempresarial
femenino;industria;fabrica de;robledo;1;9;2019-04-08;4500000;microempresarial
femenino;comercio;variedades;robledo;1;9;2017-02-14;4500000;microempresarial
femenino;industria;fabrica de;robledo;1;9;2019-03-14;7250000;microempresarial
femenino;comercio;tienda;robledo;2;9;2017-07-13;1500000;microempresarial
femenino;servicio;restaurante;robledo;1;9;2016-02-20;6890000;microempresarial
femenino;comercio;variedades;robledo;1;9;2016-05-04;6800000;microempresarial
femenino;industria;fabrica de;robledo;1;9;2017-05-31;6000000;microempresarial
femenino;industria;fabrica de;robledo;2;9;2018-03-02;7800000;microempresarial
femenino;comercio;almacen de ropa en;robledo;2;9;2017-03-22;5000000;microempresarial
masculino;comercio;variedades;robledo;1;9;2018-06-14;6000000;microempresarial
masculino;comercio;comidas rapidas;robledo;1;9;2016-11-10;3000000;microempresarial
femenino;comercio;taller de mecanica;robledo;2;9;2018-05-04;6000000;microempresarial
femenino;comercio;criadero de animales;robledo;2;9;2017-04-18;7000000;microempresarial
femenino;comercio;variedades;robledo;2;9;2017-06-05;4000000;microempresarial
masculino;comercio;almacen de ropa en;robledo;1;9;2018-08-14;5500000;microempresarial
femenino;comercio;variedades;robledo;2;9;2017-06-14;6500000;microempresarial
femenino;servicio;recreativo educativo;robledo;1;9;2017-10-30;6000000;microempresarial
femenino;industria;fabrica de;robledo;1;9;2017-09-19;7200000;microempresarial
femenino;comercio;tienda;robledo;2;9;2018-12-18;7800000;microempresarial
masculino;servicio;recreativo educativo;robledo;2;9;2018-11-14;7500000;microempresarial
femenino;industria;fabrica de;robledo;2;9;2017-07-04;4500000;microempresarial
femenino;comercio;comidas rapidas;robledo;2;9;2017-10-24;5000000;microempresarial
femenino;comercio;cafeteria;robledo;1;9;2018-02-02;7360000;microempresarial
femenino;industria;fabrica de calzado;robledo;2;9;2016-04-07;6700000;microempresarial
masculino;servicio;publicidad y;robledo;2;9;2017-05-18;7200000;microempresarial
masculino;industria;fabrica de;robledo;2;9;2017-08-18;7000000;microempresarial
masculino;industria;panaderia;robledo;1;9;2017-03-01;3000000;microempresarial
masculino;industria;carpinteria;robledo;3;9;2016-03-28;6890000;microempresarial
femenino;comercio;licorera;robledo;2;9;2016-09-07;6800000;microempresarial
femenino;comercio;tienda;robledo;1;9;2018-04-18;5000000;microempresarial
femenino;comercio;tienda;robledo;1;9;2017-11-09;2000000;microempresarial
femenino;industria;fabrica de;robledo;2;9;2018-10-25;5000000;microempresarial
masculino;servicio;mantenimiento en;robledo;1;9;2018-11-02;7800000;microempresarial
femenino;comercio;almacen de ropa en;robledo;2;9;2017-06-06;7300000;microempresarial
femenino;comercio;variedades;robledo;2;9;2017-04-07;1500000;microempresarial
femenino;servicio;miscelanea;robledo;2;9;2016-11-02;5000000;microempresarial
femenino;comercio;variedades;robledo;2;9;2018-05-31;7000000;microempresarial
masculino;comercio;restaurante;robledo;2;9;2018-02-26;7800000;microempresarial
femenino;industria;fabrica de;robledo;1;9;2018-08-02;7800000;microempresarial
femenino;comercio;restaurante;robledo;1;9;2017-03-30;6500000;microempresarial
femenino;industria;fabrica de;robledo;1;9;2018-08-31;6000000;microempresarial
femenino;comercio;restaurante;robledo;1;9;2018-10-25;7800000;microempresarial
femenino;industria;fabrica de;robledo;1;9;2018-10-03;7800000;microempresarial
masculino;servicio;taller de mecanica;robledo;2;9;2019-05-03;7500000;microempresarial
femenino;comercio;comidas rapidas;robledo;1;9;2017-03-28;5000000;microempresarial
femenino;comercio;variedades;robledo;1;9;2017-12-06;7300000;microempresarial
masculino;comercio;cerrajeria;robledo;1;9;2018-08-02;4000000;microempresarial
femenino;comercio;variedades;robledo;2;9;2018-10-16;7000000;microempresarial
femenino;industria;fabrica de;robledo;1;9;2017-10-18;6000000;microempresarial
femenino;comercio;variedades;robledo;1;9;2018-09-26;1600000;microempresarial
masculino;agropecuaria;comidas rapidas;robledo;2;9;2017-09-06;7300000;microempresarial
femenino;comercio;tienda;robledo;2;9;2018-09-04;2500000;microempresarial
femenino;industria;fabrica de;robledo;2;9;2017-10-17;6400000;microempresarial
masculino;comercio;licorera;robledo;2;9;2018-04-23;7800000;microempresarial
masculino;servicio;organización y;robledo;1;9;2018-10-11;7000000;microempresarial
femenino;comercio;criadero de animales;robledo;1;9;2017-10-06;73000000;microempresarial
femenino;industria;fabrica de calzado;robledo;2;9;2016-04-26;4000000;microempresarial
masculino;comercio;comidas rapidas;robledo;1;9;2018-10-03;7500000;microempresarial
masculino;comercio;comidas rapidas;robledo;3;9;2018-02-02;6500000;microempresarial
femenino;servicio;tienda;robledo;1;9;2016-12-05;6890000;microempresarial
masculino;comercio;tienda;robledo;2;9;2017-05-16;5000000;microempresarial
femenino;comercio;variedades;robledo;2;9;2018-03-08;15000000;microempresarial
femenino;comercio;variedades;robledo;2;9;2016-11-23;3500000;microempresarial
femenino;comercio;variedades;robledo;1;9;2017-07-06;7000000;microempresarial
femenino;servicio;peluqueria;robledo;1;9;2016-12-19;3000000;microempresarial
femenino;servicio;peluqueria;robledo;2;9;2018-04-23;4000000;microempresarial
femenino;comercio;granero;robledo;3;9;2016-09-26;6000000;microempresarial
femenino;comercio;variedades;robledo;2;9;2017-10-31;4000000;credioportuno
femenino;comercio;distribuidora de;robledo;1;9;2018-12-18;2500000;microempresarial
masculino;comercio;variedades;robledo;3;9;2016-05-05;5000000;microempresarial
femenino;comercio;restaurante;robledo;1;9;2018-11-30;7800000;microempresarial
masculino;comercio;variedades;robledo;3;9;2018-04-17;7800000;microempresarial
femenino;comercio;comidas rapidas;robledo;2;9;2016-11-15;6890000;microempresarial
masculino;industria;fabrica de;robledo;2;9;2016-07-11;5500000;microempresarial
masculino;comercio;papeleria;robledo;2;9;2018-10-24;7800000;microempresarial
femenino;comercio;tienda;robledo;2;9;2018-10-26;4000000;microempresarial
femenino;comercio;miscelanea;robledo;1;9;2018-07-09;4000000;microempresarial
femenino;comercio;tienda;robledo;1;9;2017-09-11;2000000;microempresarial
masculino;servicio;variedades;robledo;2;9;2017-07-07;7377000;microempresarial
femenino;industria;fabrica de;robledo;3;9;2017-04-04;7300000;microempresarial
femenino;servicio;comidas rapidas;robledo;2;9;2016-05-20;6000000;microempresarial
femenino;servicio;peluqueria;robledo;2;9;2017-02-23;7000000;microempresarial
femenino;comercio;variedades;robledo;2;9;2017-09-04;7000000;microempresarial
masculino;comercio;variedades;robledo;2;9;2017-10-06;6000000;microempresarial
femenino;servicio;peluqueria;robledo;2;9;2018-04-24;7000000;microempresarial
femenino;comercio;variedades;robledo;2;9;2017-05-16;2000000;microempresarial
femenino;industria;fabrica de;robledo;2;9;2016-11-09;6890000;microempresarial
femenino;comercio;variedades;robledo;2;9;2017-07-28;7000000;microempresarial
femenino;comercio;tienda de helados;robledo;2;9;2017-09-14;5000000;microempresarial
masculino;servicio;tienda;robledo;3;9;2017-05-12;1500000;microempresarial
masculino;industria;fabrica de;robledo;2;9;2018-04-30;7800000;microempresarial
femenino;comercio;tienda;robledo;1;9;2018-05-28;7000000;microempresarial
masculino;servicio;peluqueria;robledo;2;9;2018-09-10;1500000;microempresarial
femenino;comercio;papeleria;robledo;1;9;2018-01-15;5000000;microempresarial
femenino;industria;fabrica de;robledo;2;9;2016-03-18;6443500;microempresarial
masculino;servicio;mantenimiento en;robledo;1;9;2018-05-17;7800000;microempresarial
masculino;servicio;productos de belleza;robledo;1;9;2017-02-08;7350000;microempresarial
femenino;servicio;peluqueria;robledo;2;9;2018-10-26;7800000;microempresarial
femenino;comercio;variedades;robledo;2;9;2018-01-29;7000000;microempresarial
masculino;servicio;fabrica de;robledo;2;9;2016-07-27;2000000;microempresarial
femenino;comercio;tienda;robledo;2;9;2018-10-26;2500000;microempresarial
femenino;comercio;variedades;robledo;2;9;2017-05-04;63000000;microempresarial
femenino;comercio;fabrica de;robledo;2;9;2017-02-22;5000000;microempresarial
masculino;comercio;distribuidora de;robledo;2;9;2018-06-14;7800000;microempresarial
femenino;industria;fabrica de calzado;robledo;1;9;2019-01-21;8000000;microempresarial
femenino;servicio;restaurante;robledo;1;9;2017-09-07;7000000;microempresarial
femenino;comercio;variedades;robledo;2;9;2016-04-01;5000000;microempresarial
masculino;comercio;comidas rapidas;robledo;1;9;2018-06-13;3000000;microempresarial
femenino;comercio;variedades;robledo;1;9;2017-10-23;1000000;microempresarial
femenino;comercio;tienda;robledo;1;9;2017-05-19;7377000;microempresarial
masculino;industria;variedades;robledo;2;9;2018-08-09;7800000;microempresarial
masculino;industria;fabrica de;robledo;2;9;2017-08-04;6000000;microempresarial
femenino;comercio;comidas rapidas;robledo;2;9;2018-05-25;4000000;microempresarial
masculino;servicio;barberia;robledo;2;9;2017-09-22;7377000;microempresarial
masculino;comercio;fabrica de;robledo;2;9;2018-06-01;4000000;microempresarial
femenino;comercio;tienda;robledo;1;9;2017-08-24;7000000;microempresarial
masculino;comercio;ferreteria;robledo;2;9;2016-11-10;3000000;microempresarial
femenino;comercio;comidas rapidas;robledo;2;9;2017-12-04;7300000;microempresarial
masculino;industria;almacen de ropa en;robledo;2;9;2019-04-08;8000000;microempresarial
femenino;industria;fabrica de;robledo;2;9;2016-09-21;5000000;microempresarial
masculino;comercio;carpinteria;robledo;1;9;2017-07-13;7370000;microempresarial
femenino;comercio;almacen de ropa en;robledo;2;9;2017-09-11;6000000;microempresarial
masculino;comercio;taller de mecanica;robledo;2;9;2018-07-06;7800000;microempresarial
masculino;servicio;peluqueria;robledo;1;9;2016-06-14;5000000;microempresarial
femenino;servicio;peluqueria;robledo;1;9;2017-11-08;7300000;microempresarial
femenino;comercio;variedades;robledo;2;9;2018-08-08;7800000;microempresarial
femenino;industria;fabrica de calzado;robledo;1;9;2016-07-26;3000000;microempresarial
masculino;comercio;almacen de ropa en;robledo;3;9;2018-02-06;7000000;microempresarial
femenino;comercio;tienda;robledo;2;9;2018-10-24;7000000;microempresarial
femenino;comercio;almacen de ropa en;robledo;2;9;2018-07-24;3000000;microempresarial
femenino;comercio;comidas rapidas;robledo;2;9;2019-05-03;7000000;microempresarial
femenino;comercio;variedades;robledo;2;9;2017-03-17;7377000;microempresarial
femenino;servicio;recreativo educativo;robledo;1;9;2018-05-28;7000000;microempresarial
femenino;industria;joyeria;robledo;2;9;2019-02-13;4000000;microempresarial
femenino;comercio;variedades;robledo;1;9;2017-03-16;7000000;microempresarial
femenino;comercio;fabrica de;robledo;2;9;2017-02-13;7000000;microempresarial
femenino;comercio;fabrica de;robledo;1;9;2016-04-13;5000000;microempresarial
femenino;comercio;carniceria;robledo;2;9;2017-03-21;7300000;microempresarial
femenino;servicio;peluqueria;robledo;1;9;2018-01-24;7000000;microempresarial
masculino;comercio;bares;robledo;2;9;2017-06-29;6000000;microempresarial
femenino;comercio;distribuidora de;robledo;2;9;2017-06-22;7000000;microempresarial
femenino;comercio;comidas rapidas;robledo;2;9;2018-05-21;5000000;microempresarial
femenino;servicio;venta de pollos;robledo;2;9;2017-05-11;4000000;microempresarial
femenino;comercio;variedades;robledo;2;9;2018-08-17;7800000;microempresarial
femenino;comercio;variedades;robledo;2;9;2018-09-27;4600000;microempresarial
femenino;comercio;almacen de ropa en;robledo;2;9;2018-04-17;6500000;microempresarial
femenino;comercio;comidas rapidas;robledo;2;9;2018-08-29;7800000;microempresarial
masculino;servicio;barberia;robledo;2;9;2016-09-27;6890000;microempresarial
masculino;comercio;almacen de ropa en;robledo;1;9;2018-07-25;5200000;microempresarial
masculino;comercio;almacen de ropa en;robledo;2;9;2018-10-25;5000000;microempresarial
masculino;comercio;variedades;robledo;2;9;2017-10-24;7300000;microempresarial
femenino;comercio;almacen de ropa en;robledo;3;9;2016-11-04;6000000;microempresarial
femenino;industria;fabrica de;robledo;2;9;2017-03-16;5000000;microempresarial
masculino;comercio;licorera;robledo;2;9;2018-10-24;7800000;microempresarial
femenino;comercio;tienda;robledo;2;9;2016-09-15;6890000;microempresarial
masculino;comercio;tienda;robledo;1;9;2017-06-21;7377000;microempresarial
masculino;comercio;mantenimiento en;robledo;2;9;2018-07-31;3000000;microempresarial
masculino;servicio;barberia;robledo;1;9;2018-02-01;5000000;microempresarial
femenino;servicio;peluqueria;robledo;3;9;2018-11-28;3000000;microempresarial
femenino;comercio;comidas rapidas;robledo;2;9;2017-05-19;7000000;microempresarial
femenino;comercio;restaurante;robledo;1;9;2017-03-22;4000000;microempresarial
femenino;servicio;peluqueria;robledo;1;9;2018-01-22;3000000;microempresarial
masculino;servicio;taller de mecanica;robledo;2;9;2017-05-22;5000000;microempresarial
femenino;comercio;almacen de ropa en;robledo;1;9;2018-04-26;7800000;microempresarial
femenino;comercio;comidas rapidas;robledo;1;9;2018-02-02;5000000;microempresarial
masculino;comercio;variedades;robledo;2;9;2017-02-15;7377000;microempresarial
femenino;servicio;variedades;robledo;3;14;2017-02-23;7370000;microempresarial
femenino;comercio;comidas rapidas;robledo;3;10;2018-05-03;4000000;microempresarial
masculino;comercio;variedades;robledo;3;10;2016-09-30;3000000;microempresarial
femenino;industria;comidas rapidas;robledo;3;12;2016-06-15;4000000;microempresarial
masculino;comercio;variedades;robledo;3;12;2016-03-29;6890000;microempresarial
femenino;comercio;variedades;robledo;3;9;2016-06-17;6890000;microempresarial
femenino;comercio;variedades;robledo;3;90;2018-01-05;4000000;microempresarial
femenino;servicio;peluqueria;robledo;3;5;2016-12-14;3000000;microempresarial
femenino;comercio;comidas rapidas;robledo;2;5;2017-02-23;5000000;microempresarial
masculino;industria;fabrica de muebles;robledo;3;5;2017-10-12;7372000;microempresarial
femenino;servicio;peluqueria;manrique central no. 1;3;5;2017-04-07;73770000;microempresarial
femenino;industria;carpinteria;manrique central no. 1;2;5;2019-01-25;7300000;microempresarial
femenino;servicio;peluqueria;manrique central no. 1;3;5;2018-01-11;7000000;microempresarial
femenino;comercio;tienda;manrique central no. 1;2;5;2019-02-06;7000000;microempresarial
masculino;comercio;variedades;manrique central no. 1;2;5;2018-05-07;7800000;microempresarial
femenino;servicio;tienda;manrique central no. 1;2;5;2019-02-27;6000000;microempresarial
femenino;comercio;restaurante;manrique central no. 1;3;5;2018-02-20;7000000;microempresarial
femenino;comercio;almacen de ropa en;manrique central no. 1;2;5;2018-06-08;3500000;microempresarial
femenino;servicio;peluqueria;manrique central no. 1;3;5;2017-04-18;7300000;microempresarial
femenino;servicio;comidas rapidas;manrique central no. 1;3;5;2016-05-18;5000000;microempresarial
femenino;comercio;tienda;manrique central no. 1;2;5;2018-03-15;4000000;microempresarial
femenino;comercio;tienda;manrique central no. 1;2;5;2017-10-12;5000000;microempresarial
femenino;comercio;comidas rapidas;manrique central no. 1;2;5;2018-06-21;5000000;microempresarial
femenino;servicio;comidas rapidas;manrique central no. 1;3;5;2016-09-26;5000000;microempresarial
femenino;comercio;tienda;manrique central no. 1;2;5;2016-10-21;4000000;microempresarial
masculino;comercio;almacen de ropa en;manrique central no. 1;3;5;2019-06-28;2200000;microempresarial
femenino;industria;fabrica de;manrique central no. 1;2;5;2016-11-01;6890000;microempresarial
femenino;comercio;variedades;manrique central no. 1;3;5;2017-11-09;7000000;microempresarial
masculino;comercio;fabrica de;manrique central no. 1;2;5;2017-11-29;6500000;microempresarial
femenino;comercio;bares;manrique central no. 1;3;5;2016-11-11;6890000;microempresarial
masculino;servicio;recreativo educativo;manrique central no. 1;3;5;2018-05-24;7800000;microempresarial
masculino;comercio;restaurante;manrique central no. 1;3;16;2016-11-29;6890000;microempresarial
masculino;comercio;comidas rapidas;manrique central no. 1;3;16;2017-05-15;7300000;microempresarial
masculino;servicio;mantenimiento en;manrique central no. 1;3;16;2018-09-10;7800000;microempresarial
femenino;comercio;distribuidora de;manrique central no. 1;3;16;2017-02-01;3000000;microempresarial
masculino;comercio;cafe e internet;manrique central no. 1;2;16;2016-10-28;1000000;microempresarial
masculino;comercio;variedades;manrique central no. 1;3;16;2018-02-08;7800000;microempresarial
femenino;comercio;restaurante;manrique central no. 1;2;16;2018-05-23;5000000;microempresarial
masculino;comercio;variedades;manrique central no. 1;2;16;2017-06-20;7300000;microempresarial
masculino;comercio;tienda;manrique central no. 1;2;16;2017-11-15;7370000;microempresarial
masculino;servicio;recreativo educativo;manrique central no. 1;3;16;2016-09-29;3000000;microempresarial
femenino;servicio;variedades;manrique central no. 1;3;16;2017-12-07;4500000;microempresarial
femenino;comercio;cafeteria;manrique central no. 1;2;16;2017-11-09;7370000;microempresarial
masculino;industria;fabrica de traperos;manrique central no. 1;2;16;2019-05-29;5000000;microempresarial
masculino;industria;variedades;manrique central no. 1;2;16;2018-09-14;1000000;microempresarial
masculino;servicio;comidas rapidas;manrique central no. 1;3;16;2016-04-07;5800000;microempresarial
masculino;industria;carpinteria;manrique central no. 1;2;16;2017-04-03;7377000;microempresarial
femenino;industria;fabrica de;manrique central no. 1;2;16;2016-05-31;6890000;microempresarial
femenino;comercio;cafeteria;manrique central no. 1;3;16;2017-06-13;7370000;microempresarial
masculino;comercio;tienda;manrique central no. 1;3;16;2017-11-22;7370000;microempresarial
femenino;comercio;variedades;manrique central no. 1;2;16;2017-10-13;5500000;microempresarial
femenino;comercio;tienda;manrique central no. 1;2;16;2016-08-01;5000000;microempresarial
femenino;servicio;peluqueria;manrique central no. 1;3;16;2016-11-03;6890000;microempresarial
femenino;industria;fabrica de;manrique central no. 1;1;16;2018-07-09;5000000;microempresarial
femenino;comercio;fabrica de helados;manrique central no. 1;3;16;2019-06-20;7500000;microempresarial
femenino;servicio;barberia;manrique central no. 1;3;16;2016-12-26;6000000;microempresarial
masculino;servicio;panaderia;manrique central no. 1;3;16;2018-02-22;7000000;microempresarial
masculino;agropecuaria;criadero de animales;manrique central no. 1;3;16;2019-02-27;4000000;microempresarial
femenino;industria;fabrica de;manrique central no. 1;2;16;2018-04-10;5000000;microempresarial
masculino;comercio;distribuidora de;manrique central no. 1;2;16;2017-11-24;7300000;microempresarial
masculino;servicio;mantenimiento en;manrique central no. 1;3;16;2017-01-13;4000000;microempresarial
masculino;comercio;almacen de ropa en;manrique central no. 1;3;16;2018-04-19;7812000;microempresarial
masculino;agropecuaria;jardineria;manrique central no. 1;1;16;2017-02-20;14754000;microempresarial
femenino;comercio;almacen de ropa en;manrique central no. 1;3;16;2017-07-19;3000000;microempresarial
masculino;servicio;organización y;manrique central no. 1;2;16;2018-10-31;7500000;microempresarial
masculino;comercio;montallantas;manrique central no. 1;3;16;2017-07-05;7000000;microempresarial
femenino;industria;fabrica de;manrique central no. 1;2;16;2017-07-28;5000000;microempresarial
femenino;servicio;almacen de ropa en;manrique central no. 1;3;16;2018-12-06;7800000;microempresarial
masculino;comercio;tienda;manrique central no. 1;3;16;2018-02-14;7800000;microempresarial
femenino;comercio;restaurante;manrique central no. 1;3;16;2017-05-03;20000000;juridica y cap.semilla
masculino;servicio;variedades;manrique central no. 1;3;16;2017-12-07;7000000;microempresarial
masculino;industria;fabrica de;manrique central no. 1;3;16;2017-06-13;7000000;microempresarial
femenino;comercio;comidas rapidas;manrique central no. 1;2;16;2018-01-24;7812000;microempresarial
femenino;comercio;variedades;manrique central no. 1;3;16;2017-10-23;7370000;microempresarial
femenino;comercio;variedades;manrique central no. 1;3;16;2018-05-02;5000000;microempresarial
masculino;comercio;fabrica de alimentos;manrique central no. 1;2;16;2018-06-05;7300000;microempresarial
femenino;industria;fabrica de;manrique central no. 1;3;16;2017-06-29;6000000;microempresarial
femenino;comercio;tienda;manrique central no. 1;2;16;2017-09-08;3000000;microempresarial
femenino;servicio;licorera;manrique central no. 1;3;16;2018-05-21;6000000;microempresarial
femenino;industria;fabrica de;manrique central no. 1;2;16;2017-01-06;6894000;microempresarial
masculino;comercio;tienda;manrique central no. 1;3;16;2017-07-25;4900000;microempresarial
masculino;servicio;servicios;manrique central no. 1;3;16;2019-02-22;8281000;microempresarial
femenino;industria;fabrica de;manrique central no. 1;2;16;2016-12-05;6800000;microempresarial
femenino;servicio;peluqueria;manrique central no. 1;3;16;2017-05-19;2000000;microempresarial
femenino;industria;fabrica de calzado;manrique central no. 1;3;16;2016-06-14;20000000;juridica y cap.semilla
masculino;comercio;comidas rapidas;manrique central no. 1;3;16;2019-03-18;6000000;microempresarial
femenino;comercio;tienda de helados;manrique central no. 1;2;16;2018-06-06;4400000;microempresarial
femenino;industria;fabrica de;manrique central no. 1;3;16;2017-05-19;6000000;microempresarial
femenino;industria;fabrica de;manrique central no. 1;3;16;2017-08-25;7000000;microempresarial
femenino;comercio;peluqueria;manrique central no. 1;2;16;2017-07-07;1000000;microempresarial
masculino;servicio;cafe e internet;manrique central no. 1;3;16;2018-02-09;7800000;microempresarial
masculino;industria;fabrica de;manrique central no. 1;2;16;2019-05-24;4500000;microempresarial
femenino;comercio;restaurante;manrique central no. 1;3;16;2017-05-19;4000000;microempresarial
femenino;industria;carpinteria;manrique central no. 1;3;16;2018-01-30;7800000;microempresarial
femenino;servicio;peluqueria;manrique central no. 1;3;16;2018-06-18;3000000;microempresarial
femenino;industria;fabrica de productos;manrique central no. 1;2;16;2017-03-22;7377000;microempresarial
femenino;comercio;criadero de animales;manrique central no. 1;3;16;2017-10-24;7300000;microempresarial
femenino;industria;fabrica de;manrique central no. 1;2;16;2017-04-03;7000000;microempresarial
femenino;comercio;tienda;manrique central no. 1;3;16;2018-03-21;5000000;microempresarial
masculino;comercio;almacen de ropa en;manrique central no. 1;3;16;2017-10-12;7000000;microempresarial
femenino;industria;fabrica de;manrique central no. 1;2;16;2017-09-22;6000000;microempresarial
masculino;comercio;almacen de ropa en;manrique central no. 1;3;16;2018-10-24;7800000;microempresarial
femenino;comercio;taller de mecanica;manrique central no. 1;3;16;2017-10-13;3500000;microempresarial
femenino;comercio;tienda;manrique central no. 1;2;16;2017-10-13;4000000;microempresarial
masculino;comercio;variedades;manrique central no. 1;3;16;2016-04-20;6890000;microempresarial
femenino;industria;fabrica de;manrique central no. 1;2;16;2019-04-01;4000000;microempresarial
masculino;comercio;almacen de ropa en;manrique central no. 1;3;16;2019-06-18;8000000;microempresarial
masculino;servicio;papeleria;manrique central no. 1;3;16;2017-04-07;7300000;microempresarial
masculino;servicio;fabrica de alimentos;manrique central no. 1;2;16;2016-10-21;6800000;microempresarial
masculino;servicio;recreativo educativo;manrique central no. 1;3;16;2017-12-06;7300000;microempresarial
masculino;comercio;fabrica de;manrique central no. 1;3;16;2019-03-27;8200000;microempresarial
femenino;servicio;almacen de ropa en;manrique central no. 1;3;16;2017-03-15;7300000;microempresarial
femenino;industria;fabrica de;manrique central no. 1;2;16;2016-11-16;6890000;microempresarial
masculino;comercio;comidas rapidas;manrique central no. 1;3;16;2017-07-18;2000000;microempresarial
femenino;comercio;tienda de helados;manrique central no. 1;2;16;2017-05-10;4000000;microempresarial
femenino;servicio;fotografia;manrique central no. 1;3;16;2018-09-10;7800000;microempresarial
femenino;comercio;cafeteria;manrique central no. 1;2;16;2019-05-07;7600000;microempresarial
femenino;comercio;comidas rapidas;manrique central no. 1;2;16;2017-10-10;5000000;microempresarial
masculino;comercio;tienda;manrique central no. 1;2;16;2019-02-27;8281000;microempresarial
masculino;servicio;peluqueria;manrique central no. 1;2;16;2018-02-22;4000000;microempresarial
masculino;servicio;comidas rapidas;manrique central no. 1;3;16;2016-03-29;4000000;microempresarial
masculino;servicio;fabrica de juegos;manrique central no. 1;3;16;2017-07-12;7377000;microempresarial
femenino;comercio;restaurante;manrique central no. 1;2;7;2016-10-06;3000000;microempresarial
femenino;industria;fabrica de;manrique central no. 1;2;16;2019-03-05;8281000;microempresarial
femenino;comercio;papeleria;manrique central no. 1;2;16;2016-11-01;4500000;microempresarial
masculino;servicio;criadero de animales;manrique central no. 1;2;16;2017-09-08;14000000;agropecuaria
femenino;comercio;variedades;manrique central no. 1;3;16;2016-10-12;5000000;microempresarial
masculino;servicio;restaurante;manrique central no. 1;3;16;2017-04-03;7350000;microempresarial
masculino;comercio;almacen de ropa en;manrique central no. 1;2;16;2017-11-16;4000000;microempresarial
femenino;comercio;comidas rapidas;manrique central no. 1;3;16;2018-02-14;2000000;microempresarial
masculino;comercio;comidas rapidas;manrique central no. 1;3;16;2018-04-18;7800000;microempresarial
femenino;servicio;peluqueria;manrique central no. 1;3;16;2017-12-12;3500000;microempresarial
femenino;comercio;ferreteria;manrique central no. 1;2;16;2019-02-04;6500000;microempresarial
femenino;industria;fabrica de;manrique central no. 1;3;16;2018-04-09;7800000;microempresarial
masculino;comercio;variedades;manrique central no. 1;3;16;2017-11-17;4200000;microempresarial
femenino;comercio;almacen de ropa en;manrique central no. 1;3;16;2016-09-26;6890000;microempresarial
femenino;servicio;comidas rapidas;manrique central no. 1;3;16;2016-02-05;6800000;microempresarial
femenino;comercio;variedades;manrique central no. 1;3;16;2016-09-16;6890000;microempresarial
masculino;comercio;variedades;manrique central no. 1;3;16;2016-10-10;6800000;microempresarial
masculino;comercio;cafeteria;manrique central no. 1;3;16;2018-08-17;2400000;microempresarial
masculino;industria;reciclaje;manrique central no. 1;3;16;2017-05-30;7000000;microempresarial
femenino;industria;fabrica de;manrique central no. 1;3;16;2018-04-25;7800000;microempresarial
masculino;comercio;almacen de ropa en;manrique central no. 1;2;16;2018-01-19;7800000;microempresarial
masculino;industria;publicidad y;manrique central no. 1;3;16;2018-06-20;7800000;microempresarial
masculino;comercio;viveros;manrique central no. 1;3;16;2017-08-10;7000000;microempresarial
masculino;comercio;tienda;manrique central no. 1;3;16;2018-11-14;7800000;microempresarial
femenino;servicio;tienda;manrique central no. 1;2;16;2019-05-09;2200000;microempresarial
femenino;industria;fabrica de;manrique central no. 1;2;6;2017-06-01;7377000;microempresarial
masculino;industria;fabrica de;manrique central no. 1;2;16;2016-05-24;6500000;microempresarial
femenino;comercio;almacen de ropa en;manrique central no. 1;2;16;2018-07-04;7000000;microempresarial
femenino;comercio;miscelanea;manrique central no. 1;2;16;2016-12-06;238491;microempresarial
femenino;comercio;comidas rapidas;manrique central no. 1;2;16;2018-10-03;1200000;microempresarial
femenino;comercio;papeleria;manrique central no. 1;2;16;2018-01-19;7800000;microempresarial
femenino;comercio;almacen de ropa en;manrique central no. 1;3;16;2018-01-11;7000000;microempresarial
femenino;industria;fabrica de;manrique central no. 1;3;16;2016-12-27;4000000;microempresarial
masculino;comercio;taller de electronica;manrique central no. 1;3;16;2017-05-08;7370000;microempresarial
femenino;comercio;almacen de ropa en;manrique central no. 1;1;16;2017-09-20;7300000;microempresarial
femenino;comercio;restaurante;manrique central no. 1;2;16;2017-06-02;3000000;microempresarial
femenino;industria;fabrica de;manrique central no. 1;2;16;2016-07-07;6890000;microempresarial
femenino;comercio;variedades;manrique central no. 1;2;16;2019-03-21;3000000;microempresarial
masculino;comercio;comidas rapidas;manrique central no. 1;3;16;2018-05-02;3500000;microempresarial
femenino;comercio;variedades;manrique central no. 1;2;16;2017-11-23;3000000;microempresarial
masculino;comercio;almacen de ropa en;manrique central no. 1;3;16;2018-07-04;3000000;microempresarial
masculino;comercio;variedades;manrique central no. 1;3;16;2017-07-12;7000000;microempresarial
femenino;comercio;comidas rapidas;manrique central no. 1;3;16;2018-05-25;5000000;microempresarial
femenino;comercio;almacen de ropa en;manrique central no. 1;3;16;2018-06-27;7800000;microempresarial
femenino;industria;fabrica de;manrique central no. 1;3;16;2019-05-29;1850000;microempresarial
femenino;servicio;ebanistaria;manrique central no. 1;3;16;2018-05-09;8250000;microempresarial
masculino;servicio;variedades;manrique central no. 1;2;16;2017-07-31;7300000;microempresarial
masculino;servicio;mantenimiento en;manrique central no. 1;3;16;2016-06-14;6800000;microempresarial
femenino;comercio;papeleria;manrique central no. 1;3;16;2017-04-24;7000000;microempresarial
masculino;comercio;variedades;manrique central no. 1;3;16;2017-02-24;7377000;microempresarial
femenino;servicio;criadero de animales;manrique central no. 1;2;16;2017-03-09;4000000;microempresarial
femenino;industria;fabrica de;manrique central no. 1;2;16;2017-08-14;7300000;microempresarial
femenino;comercio;almacen de ropa en;manrique central no. 1;2;16;2017-12-22;4400000;microempresarial
masculino;servicio;peluqueria;manrique central no. 1;2;16;2017-02-27;5000000;microempresarial
masculino;servicio;lavadero de;manrique central no. 1;2;16;2018-11-16;6500000;microempresarial
femenino;industria;fabrica de;manrique central no. 1;3;16;2018-02-26;3500000;microempresarial
femenino;comercio;venta de calzado;manrique central no. 1;2;16;2016-10-19;4000000;microempresarial
femenino;industria;fabrica de;manrique central no. 1;2;16;2018-05-23;3000000;microempresarial
masculino;comercio;ferreteria;manrique central no. 1;2;16;2019-02-19;6000000;microempresarial
masculino;servicio;comidas rapidas;manrique central no. 1;3;5;2018-01-30;3000000;microempresarial
femenino;industria;fabrica de;manrique central no. 1;3;16;2018-09-03;5500000;microempresarial
femenino;servicio;peluqueria;manrique central no. 1;3;16;2018-07-31;7800000;microempresarial
femenino;industria;fabrica de;manrique central no. 1;3;16;2018-09-24;6000000;microempresarial
masculino;servicio;organización y;manrique central no. 1;3;16;2016-07-14;68900000;microempresarial
masculino;comercio;variedades;manrique central no. 1;2;13;2017-11-02;7377000;microempresarial
masculino;industria;fabrica de;manrique central no. 1;2;16;2018-07-03;5700000;microempresarial
masculino;servicio;taller de mecanica;manrique central no. 1;2;16;2017-10-19;6000000;microempresarial
femenino;comercio;comidas rapidas;manrique central no. 1;3;16;2018-05-07;7800000;microempresarial
masculino;servicio;recreativo educativo;manrique central no. 1;3;16;2016-04-07;6890000;microempresarial
femenino;comercio;fabrica de;manrique central no. 1;3;16;2018-04-03;7000000;microempresarial
femenino;comercio;variedades;manrique central no. 1;3;16;2017-12-14;3000000;microempresarial
masculino;comercio;panaderia;manrique central no. 1;2;16;2017-01-26;5000000;microempresarial
masculino;industria;cafeteria;manrique central no. 1;2;16;2018-09-26;3000000;microempresarial
masculino;servicio;mantenimiento en;manrique central no. 1;3;16;2018-08-22;7000000;microempresarial
femenino;industria;fabrica de;manrique central no. 1;3;16;2018-06-06;7000000;microempresarial
femenino;servicio;productos de belleza;manrique central no. 1;3;16;2016-10-11;890000;microempresarial
femenino;comercio;variedades;manrique central no. 1;3;16;2017-07-12;7370000;microempresarial
femenino;industria;fabrica de;manrique central no. 1;1;16;2017-02-09;7377000;microempresarial
masculino;industria;fabrica de;manrique central no. 1;3;16;2018-04-23;1000000;microempresarial
masculino;agropecuaria;venta de pollos;manrique central no. 1;1;16;2017-07-25;14000000;microempresarial
masculino;servicio;barberia;manrique central no. 1;3;16;2017-07-27;7000000;microempresarial
femenino;comercio;variedades;manrique central no. 1;3;16;2018-11-15;4000000;microempresarial
femenino;industria;fabrica de;manrique central no. 1;3;16;2016-08-23;6900000;microempresarial
femenino;industria;fabrica de;manrique central no. 1;3;16;2016-10-31;6890000;microempresarial
femenino;servicio;mantenimiento en;manrique central no. 1;3;16;2019-06-06;8281000;microempresarial
femenino;comercio;variedades;manrique central no. 1;3;16;2017-09-04;7300000;microempresarial
masculino;comercio;restaurante;manrique central no. 1;2;16;2017-02-23;5000000;microempresarial
masculino;comercio;ferreteria;manrique central no. 1;2;16;2016-05-05;6000000;microempresarial
femenino;industria;fabrica de;manrique central no. 1;2;16;2018-08-08;7800000;microempresarial
masculino;industria;fabrica de ceramica;manrique central no. 1;3;16;2016-09-20;6890000;microempresarial
femenino;comercio;variedades;manrique central no. 1;3;16;2018-03-13;7800000;microempresarial
masculino;servicio;variedades;manrique central no. 1;3;16;2018-02-16;7800000;microempresarial
masculino;servicio;mantenimiento en;manrique central no. 1;2;16;2018-10-30;7800000;microempresarial
masculino;servicio;mantenimiento en;manrique central no. 1;3;16;2016-06-16;6890000;microempresarial
femenino;industria;fabrica de;manrique central no. 1;3;16;2019-05-29;8000000;microempresarial
femenino;comercio;comidas rapidas;manrique central no. 1;3;16;2017-09-29;7300000;microempresarial
masculino;servicio;comidas rapidas;manrique central no. 1;3;16;2017-09-21;4000000;microempresarial
femenino;comercio;almacen de ropa en;manrique central no. 1;2;16;2016-08-25;6890000;microempresarial
femenino;comercio;variedades;manrique central no. 1;3;16;2018-02-13;7800000;microempresarial
femenino;comercio;fabrica de colchones;manrique central no. 1;3;16;2016-07-18;5000000;microempresarial
femenino;industria;fabrica de;manrique central no. 1;3;16;2017-06-02;7377000;microempresarial
femenino;servicio;peluqueria;manrique central no. 1;2;9;2017-05-26;60000000;microempresarial
masculino;comercio;peluqueria;manrique central no. 1;3;16;2018-06-08;7800000;microempresarial
masculino;comercio;tienda;manrique central no. 1;3;16;2018-07-04;7800000;microempresarial
masculino;comercio;comidas rapidas;manrique central no. 1;2;16;2017-02-02;3500000;microempresarial
femenino;industria;fabrica de;manrique central no. 1;3;16;2017-03-23;4000000;microempresarial
masculino;comercio;variedades;manrique central no. 1;3;16;2018-10-03;5000000;microempresarial
masculino;comercio;carpinteria;manrique central no. 1;3;16;2018-02-16;6000000;microempresarial
femenino;servicio;fabrica de juegos;manrique central no. 1;3;16;2017-08-17;7200000;microempresarial
masculino;comercio;venta de calzado;manrique central no. 1;3;16;2016-07-14;6890000;microempresarial
femenino;comercio;fabrica de alimentos;manrique central no. 1;3;16;2016-04-20;4000000;microempresarial
masculino;industria;ebanistaria;manrique central no. 1;2;16;2017-07-24;1500000;microempresarial
femenino;servicio;fotografia;manrique central no. 1;2;16;2017-11-10;6000000;microempresarial
masculino;comercio;variedades;manrique central no. 1;3;16;2017-07-17;2000000;microempresarial
masculino;industria;fabrica de;manrique central no. 1;3;16;2018-06-08;5000000;microempresarial
masculino;comercio;comidas rapidas;manrique central no. 1;2;16;2018-04-30;4500000;microempresarial
femenino;comercio;comidas rapidas;manrique central no. 1;3;16;2019-02-22;8000000;microempresarial
masculino;comercio;charcuteria;manrique central no. 1;2;16;2017-02-08;7370000;microempresarial
masculino;comercio;distribuidora de;manrique central no. 1;3;16;2018-11-08;7800000;microempresarial
masculino;comercio;legumbreria;manrique central no. 1;3;16;2018-03-15;4000000;microempresarial
femenino;comercio;tienda;manrique central no. 1;3;16;2017-09-06;5000000;microempresarial
masculino;comercio;papeleria;manrique central no. 1;3;16;2018-06-14;7000000;microempresarial
femenino;industria;fabrica de;manrique central no. 1;2;16;2017-04-07;7370000;microempresarial
masculino;servicio;variedades;manrique central no. 1;2;16;2017-11-20;7000000;microempresarial
masculino;servicio;variedades;manrique central no. 1;3;16;2018-01-19;7800000;microempresarial
femenino;comercio;comidas rapidas;manrique central no. 1;3;16;2016-09-09;6000000;microempresarial
masculino;industria;variedades;manrique central no. 1;3;16;2017-10-27;7300000;microempresarial
masculino;comercio;tienda;manrique central no. 1;3;16;2017-06-12;5200000;microempresarial
masculino;servicio;fotografia;manrique central no. 1;3;16;2016-07-25;6000000;microempresarial
femenino;industria;fabrica de;manrique central no. 1;3;16;2016-11-09;6890000;microempresarial
masculino;comercio;publicidad y;manrique central no. 1;2;16;2017-12-04;800000;microempresarial
femenino;comercio;papeleria;manrique central no. 1;3;16;2018-07-11;5500000;microempresarial
femenino;comercio;variedades;manrique central no. 1;2;16;2017-10-30;7377000;microempresarial
masculino;comercio;tienda;manrique central no. 1;2;16;2017-07-17;5200000;microempresarial
femenino;industria;fabrica de;manrique central no. 1;2;16;2018-05-16;7800000;microempresarial
masculino;comercio;almacen de ropa en;manrique central no. 1;2;16;2017-05-24;5000000;microempresarial
femenino;comercio;cafe e internet;manrique central no. 1;3;16;2019-06-25;7500000;microempresarial
femenino;industria;fabrica de;manrique central no. 1;2;16;2018-05-18;6000000;microempresarial
femenino;comercio;variedades;manrique central no. 1;2;16;2017-01-20;6000000;microempresarial
masculino;servicio;recreativo educativo;manrique central no. 1;3;16;2017-06-01;7370000;microempresarial
masculino;servicio;comidas rapidas;manrique central no. 1;3;16;2016-10-05;68900000;microempresarial
femenino;servicio;mantenimiento en;manrique central no. 1;3;16;2018-11-19;2000000;microempresarial
masculino;comercio;comidas rapidas;manrique central no. 1;2;16;2017-07-18;4000000;microempresarial
masculino;industria;fabrica de;manrique central no. 1;3;16;2019-05-28;8000000;microempresarial
femenino;servicio;variedades;manrique central no. 1;3;16;2016-12-19;236674;microempresarial
masculino;comercio;tienda;manrique central no. 1;2;16;2019-04-05;8300000;microempresarial
masculino;industria;fabrica de;manrique central no. 1;3;16;2018-04-30;7800000;microempresarial
masculino;industria;fabrica de;manrique central no. 1;2;16;2017-09-06;6500000;microempresarial
femenino;comercio;fabrica de;manrique central no. 1;2;16;2018-04-19;7800000;microempresarial
masculino;comercio;tienda de helados;manrique central no. 1;2;16;2018-04-27;7000000;microempresarial
masculino;comercio;variedades;manrique central no. 1;1;16;2018-08-21;4000000;microempresarial
femenino;comercio;comidas rapidas;manrique central no. 1;3;16;2018-03-01;2200000;microempresarial
masculino;comercio;variedades;manrique central no. 1;3;16;2017-07-21;73000000;microempresarial
femenino;comercio;variedades;manrique central no. 1;3;16;2018-02-15;3000000;microempresarial
masculino;comercio;comidas rapidas;manrique central no. 1;2;16;2019-05-23;8000000;microempresarial
femenino;comercio;tienda;manrique central no. 1;3;16;2018-05-08;4000000;microempresarial
femenino;servicio;cafe e internet;manrique central no. 1;3;16;2018-05-25;7800000;microempresarial
masculino;servicio;organización y;manrique central no. 1;3;16;2017-06-01;7370000;microempresarial
femenino;servicio;peluqueria;manrique central no. 1;2;16;2018-08-13;7800000;microempresarial
femenino;industria;fabrica de;manrique central no. 1;3;16;2017-09-26;5000000;microempresarial
femenino;comercio;variedades;manrique central no. 1;3;16;2016-04-11;6890000;microempresarial
femenino;comercio;almacen de ropa en;manrique central no. 1;3;16;2018-11-21;4500000;microempresarial
femenino;servicio;peluqueria;manrique central no. 1;3;16;2018-08-29;7800000;microempresarial
femenino;industria;fabrica de;manrique central no. 1;2;16;2017-06-12;7300000;microempresarial
femenino;servicio;peluqueria;manrique central no. 1;2;16;2017-07-12;7000000;microempresarial
masculino;industria;fabrica de;manrique central no. 1;3;16;2018-05-16;780000;microempresarial
femenino;comercio;distribuidora de;manrique central no. 1;1;16;2019-04-24;7000000;microempresarial
femenino;comercio;variedades;manrique central no. 1;2;16;2016-04-07;5000000;microempresarial
femenino;servicio;peluqueria;manrique central no. 1;3;16;2017-10-09;7370000;microempresarial
femenino;comercio;comidas rapidas;manrique central no. 1;2;16;2018-04-19;2000000;microempresarial
masculino;comercio;distribuidora de;manrique central no. 1;2;16;2017-10-02;7300000;microempresarial
masculino;servicio;recreativo educativo;manrique central no. 1;3;16;2016-09-16;6890000;microempresarial
masculino;servicio;gimnasio;manrique central no. 1;3;16;2018-06-14;7800000;microempresarial
masculino;industria;fabrica de productos;manrique central no. 1;3;16;2016-04-07;6000000;microempresarial
masculino;comercio;tienda;manrique central no. 1;2;16;2017-10-12;7200000;microempresarial
femenino;servicio;productos de belleza;manrique central no. 1;3;16;2019-03-05;8281000;microempresarial
masculino;servicio;barberia;manrique central no. 1;1;16;2019-03-07;7000000;microempresarial
femenino;servicio;peluqueria;manrique central no. 1;2;16;2017-12-13;7300000;microempresarial
femenino;industria;fabrica de;manrique central no. 1;2;16;2016-03-28;5000000;microempresarial
masculino;comercio;tienda;manrique central no. 1;2;16;2017-02-02;7377000;microempresarial
femenino;comercio;comidas rapidas;manrique central no. 1;3;16;2016-10-10;4000000;microempresarial
masculino;comercio;almacen de ropa en;manrique central no. 1;3;16;2016-11-28;4000000;microempresarial
femenino;comercio;cafeteria;manrique central no. 1;2;16;2017-12-07;7000000;microempresarial
femenino;comercio;almacen de ropa en;manrique central no. 1;2;16;2019-03-13;5000000;microempresarial
masculino;industria;variedades;manrique central no. 1;3;16;2016-11-04;28000000;microempresarial
masculino;industria;fabrica de;manrique central no. 1;3;16;2018-03-15;4000000;microempresarial
femenino;industria;fabrica de;manrique central no. 1;2;16;2018-08-02;7700000;microempresarial
femenino;comercio;variedades;manrique central no. 1;3;16;2018-02-22;2000000;microempresarial
femenino;industria;fabrica de helados;manrique central no. 1;3;16;2016-02-15;5000000;microempresarial
masculino;industria;fabrica de alimentos;manrique central no. 1;3;16;2017-10-30;5000000;microempresarial
femenino;comercio;almacen de ropa en;manrique central no. 1;3;16;2018-07-25;5000000;microempresarial
femenino;comercio;almacen de ropa en;manrique central no. 1;3;16;2017-10-06;4000000;microempresarial
masculino;comercio;tienda;manrique central no. 1;3;16;2018-01-24;4000000;microempresarial
femenino;servicio;barberia;manrique central no. 1;2;16;2018-02-20;2000000;microempresarial
masculino;servicio;cafe e internet;manrique central no. 1;2;16;2018-05-15;7800000;microempresarial
femenino;industria;fabrica de;manrique central no. 1;3;16;2016-02-29;4000000;microempresarial
masculino;comercio;tienda;manrique central no. 1;2;16;2016-10-28;6890000;microempresarial
femenino;servicio;peluqueria;manrique central no. 1;3;16;2017-06-15;7300000;microempresarial
masculino;industria;variedades;manrique central no. 1;2;16;2018-02-02;5000000;microempresarial
femenino;comercio;legumbreria;manrique central no. 1;3;16;2018-02-28;7800000;microempresarial
femenino;comercio;fabrica de helados;manrique central no. 1;3;16;2016-11-03;6800000;microempresarial
femenino;comercio;variedades;manrique central no. 1;2;16;2018-01-19;7000000;microempresarial
femenino;comercio;productos de belleza;manrique central no. 1;1;4;2019-02-04;4000000;microempresarial
femenino;servicio;organización y;manrique central no. 1;3;16;2016-07-06;6890000;microempresarial
femenino;industria;fabrica de;manrique central no. 1;3;16;2018-04-30;5000000;microempresarial
femenino;comercio;variedades;manrique central no. 1;3;8;2018-09-10;6000000;microempresarial
femenino;servicio;peluqueria;manrique central no. 1;1;16;2016-10-24;6890000;microempresarial
masculino;industria;fabrica de;manrique central no. 1;3;16;2018-05-17;2500000;microempresarial
femenino;industria;fabrica de alimentos;manrique central no. 1;3;16;2017-10-31;730000;microempresarial
femenino;comercio;tienda;manrique central no. 1;3;16;2019-03-12;7000000;microempresarial
femenino;industria;fabrica de productos;manrique central no. 1;3;16;2019-06-18;2200000;microempresarial
femenino;comercio;restaurante;manrique central no. 1;2;16;2017-03-17;6000000;microempresarial
masculino;comercio;taller de mecanica;manrique central no. 1;3;16;2017-06-08;5000000;microempresarial
masculino;comercio;almacen de ropa en;manrique central no. 1;3;16;2017-02-10;1500000;microempresarial
masculino;comercio;distribuidora de;manrique central no. 1;3;16;2016-04-21;6890000;microempresarial
masculino;comercio;variedades;manrique central no. 1;3;16;2017-02-03;7000000;microempresarial
femenino;comercio;papeleria;manrique central no. 1;2;16;2017-10-31;7377000;microempresarial
masculino;servicio;barberia;manrique central no. 1;2;16;2018-01-30;6000000;microempresarial
masculino;comercio;cafeteria;manrique central no. 1;3;16;2018-09-14;7800000;microempresarial
masculino;industria;fabrica de;manrique central no. 1;3;16;2017-06-27;7000000;microempresarial
masculino;servicio;restaurante;manrique central no. 1;3;16;2018-03-13;7500000;microempresarial
femenino;industria;fabrica de;manrique central no. 1;3;16;2016-03-16;5000000;microempresarial
masculino;servicio;recreativo educativo;manrique central no. 1;3;16;2017-02-22;7370000;microempresarial
femenino;industria;fabrica de helados;manrique central no. 1;3;16;2017-06-12;7000000;microempresarial
femenino;comercio;distribuidora de;manrique central no. 1;3;16;2016-09-12;68900000;microempresarial
masculino;industria;fabrica de;manrique central no. 1;3;16;2017-12-13;3500000;microempresarial
femenino;servicio;recreativo educativo;manrique central no. 1;3;16;2019-01-18;7800000;microempresarial
femenino;industria;variedades;manrique central no. 1;3;16;2018-07-05;19500000;juridica y cap.semilla
femenino;comercio;publicidad y;manrique central no. 1;1;13;2018-10-11;7000000;microempresarial
masculino;comercio;variedades;manrique central no. 1;2;16;2018-03-02;4500000;microempresarial
femenino;industria;fabrica de alimentos;manrique central no. 1;3;16;2016-09-20;6800000;microempresarial
femenino;comercio;carniceria;manrique central no. 1;2;16;2017-05-11;7300000;microempresarial
femenino;industria;fabrica de;manrique central no. 1;1;16;2019-06-13;4000000;microempresarial
masculino;comercio;tienda;manrique central no. 1;3;16;2016-07-07;5000000;microempresarial
masculino;servicio;montallantas;manrique central no. 1;2;16;2016-07-25;6800000;microempresarial
masculino;servicio;barberia;manrique central no. 1;2;16;2016-12-21;6800000;microempresarial
femenino;comercio;distribuidora de;manrique central no. 1;3;16;2017-05-03;5000000;microempresarial
femenino;comercio;variedades;manrique central no. 1;3;16;2016-07-18;6890000;microempresarial
femenino;servicio;variedades;manrique central no. 1;3;16;2017-03-22;4000000;microempresarial
masculino;industria;fabrica de;manrique central no. 1;3;16;2017-05-18;7377000;microempresarial
femenino;servicio;cafe e internet;manrique central no. 1;3;16;2017-12-01;7000000;microempresarial
femenino;servicio;mantenimiento en;manrique central no. 1;3;16;2016-01-18;680000;microempresarial
femenino;comercio;papeleria;manrique central no. 1;3;16;2017-03-24;7370000;microempresarial
masculino;comercio;fabrica de repuestos;manrique central no. 1;3;16;2017-03-24;23000000;empresarial ed.
masculino;comercio;variedades;manrique central no. 1;2;8;2018-10-11;6000000;microempresarial
femenino;comercio;comidas rapidas;manrique central no. 1;2;16;2018-04-06;5000000;microempresarial
femenino;servicio;panaderia;manrique central no. 1;3;16;2018-03-05;7800000;microempresarial
femenino;comercio;almacen de ropa en;manrique central no. 1;2;16;2017-07-26;5000000;microempresarial
femenino;comercio;cafe e internet;manrique central no. 1;3;16;2017-01-27;30000000;empresarial ed.
femenino;industria;ebanistaria;manrique central no. 1;2;16;2018-08-01;7800000;microempresarial
masculino;comercio;restaurante;manrique central no. 1;3;16;2016-11-18;6890000;microempresarial
femenino;comercio;almacen de ropa en;manrique central no. 1;3;16;2017-07-28;5000000;microempresarial
femenino;servicio;fabrica de;manrique central no. 1;2;16;2016-07-26;6000000;microempresarial
masculino;comercio;tienda;manrique central no. 1;2;16;2019-02-04;5000000;microempresarial
femenino;comercio;variedades;manrique central no. 1;3;16;2017-03-30;3500000;microempresarial
masculino;comercio;variedades;manrique central no. 1;2;16;2016-04-21;6500000;microempresarial
femenino;comercio;tienda;manrique central no. 1;2;16;2017-07-27;7000000;microempresarial
femenino;comercio;variedades;manrique central no. 1;3;16;2017-06-28;7000000;microempresarial
masculino;industria;fabrica de;manrique central no. 1;2;16;2018-03-14;6400000;microempresarial
femenino;comercio;tienda;manrique central no. 1;2;16;2018-06-20;7800000;microempresarial
femenino;industria;fabrica de;manrique central no. 1;3;16;2017-01-25;5700000;microempresarial
masculino;servicio;montallantas;manrique central no. 1;2;16;2017-10-10;5000000;microempresarial
femenino;servicio;variedades;manrique central no. 1;3;16;2016-12-07;20000000;empresarial ed.
femenino;servicio;lavanderia;manrique central no. 1;3;16;2017-11-08;5200000;microempresarial
femenino;comercio;productos de belleza;manrique central no. 1;3;16;2019-03-19;5500000;microempresarial
femenino;comercio;cafeteria;manrique central no. 1;2;16;2016-10-20;4130000;microempresarial
masculino;servicio;variedades;manrique central no. 1;3;16;2016-11-04;28000000;empresarial ed.
masculino;servicio;variedades;manrique central no. 1;3;16;2018-05-28;5000000;microempresarial
femenino;comercio;variedades;manrique central no. 1;3;16;2017-11-16;6000000;microempresarial
femenino;agropecuaria;criadero de animales;manrique central no. 1;2;16;2019-02-13;1000000;microempresarial
femenino;comercio;restaurante;manrique central no. 1;2;16;2017-01-25;7377000;microempresarial
femenino;comercio;tienda;manrique central no. 1;3;16;2019-05-08;8000000;microempresarial
masculino;comercio;comidas rapidas;manrique central no. 1;2;16;2017-11-08;4400000;microempresarial
femenino;comercio;restaurante;manrique central no. 1;2;16;2018-02-20;2500000;microempresarial
femenino;comercio;comidas rapidas;manrique central no. 1;2;16;2016-10-10;5000000;microempresarial
masculino;servicio;comidas rapidas;manrique central no. 1;3;16;2017-09-14;2500000;microempresarial
masculino;comercio;taller de electronica;manrique central no. 1;3;16;2018-07-26;3000000;microempresarial
masculino;comercio;bares;manrique central no. 1;3;16;2016-10-12;5000000;microempresarial
femenino;industria;fabrica de;manrique central no. 1;3;16;2017-02-14;7370000;microempresarial
femenino;servicio;comidas rapidas;manrique central no. 1;3;16;2016-04-12;4000000;microempresarial
femenino;comercio;joyeria;manrique central no. 1;2;16;2017-09-29;7377000;microempresarial
masculino;industria;fabrica de;manrique central no. 1;3;16;2017-09-13;7000000;microempresarial
femenino;servicio;tienda;manrique central no. 1;2;16;2017-09-27;7377000;microempresarial
femenino;servicio;peluqueria;manrique central no. 1;2;16;2019-03-19;4000000;microempresarial
femenino;comercio;tienda;manrique central no. 1;3;16;2018-06-19;7800000;microempresarial
femenino;comercio;fabrica de;manrique central no. 1;2;13;2018-02-14;4500000;microempresarial
femenino;comercio;almacen de ropa en;manrique central no. 1;2;13;2018-07-11;2000000;microempresarial
masculino;servicio;restaurante;manrique central no. 1;2;13;2018-05-07;2000000;microempresarial
femenino;comercio;tienda;manrique central no. 1;2;13;2018-01-22;3000000;microempresarial
femenino;comercio;comidas rapidas;manrique central no. 1;2;13;2018-04-19;1500000;microempresarial
femenino;comercio;variedades;manrique central no. 1;2;13;2018-08-29;7800000;microempresarial
masculino;servicio;mantenimiento en;manrique central no. 1;2;13;2017-08-30;7300000;microempresarial
masculino;industria;ebanistaria;manrique central no. 1;2;13;2018-05-18;2000000;microempresarial
femenino;industria;fabrica de;manrique central no. 1;2;13;2016-07-06;6890000;microempresarial
femenino;industria;fabrica de;manrique central no. 1;2;13;2017-12-12;3000000;microempresarial
femenino;industria;fabrica de calzado;manrique central no. 1;2;13;2017-04-25;7000000;microempresarial
femenino;industria;fabrica de;manrique central no. 1;2;13;2017-06-06;7000000;microempresarial
femenino;comercio;tienda;manrique central no. 1;1;13;2017-03-31;7000000;microempresarial
femenino;comercio;tienda;manrique central no. 1;2;13;2017-10-25;7377000;microempresarial
femenino;comercio;almacen de ropa en;manrique central no. 1;2;13;2019-05-28;6500000;microempresarial
femenino;comercio;comidas rapidas;manrique central no. 1;2;13;2016-12-29;6000000;microempresarial
femenino;industria;fabrica de;manrique central no. 1;1;13;2018-07-06;3500000;microempresarial
femenino;comercio;comidas rapidas;manrique central no. 1;1;13;2018-08-10;7800000;microempresarial
femenino;comercio;variedades;manrique central no. 1;1;13;2016-03-09;6000000;microempresarial
femenino;comercio;comidas rapidas;manrique central no. 1;1;13;2018-02-27;1000000;microempresarial
femenino;industria;fabrica de;manrique central no. 1;2;13;2018-02-27;780;microempresarial
masculino;comercio;tienda;manrique central no. 1;2;13;2016-09-05;5000000;microempresarial
masculino;servicio;comidas rapidas;manrique central no. 1;2;13;2019-02-20;2500000;microempresarial
masculino;servicio;fabrica de;manrique central no. 1;2;13;2017-05-23;7200000;microempresarial
masculino;comercio;legumbreria;manrique central no. 1;1;13;2016-06-24;6000000;microempresarial
femenino;servicio;peluqueria;manrique central no. 1;2;13;2018-08-30;2000000;microempresarial
femenino;servicio;restaurante;manrique central no. 1;2;13;2016-10-07;6890000;microempresarial
femenino;comercio;variedades;manrique central no. 1;2;13;2018-11-21;7800000;microempresarial
masculino;comercio;restaurante;manrique central no. 1;2;13;2018-02-22;7800000;microempresarial
femenino;servicio;peluqueria;manrique central no. 1;2;13;2018-04-03;7812000;microempresarial
femenino;comercio;variedades;manrique central no. 1;2;13;2019-04-08;8500000;microempresarial
masculino;servicio;mantenimiento en;manrique central no. 1;2;13;2018-02-05;4000000;microempresarial
femenino;industria;fabrica de;manrique central no. 1;2;13;2017-03-30;7000000;microempresarial
masculino;servicio;recreativo educativo;manrique central no. 1;2;13;2018-02-19;7800000;microempresarial
femenino;comercio;miscelanea;manrique central no. 1;2;13;2017-04-04;7000000;microempresarial
femenino;industria;taller de mecanica;manrique central no. 1;2;13;2017-01-24;7377000;microempresarial
masculino;comercio;tienda;manrique central no. 1;2;13;2016-03-10;6890000;microempresarial
masculino;comercio;taller de electronica;manrique central no. 1;2;13;2017-08-01;4000000;microempresarial
femenino;industria;cerrajeria;manrique central no. 1;2;13;2018-05-25;7800000;microempresarial
masculino;servicio;mantenimiento en;manrique central no. 1;2;13;2016-01-26;6890000;microempresarial
femenino;industria;fabrica de;manrique central no. 1;2;13;2018-08-10;4000000;microempresarial
femenino;comercio;almacen de ropa en;manrique central no. 1;2;13;2018-10-11;6000000;microempresarial
masculino;servicio;bares;manrique central no. 1;2;13;2016-05-17;6890000;microempresarial
masculino;comercio;tienda;manrique central no. 1;2;13;2018-07-16;1000000;microempresarial
masculino;comercio;distribuidora de;manrique central no. 1;2;13;2018-12-21;7800000;microempresarial
masculino;servicio;comidas rapidas;manrique central no. 1;3;13;2017-07-06;7370000;microempresarial
femenino;comercio;panaderia;manrique central no. 1;2;13;2018-03-22;2000000;microempresarial
femenino;comercio;comidas rapidas;manrique central no. 1;2;13;2018-11-22;3000000;microempresarial
masculino;comercio;tienda;manrique central no. 1;1;13;2018-07-19;7800000;microempresarial
masculino;servicio;comidas rapidas;manrique central no. 1;1;13;2017-08-31;5000000;microempresarial
femenino;comercio;variedades;manrique central no. 1;2;13;2018-01-29;7800000;microempresarial
masculino;comercio;tienda;manrique central no. 1;3;13;2016-11-10;4000000;microempresarial
femenino;comercio;miscelanea;manrique central no. 1;2;13;2018-07-11;4000000;microempresarial
masculino;comercio;tienda;manrique central no. 1;1;13;2016-12-01;6000000;microempresarial
masculino;industria;fabrica de calzado;manrique central no. 1;2;13;2016-10-19;6890000;microempresarial
femenino;comercio;fabrica de;manrique central no. 1;2;13;2017-12-07;6000000;microempresarial
masculino;industria;ebanistaria;manrique central no. 1;2;13;2016-11-04;4000000;microempresarial
masculino;servicio;barberia;manrique central no. 1;2;13;2016-10-28;6800000;microempresarial
femenino;comercio;tienda;manrique central no. 1;2;13;2016-05-12;6000000;microempresarial
femenino;comercio;venta de calzado;manrique central no. 1;2;13;2018-10-12;3000000;microempresarial
femenino;comercio;granero;manrique central no. 1;1;13;2019-06-07;7000000;microempresarial
masculino;industria;fabrica de calzado;manrique central no. 1;2;13;2017-09-12;4000000;microempresarial
femenino;industria;panaderia;manrique central no. 1;2;13;2018-02-14;3000000;microempresarial
femenino;comercio;variedades;manrique central no. 1;2;13;2016-09-30;6890000;microempresarial
femenino;comercio;fabrica de;manrique central no. 1;2;13;2016-02-02;6000000;microempresarial
femenino;comercio;variedades;manrique central no. 1;2;13;2016-04-26;6890000;microempresarial
masculino;servicio;variedades;manrique central no. 1;2;13;2018-02-15;7000000;microempresarial
masculino;industria;comidas rapidas;manrique central no. 1;2;13;2016-07-12;5000000;microempresarial
femenino;industria;variedades;manrique central no. 1;2;13;2016-10-12;5000000;microempresarial
femenino;comercio;restaurante;manrique central no. 1;2;13;2017-06-12;7000000;microempresarial
femenino;industria;fabrica de;manrique central no. 1;2;13;2018-02-08;7370000;microempresarial
masculino;servicio;mantenimiento en;manrique central no. 1;2;13;2018-05-24;6000000;microempresarial
masculino;servicio;variedades;manrique central no. 1;2;13;2018-07-30;7800000;microempresarial
masculino;comercio;distribuidora de;manrique central no. 1;2;13;2017-02-13;30000000;empresarial ed.
femenino;industria;fabrica de;manrique central no. 1;2;13;2018-10-25;6000000;microempresarial
femenino;comercio;tienda;manrique central no. 1;2;13;2017-11-02;6000000;microempresarial
femenino;comercio;tienda;manrique central no. 1;2;13;2018-03-13;7800000;microempresarial
femenino;industria;fabrica de;manrique central no. 1;2;13;2016-07-22;6000000;microempresarial
femenino;servicio;peluqueria;manrique central no. 1;3;13;2017-06-15;7300000;microempresarial
femenino;comercio;variedades;manrique central no. 1;2;13;2017-12-12;7373000;microempresarial
masculino;comercio;fabrica de helados;manrique central no. 1;3;13;2016-06-13;6000000;microempresarial
masculino;comercio;tienda;manrique central no. 1;2;13;2018-02-14;7800000;microempresarial
femenino;industria;fabrica de;manrique central no. 1;2;13;2017-10-18;2800000;microempresarial
masculino;agropecuaria;ferreteria;manrique central no. 1;1;13;2016-08-22;5000000;microempresarial
femenino;servicio;peluqueria;manrique central no. 1;1;13;2018-08-02;6000000;microempresarial
masculino;servicio;publicidad y;manrique central no. 1;3;13;2017-10-13;7377170;microempresarial
femenino;comercio;ferreteria;san javier no.1;2;13;2018-05-22;7800000;microempresarial
femenino;comercio;variedades;san javier no.1;2;13;2016-11-29;6800000;microempresarial
femenino;comercio;variedades;san javier no.1;1;13;2016-03-04;6000000;microempresarial
masculino;comercio;productos de belleza;san javier no.1;2;7;2016-07-12;3000000;microempresarial
femenino;comercio;peluqueria;san javier no.1;1;7;2017-02-28;4000000;microempresarial
masculino;comercio;cafe e internet;san javier no.1;1;7;2017-04-04;7000000;microempresarial
masculino;comercio;variedades;san javier no.1;1;7;2016-09-22;2000000;microempresarial
masculino;comercio;panaderia;san javier no.1;2;7;2018-11-30;7800000;microempresarial
femenino;servicio;variedades;san javier no.1;2;7;2018-02-14;7800000;microempresarial
femenino;comercio;fabrica de;san javier no.1;1;7;2017-02-23;4000000;microempresarial
femenino;comercio;recreativo educativo;san javier no.1;3;16;2016-02-15;6890000;microempresarial
femenino;comercio;variedades;san javier no.1;1;16;2016-02-19;2000000;microempresarial
masculino;comercio;comidas rapidas;san javier no.1;2;16;2016-02-01;1500000;microempresarial
masculino;servicio;mantenimiento en;san javier no.1;3;16;2016-01-14;6400000;microempresarial
femenino;comercio;fabrica de;san javier no.1;3;16;2016-01-14;3000000;microempresarial
masculino;servicio;servicios;san javier no.1;3;16;2016-01-18;6800000;microempresarial
femenino;comercio;cafeteria;san javier no.1;3;16;2016-01-14;6800000;microempresarial
femenino;industria;fabrica de;san javier no.1;2;13;2018-05-28;7800000;microempresarial
femenino;comercio;almacen de ropa en;san javier no.1;1;13;2017-04-18;7300000;microempresarial
femenino;comercio;variedades;san javier no.1;1;13;2019-01-04;3500000;microempresarial
masculino;servicio;tienda naturista;san javier no.1;1;13;2017-09-11;7000000;microempresarial
masculino;comercio;tienda;san javier no.1;1;13;2019-02-08;8000000;microempresarial
femenino;comercio;productos de belleza;san javier no.1;1;13;2017-06-06;7377000;microempresarial
femenino;comercio;tienda;san javier no.1;1;13;2019-05-14;2000000;microempresarial
femenino;comercio;tienda;san javier no.1;1;13;2019-01-24;5000000;microempresarial
femenino;comercio;tienda;san javier no.1;1;13;2016-09-19;6890000;microempresarial
femenino;comercio;almacen de ropa en;san javier no.1;1;13;2016-01-25;6800000;microempresarial
femenino;servicio;comidas rapidas;san javier no.1;1;13;2016-06-08;6800000;microempresarial
femenino;comercio;comidas rapidas;san javier no.1;1;13;2016-08-10;6000000;microempresarial
femenino;industria;fabrica de;san javier no.1;1;13;2019-05-13;1500000;microempresarial
femenino;comercio;distribuidora de;san javier no.1;1;13;2017-09-07;7300000;microempresarial
femenino;servicio;peluqueria;san javier no.1;2;13;2019-02-07;6000000;microempresarial
femenino;servicio;comidas rapidas;san javier no.1;1;13;2016-07-08;6000000;microempresarial
masculino;servicio;peluqueria;san javier no.1;1;13;2018-09-04;7800000;microempresarial
femenino;comercio;charcuteria;san javier no.1;1;13;2016-11-29;6890000;microempresarial
masculino;comercio;cafeteria;san javier no.1;1;13;2016-07-13;3000000;microempresarial
femenino;comercio;variedades;san javier no.1;1;13;2016-06-03;5000000;microempresarial
femenino;comercio;comidas rapidas;san javier no.1;1;13;2018-02-23;1000000;microempresarial
femenino;comercio;fabrica de alimentos;san javier no.1;1;13;2018-09-24;3000000;microempresarial
masculino;servicio;fabrica de arepas;san javier no.1;2;13;2016-08-26;3000000;microempresarial
masculino;industria;marqueteria;san javier no.1;2;13;2019-03-28;8200000;microempresarial
femenino;comercio;variedades;san javier no.1;1;13;2018-07-25;3000000;microempresarial
femenino;comercio;fabrica de;san javier no.1;1;13;2016-12-01;6000000;microempresarial
masculino;comercio;fabrica de juegos;san javier no.1;3;10;2018-02-19;7800000;microempresarial
femenino;comercio;almacen de ropa en;san javier no.1;3;10;2018-02-01;7800000;microempresarial
femenino;servicio;peluqueria;san javier no.1;3;10;2018-10-18;7000000;microempresarial
femenino;comercio;almacen de ropa en;san javier no.1;3;10;2017-11-10;4400000;microempresarial
masculino;servicio;recreativo educativo;san javier no.1;3;10;2018-05-08;5000000;microempresarial
femenino;comercio;miscelanea;san javier no.1;3;10;2017-02-22;2000000;microempresarial
femenino;comercio;panaderia;san javier no.1;3;10;2016-09-30;6800000;microempresarial
masculino;servicio;floristeria;san javier no.1;3;10;2017-04-25;7300000;microempresarial
femenino;industria;fabrica de colchones;san javier no.1;3;10;2017-03-10;7370000;microempresarial
femenino;servicio;tienda;san javier no.1;3;10;2018-01-25;7800000;microempresarial
masculino;comercio;cafeteria;san javier no.1;3;10;2017-09-18;5000000;microempresarial
masculino;comercio;variedades;san javier no.1;3;10;2018-02-05;78000000;microempresarial
femenino;comercio;tienda;san javier no.1;3;10;2016-10-05;4000000;microempresarial
masculino;comercio;comidas rapidas;san javier no.1;3;10;2017-06-27;2500000;microempresarial
masculino;comercio;tienda;san javier no.1;2;9;2019-06-18;80000000;microempresarial
femenino;comercio;almacen de ropa en;san javier no.1;3;9;2016-09-12;6890000;microempresarial
femenino;comercio;comidas rapidas;san javier no.1;2;9;2018-10-29;7000000;microempresarial
femenino;comercio;peluqueria;san javier no.1;1;7;2017-03-30;6000000;microempresarial
femenino;comercio;comidas rapidas;san javier no.1;2;7;2017-01-31;7377000;microempresarial
masculino;comercio;drogueria;san javier no.1;2;7;2017-03-03;7000000;microempresarial
femenino;comercio;peluqueria;san javier no.1;3;10;2017-02-14;4000000;microempresarial
femenino;industria;fabrica de;san javier no.1;3;10;2017-09-18;5000000;microempresarial
femenino;comercio;variedades;san javier no.1;3;10;2018-03-14;3000000;microempresarial
femenino;industria;fabrica de;san javier no.1;2;10;2017-07-05;7300000;microempresarial
femenino;servicio;peluqueria;san javier no.1;3;10;2018-09-10;7800000;microempresarial
masculino;comercio;papeleria;san javier no.1;3;10;2017-12-19;7300000;microempresarial
femenino;comercio;almacen de ropa en;san javier no.1;3;10;2017-08-15;7370000;microempresarial
masculino;comercio;comidas rapidas;san javier no.1;3;10;2017-06-01;6800000;microempresarial
masculino;comercio;tienda;san javier no.1;3;10;2017-09-05;7000000;microempresarial
masculino;comercio;almacen de ropa en;san javier no.1;3;10;2017-04-25;6890000;microempresarial
femenino;industria;fabrica de alimentos;san javier no.1;3;10;2016-10-13;15000000;juridica y cap.semilla
femenino;comercio;variedades;san javier no.1;1;10;2019-04-10;6000000;microempresarial
femenino;comercio;variedades;san javier no.1;2;10;2017-01-11;6890000;microempresarial
femenino;comercio;variedades;san javier no.1;3;10;2017-02-20;1000000;microempresarial
masculino;comercio;variedades;san javier no.1;3;10;2018-03-23;4000000;microempresarial
femenino;comercio;tienda;san javier no.1;3;10;2018-02-14;7800000;microempresarial
femenino;comercio;variedades;san javier no.1;3;10;2016-04-08;6890000;microempresarial
masculino;servicio;variedades;san javier no.1;3;10;2018-02-05;3000000;microempresarial
femenino;servicio;peluqueria;san javier no.1;3;10;2016-09-13;2000000;microempresarial
femenino;comercio;variedades;san javier no.1;3;10;2017-09-22;7377000;microempresarial
masculino;comercio;restaurante;san javier no.1;2;10;2017-02-17;7370000;microempresarial
femenino;comercio;almacen de ropa en;san javier no.1;3;10;2017-10-12;7000000;microempresarial
masculino;industria;comidas rapidas;san javier no.1;3;10;2018-04-30;7800000;microempresarial
femenino;industria;fabrica de;san javier no.1;3;10;2017-04-19;20000000;microempresarial
femenino;industria;fabrica de;san javier no.1;3;10;2018-07-10;7800000;microempresarial
masculino;servicio;fabrica de;san javier no.1;3;10;2017-04-19;7370000;microempresarial
masculino;servicio;taller de electronica;san javier no.1;3;10;2018-08-02;6000000;microempresarial
femenino;servicio;miscelanea;san javier no.1;2;10;2019-06-05;7000000;microempresarial
masculino;comercio;papeleria;san javier no.1;2;10;2017-08-18;3000000;microempresarial
femenino;comercio;restaurante;san javier no.1;3;10;2018-09-20;6000000;microempresarial
masculino;comercio;cerrajeria;san javier no.1;3;10;2017-10-09;7370000;microempresarial
femenino;comercio;comidas rapidas;san javier no.1;3;10;2018-01-26;3000000;microempresarial
femenino;industria;fabrica de;san javier no.1;3;10;2016-08-09;6890000;microempresarial
femenino;comercio;comidas rapidas;san javier no.1;3;10;2018-02-22;3500000;microempresarial
femenino;servicio;variedades;san javier no.1;2;10;2018-03-20;7800000;microempresarial
femenino;comercio;variedades;san javier no.1;3;10;2017-02-01;7370000;microempresarial
masculino;industria;carpinteria;san javier no.1;3;10;2018-03-15;7800000;microempresarial
masculino;agropecuaria;bares;san javier no.1;3;10;2017-04-24;3000000;microempresarial
masculino;comercio;variedades;san javier no.1;2;10;2017-11-10;7370000;microempresarial
femenino;industria;fabrica de;san javier no.1;3;10;2016-11-29;6800000;microempresarial
femenino;industria;fabrica de;san javier no.1;3;10;2017-11-02;7377000;microempresarial
femenino;servicio;tienda;san javier no.1;3;10;2018-06-01;7000000;microempresarial
masculino;comercio;restaurante;san javier no.1;3;10;2017-04-20;3000000;microempresarial
masculino;servicio;tienda;san javier no.1;3;10;2018-04-25;7800000;microempresarial
masculino;comercio;variedades;san javier no.1;3;10;2018-06-08;6000000;microempresarial
masculino;comercio;tienda;san javier no.1;2;10;2019-06-14;2000000;microempresarial
femenino;comercio;distribuidora de;san javier no.1;3;10;2018-05-07;7800000;microempresarial
femenino;comercio;variedades;san javier no.1;2;10;2017-03-02;7000000;microempresarial
femenino;comercio;papeleria;san javier no.1;3;10;2016-04-05;6890000;microempresarial
femenino;comercio;variedades;san javier no.1;3;10;2018-09-05;7800000;microempresarial
femenino;comercio;variedades;san javier no.1;3;10;2018-07-13;4000000;microempresarial
femenino;comercio;almacen de ropa en;san javier no.1;3;10;2017-02-06;7377000;microempresarial
femenino;industria;marroquineria;san javier no.1;3;10;2018-05-30;2500000;microempresarial
femenino;comercio;comidas rapidas;san javier no.1;3;10;2018-05-07;3000000;microempresarial
masculino;comercio;restaurante;san javier no.1;3;10;2017-06-20;7367000;microempresarial
femenino;comercio;variedades;san javier no.1;2;10;2017-08-15;7370000;microempresarial
femenino;comercio;tienda;san javier no.1;3;10;2016-03-17;5000000;microempresarial
femenino;industria;fabrica de;san javier no.1;3;10;2019-06-05;7500000;microempresarial
femenino;servicio;comidas rapidas;san javier no.1;3;10;2016-06-13;6890000;microempresarial
masculino;industria;fabrica de;san javier no.1;3;5;2017-09-01;5000000;microempresarial
masculino;comercio;ferreteria;san javier no.1;3;5;2018-12-17;7800000;microempresarial
femenino;comercio;almacen de ropa en;san javier no.1;3;5;2016-03-07;5000000;microempresarial
femenino;servicio;peluqueria;san javier no.1;3;5;2016-11-24;5200000;microempresarial
masculino;comercio;fabrica de helados;san javier no.1;3;5;2016-09-19;6890000;microempresarial
femenino;comercio;almacen de ropa en;san javier no.1;3;5;2016-11-08;6890000;microempresarial
femenino;comercio;tienda;san javier no.1;3;5;2018-05-11;5800000;microempresarial
femenino;industria;fabrica de;san javier no.1;3;5;2017-11-01;7000000;microempresarial
femenino;comercio;peluqueria;san javier no.1;3;5;2018-12-05;7800000;microempresarial
femenino;comercio;variedades;san javier no.1;3;5;2018-06-07;4000000;microempresarial
femenino;comercio;tienda;san javier no.1;3;5;2016-07-15;6890000;microempresarial
masculino;comercio;tienda;san javier no.1;1;5;2017-01-20;7300000;microempresarial
femenino;servicio;comidas rapidas;san javier no.1;3;5;2018-03-06;6000000;microempresarial
masculino;comercio;comidas rapidas;san javier no.1;3;5;2017-01-27;3000000;microempresarial
masculino;comercio;granero;san javier no.1;3;5;2017-09-01;7300000;microempresarial
femenino;comercio;tienda;san javier no.1;1;5;2016-09-19;4000000;microempresarial
masculino;servicio;organización y;san javier no.1;3;5;2018-05-17;15000000;empresarial ed.
masculino;comercio;tienda;san javier no.1;3;5;2018-01-18;3000000;microempresarial
masculino;industria;fabrica de;san javier no.1;3;5;2018-04-17;7300000;microempresarial
femenino;comercio;productos de belleza;san javier no.1;3;5;2017-10-09;7370000;microempresarial
femenino;comercio;panaderia;san javier no.1;3;5;2017-09-21;7300000;microempresarial
masculino;comercio;restaurante;san javier no.1;3;5;2017-05-05;6000000;microempresarial
femenino;comercio;variedades;san javier no.1;3;5;2019-01-31;8200000;microempresarial
femenino;servicio;fabrica de alimentos;san javier no.1;3;5;2019-05-30;8281000;microempresarial
masculino;servicio;recreativo educativo;san javier no.1;3;5;2016-12-22;6000000;microempresarial
femenino;servicio;variedades;san javier no.1;3;5;2017-08-24;22000000;juridica y cap.semilla
femenino;comercio;tienda;san javier no.1;3;5;2018-05-23;7800000;microempresarial
femenino;comercio;ebanistaria;san javier no.1;3;5;2017-08-29;7000000;microempresarial
femenino;comercio;papeleria;san javier no.1;3;5;2016-11-18;6890000;microempresarial
femenino;servicio;productos de belleza;san javier no.1;3;5;2016-03-29;5000000;microempresarial
femenino;comercio;variedades;san javier no.1;3;5;2019-04-02;8000000;microempresarial
femenino;comercio;charcuteria;san javier no.1;3;5;2018-02-07;6000000;microempresarial
femenino;servicio;mantenimiento en;san javier no.1;3;10;2018-10-03;7800000;microempresarial
femenino;comercio;granero;san javier no.1;3;5;2017-06-30;7000000;microempresarial
femenino;comercio;variedades;san javier no.1;3;5;2016-06-16;6000000;microempresarial
femenino;industria;fabrica de;san javier no.1;3;5;2017-07-05;7377000;microempresarial
femenino;servicio;sembrados;san javier no.1;3;5;2017-02-21;22000000;juridica y cap.semilla
femenino;comercio;comidas rapidas;san javier no.1;3;5;2016-12-07;6890000;microempresarial
masculino;servicio;barberia;san javier no.1;3;5;2017-06-23;7370000;microempresarial
femenino;comercio;fabrica de alimentos;san javier no.1;3;5;2017-12-05;7300000;microempresarial
femenino;comercio;tienda;san javier no.1;2;4;2018-04-30;6000000;microempresarial
femenino;comercio;almacen de ropa en;san javier no.1;3;9;2017-09-13;7377000;microempresarial
femenino;industria;fabrica de;san javier no.1;3;9;2016-08-08;6890000;microempresarial
masculino;industria;fabrica de;san javier no.1;2;9;2017-03-29;7377000;microempresarial
femenino;comercio;tienda;san javier no.1;2;9;2018-10-03;7800000;microempresarial
femenino;comercio;variedades;san javier no.1;2;9;2017-07-28;4000000;microempresarial
femenino;industria;fabrica de;san javier no.1;3;9;2018-03-01;3000000;microempresarial
femenino;comercio;variedades;san javier no.1;3;9;2018-11-06;3000000;microempresarial
femenino;comercio;cafe e internet;san javier no.1;2;9;2017-09-27;7370000;microempresarial
masculino;comercio;tienda de helados;san javier no.1;3;9;2016-04-19;5000000;microempresarial
femenino;servicio;peluqueria;san javier no.1;3;9;2018-06-07;6000000;microempresarial
femenino;comercio;comidas rapidas;san javier no.1;3;9;2017-06-21;7300000;microempresarial
masculino;comercio;tienda;san javier no.1;3;9;2018-05-25;4000000;microempresarial
femenino;industria;fabrica de;san javier no.1;3;9;2016-12-22;6500000;microempresarial
masculino;servicio;peluqueria;san javier no.1;3;9;2016-07-13;3500000;microempresarial
femenino;comercio;drogueria;san javier no.1;3;9;2018-10-24;7800000;microempresarial
femenino;comercio;comidas rapidas;san javier no.1;1;9;2016-12-30;5000000;microempresarial
femenino;industria;fabrica de;san javier no.1;3;9;2018-05-29;7800000;microempresarial
masculino;comercio;comidas rapidas;san javier no.1;2;9;2017-07-13;2000000;microempresarial
femenino;comercio;almacen de ropa en;san javier no.1;2;9;2016-11-01;2500000;microempresarial
femenino;comercio;almacen de ropa en;san javier no.1;3;9;2016-11-18;6300000;microempresarial
masculino;servicio;barberia;san javier no.1;3;9;2017-03-28;7000000;microempresarial
masculino;servicio;peluqueria;san javier no.1;3;9;2017-05-24;5000000;microempresarial
femenino;comercio;comidas rapidas;san javier no.1;2;9;2019-06-28;1500000;microempresarial
femenino;comercio;comidas rapidas;san javier no.1;2;9;2018-06-15;7000000;microempresarial
femenino;comercio;almacen de ropa en;san javier no.1;2;9;2017-01-26;7300000;microempresarial
femenino;servicio;papeleria;san javier no.1;1;9;2016-09-29;6500000;microempresarial
femenino;comercio;charcuteria;san javier no.1;3;9;2018-07-11;2500000;microempresarial
femenino;servicio;peluqueria;san javier no.1;3;9;2018-04-16;6500000;microempresarial
femenino;servicio;drogueria;san javier no.1;3;9;2016-09-13;2500000;microempresarial
masculino;comercio;comidas rapidas;san javier no.1;3;9;2018-02-26;7800000;microempresarial
femenino;servicio;publicidad y;san javier no.1;3;9;2017-10-26;15000000;microempresarial
femenino;comercio;comidas rapidas;san javier no.1;2;9;2017-04-20;5000000;microempresarial
femenino;comercio;taller de electronica;san javier no.1;3;9;2018-03-20;7800000;microempresarial
femenino;comercio;miscelanea;san javier no.1;3;9;2016-10-31;6890000;microempresarial
femenino;comercio;comidas rapidas;san javier no.1;3;9;2018-05-04;7800000;microempresarial
femenino;industria;fabrica de arepas;san javier no.1;3;9;2016-05-16;2400000;microempresarial
masculino;comercio;variedades;san javier no.1;3;9;2018-08-29;3500000;microempresarial
femenino;servicio;peluqueria;san javier no.1;3;9;2017-09-06;3000000;microempresarial
femenino;comercio;comidas rapidas;san javier no.1;1;9;2016-07-15;6890000;microempresarial
femenino;servicio;peluqueria;san javier no.1;3;9;2017-06-13;7377000;microempresarial
masculino;agropecuaria;variedades;san javier no.1;2;9;2018-04-19;7800000;microempresarial
femenino;comercio;variedades;san javier no.1;2;9;2018-01-26;6500000;microempresarial
masculino;servicio;mantenimiento en;san javier no.1;3;9;2017-10-26;7000000;microempresarial
femenino;comercio;tienda de helados;san javier no.1;3;9;2016-08-18;6870000;microempresarial
femenino;comercio;miscelanea;san javier no.1;2;9;2017-01-24;7370000;microempresarial
femenino;comercio;tienda;san javier no.1;3;9;2016-08-04;6890000;microempresarial
femenino;comercio;almacen de ropa en;san javier no.1;3;9;2018-05-02;7000000;microempresarial
masculino;comercio;publicidad y;san javier no.1;3;9;2016-10-31;5500000;microempresarial
femenino;comercio;papeleria;san javier no.1;3;9;2018-01-19;7800000;microempresarial
femenino;servicio;fotografia;san javier no.1;3;9;2017-05-10;7000000;microempresarial
masculino;comercio;variedades;san javier no.1;2;9;2017-05-23;3500000;microempresarial
femenino;industria;fabrica de;san javier no.1;3;9;2018-10-03;7800000;microempresarial
femenino;comercio;productos de belleza;san javier no.1;3;9;2017-07-24;7300000;microempresarial
masculino;comercio;variedades;san javier no.1;3;9;2018-04-23;3300000;microempresarial
femenino;comercio;tienda;san javier no.1;2;9;2018-11-28;7800000;microempresarial
masculino;industria;ferreteria;san javier no.1;2;9;2017-03-24;7000000;microempresarial
masculino;comercio;variedades;san javier no.1;3;9;2016-12-19;28000000;empresarial ed.
femenino;industria;fabrica de;san javier no.1;1;9;2018-05-10;2750000;microempresarial
masculino;comercio;tienda;san javier no.1;3;9;2019-04-10;8281000;microempresarial
masculino;comercio;comidas rapidas;san javier no.1;3;9;2018-10-30;783000;microempresarial
masculino;industria;fabrica de;san javier no.1;2;9;2017-10-05;3000000;microempresarial
masculino;comercio;restaurante;san javier no.1;3;9;2017-02-24;30284000;microempresarial
femenino;industria;fabrica de;san javier no.1;2;9;2018-01-24;4000000;microempresarial
femenino;industria;fabrica de;san javier no.1;2;9;2017-03-08;7000000;microempresarial
femenino;servicio;tienda;san javier no.1;3;9;2017-10-03;6251000;microempresarial
femenino;industria;fabrica de;san javier no.1;3;9;2016-09-02;6890000;microempresarial
femenino;servicio;restaurante;san javier no.1;2;9;2016-04-04;4000000;microempresarial
femenino;comercio;variedades;san javier no.1;3;9;2016-10-19;5000000;microempresarial
masculino;industria;fabrica de;san javier no.1;1;9;2017-05-24;7377000;microempresarial
masculino;industria;fabrica de;san javier no.1;3;9;2018-03-06;7800000;microempresarial
masculino;comercio;variedades;san javier no.1;3;9;2018-05-09;2000000;microempresarial
femenino;comercio;fabrica de calzado;san javier no.1;3;9;2018-09-12;7800000;microempresarial
masculino;industria;carpinteria;san javier no.1;3;9;2016-06-30;6890000;microempresarial
masculino;industria;fabrica de;san javier no.1;3;9;2018-06-28;7800000;solidaria
masculino;comercio;tienda;san javier no.1;2;9;2018-04-12;7800000;microempresarial
femenino;comercio;variedades;san javier no.1;3;9;2017-05-04;7377000;microempresarial
femenino;comercio;comidas rapidas;san javier no.1;3;9;2017-05-31;7370000;microempresarial
femenino;comercio;variedades;san javier no.1;2;9;2018-06-18;3345000;microempresarial
femenino;servicio;publicidad y;san javier no.1;2;9;2017-03-23;5000000;microempresarial
femenino;servicio;peluqueria;san javier no.1;3;9;2019-05-08;8281000;microempresarial
femenino;industria;fabrica de;san javier no.1;3;7;2017-09-19;5500000;microempresarial
femenino;comercio;papeleria;san javier no.1;3;9;2018-10-31;7800000;microempresarial
masculino;comercio;fabrica de calzado;san javier no.1;1;9;2018-11-16;6000000;microempresarial
masculino;comercio;tienda;san javier no.1;3;9;2018-06-18;7800000;microempresarial
femenino;comercio;almacen de ropa en;san javier no.1;3;9;2017-11-17;7377000;microempresarial
femenino;comercio;pañalera;san javier no.1;2;9;2017-05-31;7370000;microempresarial
femenino;comercio;comidas rapidas;san javier no.1;3;9;2018-01-23;5000000;microempresarial
masculino;comercio;almacen de ropa en;san javier no.1;1;9;2016-09-08;2000000;microempresarial
masculino;comercio;tienda;san javier no.1;3;9;2017-11-03;5000000;microempresarial
masculino;comercio;tienda;san javier no.1;3;9;2016-10-12;5000000;microempresarial
femenino;comercio;variedades;san javier no.1;2;9;2019-04-26;6000000;microempresarial
masculino;comercio;publicidad y;san javier no.1;2;9;2017-06-23;7000000;microempresarial
femenino;industria;fabrica de;san javier no.1;2;9;2018-02-22;4000000;microempresarial
femenino;servicio;comidas rapidas;san javier no.1;1;9;2017-07-07;7000000;microempresarial
masculino;industria;fabrica de alimentos;san javier no.1;3;9;2018-07-09;7000000;microempresarial
femenino;industria;fabrica de calzado;san javier no.1;3;9;2017-02-27;3000000;microempresarial
femenino;comercio;variedades;san javier no.1;3;9;2017-06-20;1000000;microempresarial
femenino;comercio;fotografia;san javier no.1;3;9;2019-03-26;1500000;microempresarial
masculino;comercio;comidas rapidas;san javier no.1;2;9;2017-09-14;73000000;microempresarial
femenino;servicio;peluqueria;san javier no.1;2;9;2017-03-21;5000000;microempresarial
femenino;industria;fabrica de;san javier no.1;2;9;2017-06-12;7300000;microempresarial
masculino;comercio;comidas rapidas;san javier no.1;2;9;2018-07-23;5000000;microempresarial
masculino;industria;fabrica de;san javier no.1;2;9;2016-03-17;6000000;microempresarial
femenino;comercio;almacen de ropa en;san javier no.1;3;9;2017-04-25;6000000;microempresarial
masculino;servicio;mantenimiento en;san javier no.1;1;9;2016-04-26;5000000;microempresarial
femenino;industria;fabrica de;san javier no.1;2;9;2016-11-11;4000000;microempresarial
masculino;servicio;publicidad y;san javier no.1;2;9;2017-07-17;30000000;empresarial ed.
masculino;servicio;mantenimiento en;san javier no.1;3;9;2017-07-13;6000000;microempresarial
masculino;servicio;cerrajeria;san javier no.1;2;9;2017-07-18;7377000;microempresarial
masculino;comercio;variedades;san javier no.1;2;9;2017-11-24;7300000;microempresarial
masculino;servicio;comidas rapidas;san javier no.1;2;9;2017-07-06;3000000;microempresarial
masculino;comercio;variedades;san javier no.1;3;9;2016-10-11;3000000;microempresarial
femenino;servicio;variedades;san javier no.1;2;9;2018-11-23;7000000;microempresarial
femenino;agropecuaria;almacen de ropa en;san javier no.1;3;9;2017-02-06;4400000;credioportuno
femenino;comercio;variedades;san javier no.1;3;9;2016-04-13;3000000;microempresarial
femenino;servicio;panaderia;san javier no.1;2;9;2017-06-09;3000000;microempresarial
masculino;comercio;variedades;san javier no.1;2;9;2017-03-29;1500000;microempresarial
masculino;comercio;carniceria;san javier no.1;2;9;2018-07-11;2000000;microempresarial
masculino;comercio;comidas rapidas;san javier no.1;2;9;2017-03-03;5000000;microempresarial
femenino;comercio;variedades;san javier no.1;1;9;2019-02-13;7000000;microempresarial
femenino;comercio;tienda;san javier no.1;1;9;2017-10-11;5000000;microempresarial
femenino;industria;fabrica de;san javier no.1;2;9;2017-06-06;4000000;microempresarial
femenino;comercio;tienda;san javier no.1;1;9;2018-01-30;5000000;microempresarial
femenino;servicio;lavadero de;san javier no.1;2;9;2018-04-20;5000000;microempresarial
masculino;industria;ebanistaria;san javier no.1;3;9;2018-05-22;7000000;microempresarial
femenino;comercio;miscelanea;san javier no.1;2;9;2017-08-05;5000000;microempresarial
femenino;servicio;peluqueria;san javier no.1;3;9;2018-04-06;7800000;microempresarial
femenino;comercio;comidas rapidas;san javier no.1;3;9;2016-08-31;6890000;microempresarial
femenino;comercio;tienda;san javier no.1;3;9;2016-05-25;6890000;microempresarial
masculino;comercio;variedades;san javier no.1;3;9;2017-05-31;7377000;microempresarial
femenino;comercio;variedades;san javier no.1;2;9;2018-08-01;7800000;microempresarial
femenino;comercio;tienda;san javier no.1;2;9;2017-12-11;4400000;microempresarial
femenino;comercio;carniceria;san javier no.1;1;9;2018-05-23;5000000;microempresarial
masculino;industria;fabrica de;san javier no.1;2;9;2018-08-14;7800000;microempresarial
masculino;comercio;comidas rapidas;san javier no.1;1;9;2018-04-13;7800000;microempresarial
femenino;comercio;tienda;san javier no.1;2;9;2018-02-08;7000000;microempresarial
masculino;industria;fabrica de;san javier no.1;2;9;2018-05-08;7000000;microempresarial
femenino;comercio;comidas rapidas;san javier no.1;2;9;2018-10-03;6000000;microempresarial
masculino;servicio;peluqueria;san javier no.1;3;9;2018-10-25;2500000;microempresarial
femenino;comercio;fabrica de;san javier no.1;3;9;2018-02-13;7800000;microempresarial
femenino;industria;fabrica de;san javier no.1;1;9;2018-06-05;600000;microempresarial
masculino;servicio;comidas rapidas;san javier no.1;3;9;2018-01-19;6000000;microempresarial
masculino;industria;fabrica de;san javier no.1;2;9;2017-03-30;6000000;microempresarial
femenino;comercio;variedades;san javier no.1;2;9;2018-01-10;6000000;microempresarial
femenino;comercio;variedades;san javier no.1;2;9;2016-09-12;6890000;microempresarial
femenino;comercio;variedades;san javier no.1;2;9;2017-04-17;7370000;microempresarial
femenino;servicio;barberia;san javier no.1;3;9;2019-05-10;8281000;microempresarial
femenino;comercio;fabrica de alimentos;san javier no.1;2;9;2018-03-16;4000000;microempresarial
masculino;industria;fabrica de;san javier no.1;3;9;2018-12-10;2000000;microempresarial
femenino;industria;fabrica de;san javier no.1;3;9;2016-12-07;6000000;microempresarial
femenino;comercio;comidas rapidas;san javier no.1;2;9;2017-07-11;2500000;microempresarial
masculino;servicio;recreativo educativo;san javier no.1;3;9;2018-02-26;5500000;microempresarial
masculino;comercio;variedades;san javier no.1;3;9;2017-10-26;32000000;empresarial ed.
femenino;industria;fabrica de;san javier no.1;2;9;2019-02-11;1600000;microempresarial
femenino;comercio;papeleria;san javier no.1;3;9;2017-06-09;5000000;microempresarial
masculino;comercio;comidas rapidas;san javier no.1;3;9;2017-11-28;6000000;microempresarial
masculino;servicio;barberia;san javier no.1;2;9;2016-11-30;4000000;microempresarial
femenino;comercio;tienda;san javier no.1;2;9;2019-03-05;6000000;microempresarial
femenino;comercio;tienda;san javier no.1;2;9;2017-12-29;5000000;microempresarial
femenino;comercio;distribuidora de;san javier no.1;1;9;2018-07-17;4600000;microempresarial
femenino;comercio;variedades;san javier no.1;3;9;2017-03-08;7300000;microempresarial
masculino;comercio;variedades;san javier no.1;2;9;2017-08-08;5000000;microempresarial
masculino;industria;fabrica de repuestos;san javier no.1;3;9;2017-07-05;7300000;microempresarial
femenino;comercio;licorera;san javier no.1;1;9;2018-04-23;3000000;microempresarial
femenino;comercio;variedades;san javier no.1;3;9;2017-02-09;7370000;microempresarial
femenino;comercio;variedades;san javier no.1;3;9;2016-03-29;6890000;microempresarial
femenino;comercio;variedades;san javier no.1;3;9;2017-02-15;6800000;microempresarial
femenino;industria;fabrica de;san javier no.1;2;9;2017-04-25;7377000;microempresarial
femenino;servicio;comidas rapidas;san javier no.1;3;9;2016-04-20;5000000;microempresarial
femenino;comercio;variedades;san javier no.1;1;9;2017-12-18;4000000;microempresarial
femenino;industria;fabrica de;san javier no.1;2;9;2019-04-03;6000000;microempresarial
femenino;servicio;distribuidora de;san javier no.1;3;9;2016-07-25;6000000;microempresarial
masculino;comercio;tienda;san javier no.1;3;9;2017-06-22;7377000;microempresarial
femenino;comercio;restaurante;san javier no.1;2;9;2017-03-08;3000000;microempresarial
masculino;industria;fabrica de;san javier no.1;2;9;2018-04-26;7800000;microempresarial
masculino;servicio;taller de mecanica;san javier no.1;3;9;2016-09-19;3500000;microempresarial
masculino;servicio;barberia;san javier no.1;1;9;2018-12-06;3500000;microempresarial
masculino;comercio;almacen de ropa en;san javier no.1;3;9;2017-08-30;6000000;microempresarial
femenino;comercio;restaurante;san javier no.1;3;9;2018-10-25;6000000;microempresarial
masculino;comercio;variedades;san javier no.1;3;9;2018-02-05;7300000;microempresarial
femenino;comercio;productos de belleza;san javier no.1;3;9;2016-08-16;6890000;microempresarial
femenino;industria;fabrica de;san javier no.1;2;9;2017-08-28;4000000;microempresarial
femenino;servicio;peluqueria;san javier no.1;3;9;2018-07-09;5000000;microempresarial
femenino;comercio;tienda;san javier no.1;2;9;2018-11-22;6000000;microempresarial
femenino;industria;fabrica de;san javier no.1;3;9;2018-07-05;7500000;microempresarial
femenino;industria;fabrica de;san javier no.1;2;9;2017-04-03;7377000;microempresarial
femenino;comercio;almacen de ropa en;san javier no.1;3;9;2019-04-05;8200000;microempresarial
femenino;comercio;comidas rapidas;san javier no.1;2;9;2017-01-17;4000000;microempresarial
femenino;servicio;venta de lacteos;san javier no.1;1;9;2017-10-27;7000000;microempresarial
femenino;comercio;fabrica de;san javier no.1;3;9;2017-03-03;7300000;microempresarial
masculino;comercio;ferreteria;san javier no.1;3;9;2016-10-28;4000000;microempresarial
femenino;industria;fabrica de;san javier no.1;2;9;2016-02-26;6890000;microempresarial
masculino;servicio;variedades;san javier no.1;1;9;2018-03-08;5000000;microempresarial
femenino;industria;fabrica de;san javier no.1;3;9;2018-03-20;7300000;microempresarial
masculino;industria;fabrica de;san javier no.1;1;9;2017-10-02;7370000;microempresarial
masculino;servicio;tienda;san javier no.1;2;9;2016-07-26;4000000;microempresarial
femenino;servicio;peluqueria;san javier no.1;3;9;2019-05-24;8000000;microempresarial
masculino;industria;fabrica de muebles;san javier no.1;2;9;2017-03-29;7300000;microempresarial
femenino;servicio;barberia;san javier no.1;3;9;2017-02-09;7377000;microempresarial
femenino;industria;fabrica de;san javier no.1;1;9;2018-07-12;4000000;microempresarial
femenino;comercio;tienda;san javier no.1;3;9;2017-08-11;7300000;microempresarial
femenino;comercio;papeleria;san javier no.1;3;9;2018-07-25;4500000;microempresarial
masculino;comercio;variedades;san javier no.1;2;9;2018-01-16;7800000;microempresarial
masculino;servicio;mantenimiento en;san javier no.1;3;9;2016-09-29;5000000;microempresarial
femenino;industria;fabrica de;san javier no.1;3;9;2018-11-28;7800000;microempresarial
femenino;industria;fabrica de;san javier no.1;3;9;2018-02-20;7000000;microempresarial
masculino;comercio;panaderia;san javier no.1;3;9;2018-11-16;7800000;microempresarial
femenino;comercio;comidas rapidas;san javier no.1;3;9;2018-07-16;7000000;microempresarial
femenino;comercio;venta de calzado;san javier no.1;3;9;2016-12-13;4000000;microempresarial
femenino;industria;fabrica de;san javier no.1;2;9;2017-09-22;4000000;microempresarial
masculino;comercio;taller de electronica;san javier no.1;2;9;2017-06-05;2500000;microempresarial
femenino;servicio;panaderia;san javier no.1;3;9;2017-04-27;7377000;microempresarial
femenino;comercio;variedades;san javier no.1;2;9;2017-11-28;7300000;microempresarial
masculino;servicio;tienda;san javier no.1;3;9;2017-06-06;7300000;microempresarial
femenino;industria;fabrica de;san javier no.1;2;9;2018-12-14;3000000;microempresarial
masculino;comercio;variedades;san javier no.1;3;9;2017-12-07;2000000;microempresarial
femenino;comercio;drogueria;san javier no.1;3;9;2016-04-21;6000000;microempresarial
masculino;industria;fabrica de;san javier no.1;2;9;2016-05-31;6000000;microempresarial
femenino;servicio;ferreteria;san javier no.1;3;9;2018-07-03;7800000;microempresarial
femenino;industria;fabrica de;san javier no.1;2;9;2018-03-13;2500000;microempresarial
masculino;comercio;tienda;san javier no.1;2;9;2018-05-03;1700000;microempresarial
femenino;industria;fabrica de;san javier no.1;2;9;2017-03-17;7377000;microempresarial
femenino;industria;fabrica de;san javier no.1;3;9;2017-11-02;4700000;microempresarial
masculino;servicio;distribuidora de;san javier no.1;3;9;2017-11-15;7377000;microempresarial
femenino;comercio;variedades;san javier no.1;3;9;2019-01-18;8200000;microempresarial
masculino;servicio;restaurante;san javier no.1;3;9;2017-11-14;30000000;empresarial ed.
masculino;servicio;comidas rapidas;san javier no.1;3;9;2016-08-23;6890000;microempresarial
femenino;servicio;peluqueria;san javier no.1;2;9;2017-10-24;7300000;microempresarial
femenino;comercio;variedades;san javier no.1;3;9;2017-10-10;3000000;microempresarial
femenino;comercio;fabrica de;san javier no.1;3;9;2019-02-14;2000000;microempresarial
masculino;industria;organización y;san javier no.1;3;9;2016-11-29;5000000;microempresarial
masculino;servicio;variedades;san javier no.1;3;9;2017-11-29;5000000;microempresarial
masculino;comercio;fabrica de arepas;san javier no.1;3;9;2016-11-28;6800000;microempresarial
femenino;servicio;peluqueria;san javier no.1;2;9;2018-01-31;7800000;microempresarial
masculino;comercio;variedades;san javier no.1;3;9;2016-06-03;6890000;microempresarial
femenino;servicio;comidas rapidas;san javier no.1;3;9;2016-07-12;6000000;microempresarial
masculino;comercio;comidas rapidas;san javier no.1;2;9;2018-03-13;4000000;microempresarial
femenino;comercio;almacen de ropa en;san javier no.1;2;9;2017-04-17;4400000;microempresarial
masculino;comercio;distribuidora de;san javier no.1;3;9;2017-08-28;7370000;microempresarial
femenino;industria;fabrica de;san javier no.1;2;9;2018-07-09;5000000;microempresarial
masculino;comercio;legumbreria;san javier no.1;3;9;2016-09-22;6890000;microempresarial
masculino;industria;fabrica de;san javier no.1;2;9;2016-07-21;6500000;microempresarial
masculino;comercio;papeleria;san javier no.1;1;9;2017-08-16;6000000;microempresarial
masculino;comercio;distribuidora de;san javier no.1;3;9;2016-02-18;6000000;microempresarial
masculino;comercio;taller de electronica;san javier no.1;3;9;2017-05-09;7377000;microempresarial
femenino;industria;fabrica de;san javier no.1;3;9;2018-05-09;6000000;microempresarial
masculino;servicio;cafe e internet;san javier no.1;3;9;2018-08-22;2500000;microempresarial
femenino;comercio;cafe e internet;san javier no.1;2;9;2017-09-13;7370000;microempresarial
femenino;comercio;comidas rapidas;san javier no.1;2;9;2017-08-01;3000000;microempresarial
femenino;industria;fabrica de;san javier no.1;2;9;2018-05-22;5000000;juridica y cap.semilla
femenino;servicio;miscelanea;san javier no.1;1;9;2016-12-22;6890000;microempresarial
femenino;comercio;restaurante;san javier no.1;3;9;2017-02-20;7377000;microempresarial
femenino;comercio;cafe e internet;san javier no.1;3;10;2018-10-03;7800000;microempresarial
masculino;industria;fabrica de;san javier no.1;3;9;2017-06-05;7370000;microempresarial
femenino;comercio;publicidad y;san javier no.1;2;9;2018-02-08;2250000;microempresarial
masculino;comercio;tienda;san javier no.1;3;9;2018-05-29;7800000;microempresarial
femenino;industria;fabrica de;san javier no.1;3;9;2017-07-31;7377000;microempresarial
masculino;industria;fabrica de alimentos;san javier no.1;3;9;2018-07-03;17187324;microempresarial
femenino;industria;fabrica de;san javier no.1;2;9;2018-09-14;7800000;microempresarial
femenino;comercio;tienda;san javier no.1;3;9;2016-03-18;28000000;empresarial ed.
femenino;servicio;peluqueria;aranjuez;1;9;2017-12-12;7377000;microempresarial
femenino;industria;fabrica de;aranjuez;3;9;2017-09-01;7377000;microempresarial
femenino;comercio;comidas rapidas;aranjuez;2;9;2017-11-08;7000000;microempresarial
femenino;comercio;cafe e internet;aranjuez;3;9;2017-01-30;7377000;microempresarial
femenino;servicio;peluqueria;aranjuez;3;10;2019-06-06;8000000;microempresarial
femenino;comercio;ferreteria;aranjuez;2;9;2016-07-07;6800000;microempresarial
masculino;servicio;variedades;aranjuez;2;9;2018-05-02;6000000;microempresarial
femenino;comercio;variedades;aranjuez;3;9;2017-11-29;4000000;microempresarial
femenino;industria;fabrica de;aranjuez;2;9;2016-04-19;6800000;microempresarial
masculino;industria;taller de electronica;aranjuez;2;9;2018-02-14;7000000;microempresarial
masculino;comercio;tienda;aranjuez;1;9;2016-10-07;4000000;microempresarial
masculino;comercio;publicidad y;aranjuez;3;9;2017-02-07;30246396;empresarial ed.
masculino;comercio;tienda;aranjuez;2;9;2019-06-28;1500000;microempresarial
femenino;comercio;comidas rapidas;aranjuez;3;9;2017-01-06;6000000;microempresarial
masculino;comercio;tienda de helados;aranjuez;3;9;2017-05-10;6000000;microempresarial
femenino;servicio;peluqueria;aranjuez;3;9;2017-07-21;7370000;microempresarial
femenino;comercio;almacen de ropa en;aranjuez;3;9;2017-03-09;4000000;microempresarial
femenino;industria;fabrica de;aranjuez;3;9;2019-03-11;8000000;microempresarial
femenino;industria;fabrica de;aranjuez;2;9;2018-09-20;7800000;microempresarial
femenino;servicio;mantenimiento en;aranjuez;1;9;2017-11-16;7000000;microempresarial
femenino;servicio;productos de belleza;aranjuez;2;9;2017-01-24;4000000;microempresarial
femenino;comercio;comidas rapidas;aranjuez;3;9;2018-02-05;7800000;microempresarial
masculino;servicio;mantenimiento en;aranjuez;3;9;2018-01-23;7800000;microempresarial
masculino;industria;fabrica de;aranjuez;3;9;2016-12-06;1000000;microempresarial
femenino;agropecuaria;tienda;aranjuez;3;9;2019-05-08;8000000;microempresarial
femenino;industria;fabrica de;aranjuez;3;9;2018-06-21;4000000;microempresarial
masculino;industria;fabrica de;aranjuez;3;9;2019-06-12;2500000;microempresarial
femenino;industria;fabrica de;aranjuez;3;9;2017-09-11;4400000;microempresarial
masculino;comercio;variedades;aranjuez;3;9;2018-06-06;7800000;microempresarial
masculino;comercio;variedades;aranjuez;3;9;2018-07-03;4600000;microempresarial
masculino;comercio;comidas rapidas;aranjuez;3;9;2018-09-17;7800000;microempresarial
femenino;comercio;legumbreria;aranjuez;1;9;2017-11-14;6000000;microempresarial
masculino;comercio;restaurante;aranjuez;3;9;2017-06-13;7377000;microempresarial
masculino;industria;taller de mecanica;aranjuez;2;9;2018-10-03;6000000;microempresarial
masculino;servicio;cafe e internet;aranjuez;3;9;2018-02-06;4000000;microempresarial
femenino;comercio;variedades;aranjuez;1;9;2017-10-10;3000000;microempresarial
femenino;servicio;productos de belleza;aranjuez;2;9;2017-08-03;7360000;microempresarial
femenino;industria;fabrica de;aranjuez;2;9;2017-02-23;6000000;microempresarial
masculino;servicio;mantenimiento en;aranjuez;3;9;2017-03-16;7000000;microempresarial
femenino;servicio;restaurante;aranjuez;2;7;2016-09-27;6890000;microempresarial
masculino;comercio;tienda naturista;aranjuez;3;9;2016-07-13;6400000;microempresarial
femenino;industria;mantenimiento en;aranjuez;2;4;2018-08-28;4000000;microempresarial
masculino;comercio;almacen de ropa en;aranjuez;2;9;2018-10-03;2000000;microempresarial
femenino;servicio;fabrica de;aranjuez;3;9;2017-02-09;7000000;microempresarial
masculino;industria;fabrica de;aranjuez;2;9;2018-07-11;7800000;microempresarial
masculino;industria;fabrica de;aranjuez;3;9;2018-01-26;3000000;microempresarial
femenino;comercio;almacen de ropa en;aranjuez;3;9;2016-11-28;8000000;microempresarial
masculino;comercio;variedades;aranjuez;3;9;2018-06-05;7800000;microempresarial
femenino;comercio;panaderia;aranjuez;2;9;2017-06-22;7377000;microempresarial
femenino;comercio;bares;aranjuez;3;9;2016-10-12;4000000;microempresarial
femenino;comercio;variedades;aranjuez;3;9;2018-08-01;1000000;microempresarial
femenino;servicio;cafeteria;aranjuez;3;9;2017-08-18;6000000;microempresarial
femenino;servicio;tienda;aranjuez;2;9;2017-07-21;7000000;microempresarial
femenino;comercio;comidas rapidas;aranjuez;1;9;2019-05-24;8200000;microempresarial
femenino;servicio;comidas rapidas;aranjuez;2;9;2016-09-22;6890000;microempresarial
masculino;comercio;variedades;aranjuez;3;9;2017-09-22;6000000;microempresarial
femenino;industria;fabrica de;aranjuez;3;9;2017-02-16;6000000;microempresarial
femenino;comercio;papeleria;aranjuez;3;9;2017-01-23;5000000;microempresarial
femenino;comercio;peluqueria;aranjuez;2;9;2018-06-01;6000000;microempresarial
masculino;servicio;mantenimiento en;aranjuez;2;9;2017-03-28;7000000;microempresarial
femenino;industria;fabrica de repuestos;aranjuez;3;9;2017-04-26;7300000;microempresarial
femenino;comercio;comidas rapidas;aranjuez;2;9;2017-09-18;7377000;microempresarial
femenino;comercio;variedades;aranjuez;2;9;2017-02-16;3500000;microempresarial
femenino;comercio;variedades;aranjuez;3;9;2017-05-09;7377000;microempresarial
femenino;comercio;almacen de ropa en;aranjuez;2;9;2019-03-07;4500000;microempresarial
femenino;comercio;variedades;aranjuez;3;9;2017-07-10;7000000;microempresarial
femenino;servicio;peluqueria;aranjuez;3;9;2016-08-10;6890000;microempresarial
masculino;servicio;peluqueria;aranjuez;2;9;2017-08-10;6000000;microempresarial
femenino;comercio;variedades;aranjuez;3;9;2018-04-30;7500000;microempresarial
femenino;servicio;cafe e internet;aranjuez;3;9;2016-12-05;6890000;microempresarial
masculino;comercio;comidas rapidas;aranjuez;3;9;2018-06-22;7800000;microempresarial
femenino;comercio;restaurante;aranjuez;2;9;2019-01-21;7800000;microempresarial
femenino;industria;fabrica de;aranjuez;3;9;2016-09-19;5000000;microempresarial
femenino;comercio;variedades;aranjuez;3;9;2018-09-20;4600000;microempresarial
masculino;comercio;papeleria;aranjuez;2;9;2016-02-18;6400000;microempresarial
femenino;comercio;tienda;aranjuez;3;9;2016-03-16;6000000;microempresarial
masculino;comercio;tienda;aranjuez;1;9;2017-10-05;4400000;microempresarial
femenino;industria;fabrica de;aranjuez;3;9;2018-07-10;3000000;microempresarial
femenino;comercio;miscelanea;aranjuez;3;9;2017-01-23;6000000;microempresarial
femenino;comercio;tienda naturista;aranjuez;2;9;2017-11-27;7377000;microempresarial
femenino;comercio;almacen de ropa en;aranjuez;3;9;2019-03-05;8000000;microempresarial
masculino;comercio;restaurante;aranjuez;3;9;2016-11-18;6500000;microempresarial
femenino;comercio;comidas rapidas;aranjuez;3;9;2017-10-30;7000000;microempresarial
masculino;servicio;barberia;aranjuez;2;9;2017-10-26;7000000;microempresarial
femenino;servicio;peluqueria;aranjuez;3;9;2018-05-03;6000000;microempresarial
masculino;servicio;mantenimiento en;aranjuez;3;9;2017-07-25;5000000;microempresarial
femenino;servicio;lavanderia;aranjuez;2;9;2017-04-27;7000000;microempresarial
femenino;comercio;almacen de ropa en;aranjuez;3;9;2018-03-23;7200000;microempresarial
femenino;comercio;productos de belleza;aranjuez;2;9;2017-06-30;7337000;microempresarial
femenino;comercio;almacen de ropa en;aranjuez;3;9;2017-11-27;7000000;microempresarial
femenino;industria;fabrica de;aranjuez;2;9;2016-02-04;2500000;microempresarial
femenino;comercio;comidas rapidas;aranjuez;2;9;2017-03-21;5000000;microempresarial
masculino;comercio;comidas rapidas;aranjuez;3;9;2017-05-30;7300000;microempresarial
femenino;comercio;distribuidora de;aranjuez;3;9;2017-03-13;7300000;microempresarial
femenino;industria;fabrica de;aranjuez;3;9;2018-11-06;5000000;microempresarial
femenino;comercio;comidas rapidas;aranjuez;2;9;2018-04-09;2000000;microempresarial
masculino;servicio;criadero de animales;aranjuez;3;9;2017-09-01;7377000;microempresarial
femenino;comercio;fabrica de calzado;aranjuez;3;9;2016-09-15;6850000;microempresarial
femenino;servicio;papeleria;aranjuez;1;9;2018-11-26;7812000;microempresarial
femenino;comercio;tienda;aranjuez;2;9;2019-06-12;3000000;microempresarial
femenino;comercio;distribuidora de;aranjuez;3;9;2018-08-13;7800000;microempresarial
masculino;comercio;variedades;aranjuez;2;9;2017-07-19;4400000;credioportuno
femenino;comercio;variedades;aranjuez;3;9;2018-09-05;3500000;microempresarial
femenino;comercio;legumbreria;aranjuez;3;9;2016-10-03;3000000;microempresarial
femenino;comercio;variedades;aranjuez;2;9;2018-04-18;3000000;microempresarial
masculino;comercio;distribuidora de;aranjuez;3;9;2016-10-26;6890000;microempresarial
masculino;servicio;billares;aranjuez;3;9;2018-08-15;7800000;microempresarial
femenino;comercio;comidas rapidas;aranjuez;2;9;2018-07-03;7000000;microempresarial
masculino;comercio;comidas rapidas;aranjuez;3;9;2017-09-11;7000000;microempresarial
femenino;industria;fabrica de;aranjuez;3;9;2016-04-25;6890000;microempresarial
femenino;servicio;tienda;aranjuez;1;9;2017-05-23;7377000;microempresarial
femenino;comercio;almacen de ropa en;aranjuez;3;9;2017-06-14;7300000;microempresarial
masculino;comercio;taller de mecanica;aranjuez;2;80;2018-02-05;6000000;microempresarial
masculino;comercio;fabrica de repuestos;aranjuez;3;80;2018-02-21;7800000;microempresarial
masculino;comercio;almacen de ropa en;aranjuez;2;10;2019-03-27;4000000;microempresarial
femenino;industria;fabrica de;aranjuez;2;80;2019-02-08;7000000;microempresarial
femenino;industria;carpinteria;aranjuez;3;80;2017-07-19;7000000;microempresarial
femenino;comercio;tienda;aranjuez;2;80;2018-01-03;6000000;microempresarial
femenino;industria;distribuidora de;aranjuez;2;80;2016-11-03;3000000;microempresarial
masculino;comercio;publicidad y;aranjuez;3;80;2018-04-24;5000000;microempresarial
femenino;servicio;comidas rapidas;aranjuez;2;80;2016-06-16;3000000;microempresarial
femenino;comercio;restaurante;aranjuez;2;80;2019-06-07;3000000;microempresarial
femenino;comercio;variedades;aranjuez;2;80;2019-02-18;7000000;microempresarial
femenino;comercio;panaderia;aranjuez;2;80;2018-03-06;7800000;microempresarial
femenino;servicio;peluqueria;aranjuez;3;80;2018-04-06;3000000;microempresarial
femenino;comercio;variedades;aranjuez;2;80;2016-01-25;4000000;microempresarial
femenino;industria;fabrica de;aranjuez;2;80;2017-07-17;7000000;microempresarial
femenino;servicio;peluqueria;aranjuez;2;80;2018-07-16;7800000;microempresarial
masculino;comercio;reciclaje;aranjuez;2;80;2018-05-02;251102;microempresarial
femenino;comercio;comidas rapidas;aranjuez;1;80;2018-01-15;6000000;microempresarial
femenino;comercio;variedades;aranjuez;3;80;2018-05-04;4200000;microempresarial
masculino;comercio;joyeria;aranjuez;3;80;2017-11-08;248911;microempresarial
femenino;comercio;fabrica de;aranjuez;3;80;2017-03-21;4000000;microempresarial
masculino;servicio;mantenimiento en;aranjuez;2;80;2019-06-27;5880000;microempresarial
femenino;agropecuaria;criadero de animales;aranjuez;2;80;2018-09-27;14000000;fomento agropecuario
femenino;servicio;productos de belleza;aranjuez;2;80;2019-01-22;8000000;microempresarial
femenino;servicio;peluqueria;aranjuez;2;80;2018-08-03;1300000;microempresarial
femenino;comercio;variedades;aranjuez;2;80;2017-09-07;7000000;microempresarial
masculino;industria;taller de mecanica;aranjuez;2;80;2016-10-13;6890000;microempresarial
femenino;industria;lenceria para el;aranjuez;3;80;2016-12-01;6800000;microempresarial
masculino;comercio;almacen de ropa en;aranjuez;3;80;2017-11-15;3000000;microempresarial
femenino;comercio;fabrica de helados;aranjuez;2;80;2017-09-12;7000000;microempresarial
masculino;servicio;variedades;aranjuez;2;80;2018-09-27;7000000;microempresarial
masculino;comercio;deposito de;aranjuez;3;80;2016-10-18;6000000;microempresarial
masculino;comercio;distribuidora de;aranjuez;2;80;2018-04-18;7000000;microempresarial
masculino;servicio;peluqueria;aranjuez;2;80;2018-08-22;1200000;microempresarial
masculino;servicio;recreativo educativo;aranjuez;3;80;2018-04-10;7800000;microempresarial
femenino;comercio;restaurante;aranjuez;1;80;2018-10-11;7000000;microempresarial
femenino;comercio;variedades;aranjuez;2;80;2017-10-20;3000000;microempresarial
masculino;industria;fabrica de;aranjuez;2;80;2017-05-03;7300000;microempresarial
femenino;comercio;comidas rapidas;aranjuez;3;80;2018-10-31;7500000;microempresarial
femenino;industria;fabrica de;aranjuez;3;80;2017-09-27;7000000;microempresarial
femenino;comercio;variedades;aranjuez;2;80;2019-06-07;6300000;microempresarial
masculino;comercio;restaurante;aranjuez;2;80;2016-09-05;6800000;microempresarial
masculino;industria;jardineria;aranjuez;3;80;2019-04-25;2000000;microempresarial
femenino;comercio;tienda de helados;aranjuez;2;80;2018-01-30;4000000;microempresarial
femenino;comercio;comidas rapidas;aranjuez;3;80;2017-03-09;7377170;microempresarial
femenino;comercio;joyeria;aranjuez;3;11;2019-03-29;8200000;microempresarial
femenino;servicio;lavanderia;aranjuez;3;80;2018-04-04;7800000;microempresarial
femenino;servicio;tienda de helados;aranjuez;3;80;2017-11-02;2500000;microempresarial
masculino;industria;fabrica de;aranjuez;3;80;2016-08-11;6890000;microempresarial
masculino;comercio;productos de belleza;aranjuez;3;80;2019-03-06;5000000;microempresarial
femenino;comercio;variedades;aranjuez;2;80;2018-01-24;7800000;microempresarial
masculino;comercio;variedades;aranjuez;2;80;2018-03-09;7800000;microempresarial
femenino;comercio;comidas rapidas;aranjuez;1;80;2016-10-26;6894000;microempresarial
masculino;comercio;productos de mar;aranjuez;3;80;2017-09-21;2000000;microempresarial
femenino;comercio;almacen de ropa en;aranjuez;3;80;2017-02-22;7000000;microempresarial
femenino;industria;fabrica de;aranjuez;3;80;2017-11-09;4000000;microempresarial
femenino;industria;fabrica de;aranjuez;3;80;2017-04-18;7300000;microempresarial
femenino;comercio;granero;aranjuez;3;80;2017-02-14;5000000;microempresarial
masculino;agropecuaria;criadero de animales;aranjuez;2;80;2017-09-28;14000000;fomento agropecuario
masculino;comercio;tienda;aranjuez;3;80;2017-07-24;4000000;microempresarial
masculino;agropecuaria;jardineria;aranjuez;2;80;2017-04-24;4500000;microempresarial
femenino;comercio;tienda;aranjuez;2;80;2018-05-07;6000000;microempresarial
masculino;comercio;variedades;aranjuez;3;80;2018-06-05;2100000;microempresarial
femenino;industria;fabrica de alimentos;aranjuez;3;80;2017-07-27;6000000;microempresarial
femenino;servicio;tienda;aranjuez;3;80;2018-11-26;6662000;microempresarial
masculino;comercio;variedades;aranjuez;2;80;2018-02-20;5000000;microempresarial
masculino;servicio;barberia;aranjuez;2;80;2019-06-06;3500000;microempresarial
masculino;comercio;cerrajeria;aranjuez;2;80;2018-06-07;3000000;microempresarial
masculino;comercio;variedades;aranjuez;1;80;2018-05-24;5000000;microempresarial
masculino;comercio;comidas rapidas;aranjuez;2;80;2017-10-24;7000000;microempresarial
femenino;comercio;comidas rapidas;aranjuez;2;80;2018-09-10;7000000;microempresarial
masculino;comercio;legumbreria;aranjuez;2;80;2018-05-21;3000000;microempresarial
masculino;agropecuaria;sembrados;aranjuez;2;80;2018-07-24;5000000;agropecuaria
masculino;comercio;tienda;aranjuez;1;80;2018-04-06;7800000;microempresarial
femenino;comercio;variedades;aranjuez;2;80;2018-02-13;6000000;microempresarial
femenino;comercio;variedades;aranjuez;3;80;2017-11-27;7300000;microempresarial
femenino;comercio;restaurante;aranjuez;2;80;2018-03-06;6000000;microempresarial
masculino;servicio;tienda;aranjuez;2;80;2019-05-06;8000000;microempresarial
femenino;servicio;fabrica de;aranjuez;3;80;2016-12-02;6000000;microempresarial
femenino;agropecuaria;granero;aranjuez;2;80;2019-02-18;1800000;microempresarial
masculino;industria;carpinteria;aranjuez;2;80;2017-07-13;5000000;microempresarial
masculino;comercio;papeleria;aranjuez;2;80;2018-04-17;5000000;microempresarial
masculino;industria;fabrica de;aranjuez;2;80;2017-10-11;7000000;microempresarial
femenino;servicio;fabrica de;aranjuez;2;80;2016-09-09;3000000;microempresarial
femenino;comercio;tienda;aranjuez;2;80;2016-05-19;6800000;microempresarial
masculino;servicio;barberia;aranjuez;3;80;2016-09-28;6890000;microempresarial
femenino;industria;fabrica de;aranjuez;2;80;2016-06-13;6000000;microempresarial
masculino;comercio;carpinteria;aranjuez;2;80;2018-07-25;6000000;microempresarial
masculino;agropecuaria;criadero de animales;aranjuez;2;80;2018-06-12;7800000;microempresarial
masculino;comercio;ferreteria;aranjuez;2;80;2017-03-06;7000000;microempresarial
masculino;servicio;mantenimiento en;aranjuez;2;80;2016-04-26;6890000;microempresarial
femenino;comercio;tienda;aranjuez;2;80;2016-08-01;5000000;microempresarial
masculino;servicio;criadero de animales;aranjuez;2;80;2017-06-02;7377000;microempresarial
femenino;comercio;tienda;aranjuez;2;80;2019-06-10;8200000;microempresarial
femenino;comercio;panaderia;aranjuez;2;80;2018-03-02;7800000;microempresarial
femenino;agropecuaria;sembrados;aranjuez;3;80;2017-02-06;11000000;juridica y cap.semilla
femenino;servicio;drogueria;aranjuez;3;80;2017-01-26;7377000;microempresarial
femenino;comercio;fabrica de;aranjuez;2;80;2017-07-06;1500000;microempresarial
femenino;comercio;tienda;aranjuez;2;80;2018-10-03;5000000;microempresarial
femenino;comercio;variedades;aranjuez;2;80;2017-03-27;7377000;microempresarial
femenino;comercio;tienda;aranjuez;3;10;2019-03-13;1500000;microempresarial
masculino;comercio;variedades;aranjuez;3;80;2017-06-30;7300000;microempresarial
femenino;comercio;variedades;aranjuez;3;80;2017-03-16;7000000;microempresarial
femenino;comercio;variedades;aranjuez;2;80;2017-04-25;5000000;microempresarial
femenino;comercio;tienda;aranjuez;2;80;2017-06-14;2000000;microempresarial
masculino;comercio;fabrica de calzado;aranjuez;2;80;2016-06-20;5000000;microempresarial
femenino;industria;almacen de ropa en;aranjuez;2;80;2017-07-27;5000000;microempresarial
femenino;comercio;variedades;aranjuez;2;80;2017-08-28;7000000;microempresarial
masculino;servicio;taller de mecanica;aranjuez;3;80;2017-07-18;7000000;microempresarial
femenino;servicio;papeleria;aranjuez;3;80;2016-10-07;5000000;microempresarial
femenino;industria;fabrica de;aranjuez;3;80;2019-06-13;6750000;microempresarial
masculino;servicio;gimnasio;aranjuez;3;80;2016-09-06;28200000;empresarial ed.
masculino;industria;fabrica de alimentos;aranjuez;2;80;2016-04-22;6400000;microempresarial
masculino;comercio;peluqueria;aranjuez;3;80;2018-05-09;5000000;microempresarial
femenino;servicio;recreativo educativo;aranjuez;3;80;2016-09-01;6890000;juridica y cap.semilla
femenino;comercio;almacen de ropa en;aranjuez;2;80;2017-10-30;5000000;microempresarial
femenino;comercio;tienda;aranjuez;3;80;2016-11-02;6000000;microempresarial
femenino;comercio;variedades;aranjuez;2;80;2016-06-17;6800000;microempresarial
masculino;agropecuaria;sembrados;aranjuez;3;80;2017-06-30;12000000;agropecuaria
femenino;comercio;papeleria;aranjuez;1;80;2016-11-09;1500000;microempresarial
femenino;comercio;comidas rapidas;aranjuez;2;80;2018-04-25;788000;microempresarial
femenino;servicio;almacen de ropa en;aranjuez;1;80;2017-05-10;2000000;microempresarial
femenino;servicio;mantenimiento en;aranjuez;2;80;2018-03-21;7000000;microempresarial
masculino;comercio;variedades;aranjuez;3;80;2017-07-27;4000000;microempresarial
masculino;industria;fabrica de;aranjuez;2;80;2017-06-06;7000000;microempresarial
femenino;servicio;peluqueria;aranjuez;3;80;2018-05-23;5000000;microempresarial
femenino;comercio;fabrica de alimentos;aranjuez;2;80;2018-06-12;7800000;microempresarial
femenino;industria;fabrica de;aranjuez;2;80;2016-10-21;6500000;microempresarial
femenino;agropecuaria;criadero de animales;aranjuez;2;80;2017-12-05;7300000;microempresarial
femenino;comercio;tienda;aranjuez;1;80;2016-04-25;6000000;microempresarial
femenino;servicio;peluqueria;aranjuez;3;80;2016-03-01;5000000;microempresarial
femenino;comercio;variedades;aranjuez;2;80;2018-06-18;5000000;microempresarial
femenino;servicio;peluqueria;aranjuez;3;80;2016-06-01;3500000;microempresarial
masculino;agropecuaria;criadero de animales;aranjuez;2;80;2016-10-11;13700000;agropecuaria
femenino;comercio;distribuidora de;aranjuez;2;80;2016-10-18;6800000;microempresarial
masculino;comercio;ferreteria;aranjuez;2;80;2017-05-30;7370000;microempresarial
masculino;comercio;miscelanea;aranjuez;3;80;2017-03-03;5000000;microempresarial
femenino;comercio;productos de belleza;aranjuez;2;80;2018-04-26;2500000;microempresarial
femenino;servicio;peluqueria;aranjuez;2;80;2017-03-06;7370000;microempresarial
femenino;comercio;papeleria;aranjuez;2;80;2018-12-11;2000000;microempresarial
masculino;servicio;variedades;aranjuez;2;80;2018-04-16;1300000;microempresarial
masculino;industria;panaderia;aranjuez;2;80;2016-05-06;4000000;microempresarial
femenino;comercio;tienda;aranjuez;1;80;2018-10-11;1000000;microempresarial
femenino;industria;fabrica de;aranjuez;1;80;2018-10-03;6000000;microempresarial
femenino;comercio;legumbreria;aranjuez;2;80;2018-03-02;4000000;microempresarial
femenino;comercio;tienda naturista;aranjuez;3;80;2018-03-07;5500000;microempresarial
masculino;industria;fabrica de calzado;aranjuez;2;60;2018-10-11;6000000;microempresarial
femenino;comercio;variedades;aranjuez;2;80;2018-06-05;7800000;microempresarial
femenino;industria;restaurante;aranjuez;2;80;2017-05-10;4000000;microempresarial
masculino;comercio;comidas rapidas;aranjuez;3;80;2018-04-18;7800000;microempresarial
masculino;servicio;peluqueria;aranjuez;2;80;2018-03-02;7800000;microempresarial
femenino;industria;carpinteria;aranjuez;2;80;2016-09-15;6500000;microempresarial
masculino;industria;venta de repuestos;aranjuez;3;80;2017-07-04;700000;microempresarial
femenino;comercio;cafeteria;aranjuez;3;80;2019-01-31;7000000;microempresarial
masculino;industria;fabrica de;aranjuez;3;80;2018-03-15;3500000;microempresarial
masculino;agropecuaria;criadero de animales;aranjuez;3;80;2019-04-11;8000000;microempresarial
femenino;comercio;variedades;aranjuez;2;80;2017-02-17;6000000;microempresarial
femenino;servicio;taller de mecanica;aranjuez;2;80;2017-09-19;7000000;microempresarial
femenino;comercio;variedades;aranjuez;2;80;2017-11-29;5000000;microempresarial
masculino;comercio;almacen de ropa en;aranjuez;2;80;2017-11-20;4000000;microempresarial
femenino;agropecuaria;criadero de animales;aranjuez;2;80;2017-10-09;14000000;agropecuaria
femenino;industria;fabrica de;aranjuez;2;80;2017-10-02;6800000;microempresarial
femenino;comercio;fabrica de;aranjuez;3;80;2016-09-01;6000000;microempresarial
femenino;comercio;comidas rapidas;aranjuez;3;80;2017-09-19;5000000;microempresarial
femenino;servicio;restaurante;aranjuez;2;80;2016-11-02;6800000;microempresarial
femenino;industria;fabrica de;aranjuez;3;80;2017-05-03;7377000;microempresarial
femenino;comercio;variedades;aranjuez;2;80;2017-03-27;6000000;microempresarial
femenino;agropecuaria;criadero de animales;aranjuez;2;80;2018-10-03;5000000;agropecuaria
femenino;comercio;comidas rapidas;aranjuez;2;80;2019-06-27;4500000;microempresarial
femenino;servicio;panaderia;aranjuez;2;80;2016-08-26;6000000;microempresarial
masculino;industria;variedades;aranjuez;3;80;2018-02-13;3000000;microempresarial
femenino;comercio;comidas rapidas;aranjuez;2;80;2017-06-13;4000000;microempresarial
femenino;comercio;tienda;aranjuez;2;80;2017-08-03;4000000;microempresarial
masculino;servicio;distribuidora de;aranjuez;3;80;2019-02-22;17100000;microempresarial
femenino;comercio;joyeria;aranjuez;3;80;2017-02-03;4000000;microempresarial
femenino;comercio;variedades;aranjuez;2;80;2018-08-14;7800000;microempresarial
femenino;comercio;fabrica de calzado;aranjuez;3;80;2017-11-20;4422000;microempresarial
femenino;industria;fabrica de;aranjuez;2;80;2017-11-28;5000000;microempresarial
femenino;servicio;restaurante;aranjuez;1;80;2017-10-06;6000000;microempresarial
masculino;comercio;productos de belleza;aranjuez;2;80;2016-11-09;6890000;microempresarial
masculino;industria;fabrica de;aranjuez;2;80;2016-09-30;6800000;microempresarial
femenino;industria;fabrica de;aranjuez;3;80;2016-11-09;4000000;microempresarial
masculino;comercio;comidas rapidas;aranjuez;3;80;2017-10-12;7000000;microempresarial
femenino;industria;viveros;aranjuez;2;80;2019-02-22;8200000;microempresarial
femenino;industria;carpinteria;aranjuez;2;80;2018-01-26;3500000;microempresarial
femenino;comercio;variedades;aranjuez;3;80;2018-08-03;3000000;microempresarial
femenino;servicio;fabrica de;aranjuez;3;80;2017-09-20;5000000;microempresarial
femenino;industria;variedades;aranjuez;2;80;2018-06-21;6000000;microempresarial
masculino;industria;fabrica de;aranjuez;2;9;2018-10-30;7800000;microempresarial
femenino;servicio;tienda;aranjuez;2;80;2016-10-21;6800000;microempresarial
femenino;comercio;variedades;aranjuez;2;80;2016-10-11;6000000;microempresarial
femenino;comercio;mantenimiento en;aranjuez;3;80;2017-06-22;2000000;microempresarial
femenino;comercio;variedades;aranjuez;2;80;2019-02-22;1000000;microempresarial
femenino;servicio;fabrica de;aranjuez;3;4;2017-09-25;7000000;microempresarial
femenino;industria;fabrica de;aranjuez;2;80;2016-05-13;3400000;microempresarial
femenino;servicio;comidas rapidas;aranjuez;3;80;2016-08-08;6000000;microempresarial
masculino;industria;fabrica de;aranjuez;2;80;2017-07-26;7377000;microempresarial
femenino;servicio;cafe e internet;aranjuez;3;80;2016-06-10;6000000;microempresarial
masculino;servicio;organización y;aranjuez;2;80;2016-05-05;19000000;juridica y cap.semilla
femenino;industria;fabrica de;aranjuez;2;80;2018-06-21;5000000;microempresarial
masculino;industria;fabrica de;aranjuez;2;80;2016-09-06;6800000;microempresarial
femenino;comercio;variedades;aranjuez;3;80;2017-09-15;7000000;microempresarial
femenino;comercio;tienda;aranjuez;2;80;2018-04-26;5000000;microempresarial
femenino;industria;fabrica de;aranjuez;2;80;2018-10-26;7800000;microempresarial
femenino;comercio;tienda;aranjuez;2;80;2016-07-12;5000000;microempresarial
femenino;comercio;variedades;aranjuez;3;80;2017-09-25;7000000;microempresarial
femenino;servicio;peluqueria;aranjuez;2;80;2019-03-21;8000000;microempresarial
femenino;comercio;tienda;aranjuez;2;80;2018-03-02;4200000;microempresarial
femenino;comercio;almacen de ropa en;aranjuez;2;80;2016-09-22;4000000;microempresarial
masculino;agropecuaria;fabrica de alimentos;aranjuez;2;80;2018-09-14;17000000;microempresarial
femenino;industria;fabrica de;aranjuez;2;80;2017-11-08;4000000;microempresarial
femenino;comercio;tienda;aranjuez;2;80;2017-01-23;2000000;microempresarial
masculino;comercio;tienda;aranjuez;3;80;2018-05-21;5500000;microempresarial
femenino;industria;fabrica de calzado;aranjuez;2;80;2017-10-19;7000000;microempresarial
masculino;servicio;criadero de animales;aranjuez;2;80;2018-12-28;6500000;microempresarial
femenino;comercio;venta de calzado;aranjuez;2;80;2017-01-31;7377000;microempresarial
femenino;comercio;variedades;aranjuez;2;80;2016-09-12;6800000;microempresarial
femenino;comercio;tienda de helados;aranjuez;3;80;2016-07-13;3000000;microempresarial
femenino;comercio;distribuidora de;aranjuez;2;80;2017-08-30;30000000;empresarial ed.
masculino;comercio;panaderia;aranjuez;2;80;2019-02-18;8000000;microempresarial
femenino;comercio;variedades;aranjuez;3;80;2017-01-20;7377000;microempresarial
masculino;comercio;miscelanea;aranjuez;2;80;2016-06-03;6890000;microempresarial
femenino;comercio;variedades;aranjuez;1;80;2018-06-05;3500000;microempresarial
masculino;comercio;comidas rapidas;aranjuez;3;80;2018-11-14;1600000;microempresarial
femenino;comercio;variedades;aranjuez;2;80;2018-01-25;4500000;microempresarial
femenino;comercio;tienda;aranjuez;3;80;2017-11-21;7300000;microempresarial
masculino;agropecuaria;sembrados;aranjuez;2;80;2017-11-01;12000000;agropecuaria
femenino;industria;fabrica de;aranjuez;3;80;2018-11-09;6000000;microempresarial
femenino;comercio;almacen de ropa en;aranjuez;2;80;2018-11-14;7000000;microempresarial
femenino;comercio;comidas rapidas;aranjuez;1;80;2018-11-14;3880000;microempresarial
femenino;comercio;fabrica de alimentos;aranjuez;3;80;2018-04-05;7800000;microempresarial
femenino;comercio;tienda de helados;aranjuez;2;80;2017-04-26;6000000;microempresarial
masculino;comercio;fabrica de;aranjuez;3;80;2016-11-01;6500000;microempresarial
femenino;servicio;barberia;aranjuez;3;80;2016-11-04;6890000;microempresarial
femenino;comercio;almacen de ropa en;aranjuez;2;80;2017-02-09;7377000;microempresarial
femenino;comercio;miscelanea;aranjuez;3;80;2016-02-17;5000000;microempresarial
femenino;comercio;variedades;aranjuez;2;80;2017-11-16;7000000;microempresarial
femenino;servicio;taller de mecanica;aranjuez;3;60;2017-07-13;7000000;microempresarial
masculino;industria;fabrica de;aranjuez;2;80;2018-08-15;4000000;microempresarial
masculino;servicio;lavadero de;aranjuez;3;80;2018-02-27;5000000;microempresarial
femenino;industria;fabrica de;aranjuez;1;7;2018-02-12;7000000;microempresarial
femenino;industria;fabrica de;aranjuez;3;80;2018-05-22;4700000;microempresarial
masculino;industria;variedades;aranjuez;2;80;2017-07-24;5000000;credioportuno
masculino;comercio;cafe e internet;aranjuez;2;80;2017-06-05;5500000;microempresarial
femenino;comercio;variedades;aranjuez;2;80;2018-12-28;7800000;microempresarial
femenino;industria;fabrica de;aranjuez;3;80;2018-03-20;5000000;microempresarial
masculino;comercio;panaderia;aranjuez;2;80;2017-04-27;3000000;microempresarial
femenino;industria;comidas rapidas;aranjuez;2;60;2016-07-14;4000000;microempresarial
femenino;comercio;variedades;aranjuez;1;60;2018-12-04;3000000;microempresarial
femenino;comercio;distribuidora de;aranjuez;2;60;2018-08-24;6000000;microempresarial
femenino;comercio;tienda;aranjuez;2;60;2016-09-22;6890000;microempresarial
femenino;comercio;variedades;aranjuez;3;60;2017-05-31;7000000;microempresarial
femenino;comercio;sembrados;aranjuez;2;60;2018-01-31;5500000;microempresarial
femenino;comercio;comidas rapidas;aranjuez;2;60;2016-12-01;1000000;microempresarial
masculino;industria;fabrica de;aranjuez;1;60;2018-04-25;2000000;microempresarial
femenino;agropecuaria;criadero de animales;aranjuez;3;60;2018-05-02;6000000;microempresarial
masculino;comercio;distribuidora de;aranjuez;1;60;2018-02-28;7800000;microempresarial
masculino;servicio;restaurante;aranjuez;2;60;2018-05-30;6000000;microempresarial
femenino;servicio;fabrica de helados;aranjuez;3;60;2018-03-06;7800000;microempresarial
femenino;comercio;comidas rapidas;aranjuez;1;60;2017-01-11;1000000;microempresarial
masculino;comercio;tienda;aranjuez;1;60;2018-02-28;4500000;microempresarial
femenino;comercio;comidas rapidas;aranjuez;1;60;2019-03-18;4000000;microempresarial
masculino;comercio;sembrados;aranjuez;2;60;2017-09-12;1500000;microempresarial
femenino;servicio;tienda;aranjuez;2;60;2018-01-15;7000000;microempresarial
masculino;agropecuaria;viveros;aranjuez;2;60;2017-05-02;3000000;microempresarial
femenino;comercio;tienda;aranjuez;2;60;2017-05-05;5000000;microempresarial
masculino;agropecuaria;sembrados;aranjuez;2;60;2017-03-03;14700000;microempresarial
masculino;comercio;miscelanea;aranjuez;3;60;2018-02-26;1000000;microempresarial
masculino;agropecuaria;sembrados;aranjuez;2;60;2018-09-27;1000000;microempresarial
femenino;industria;fabrica de;aranjuez;2;60;2018-05-07;2500000;microempresarial
femenino;comercio;tienda;aranjuez;1;60;2018-02-05;4000000;microempresarial
femenino;comercio;fabrica de alimentos;belen;2;60;2018-07-17;7800000;microempresarial
femenino;comercio;miscelanea;belen;2;60;2018-02-20;300000;microempresarial
femenino;agropecuaria;sembrados;belen;2;60;2017-11-21;6000000;agropecuaria
masculino;agropecuaria;sembrados;belen;2;60;2019-05-21;5000000;microempresarial
femenino;industria;fabrica de;belen;2;60;2017-01-23;7377000;microempresarial
femenino;comercio;tienda;belen;1;60;2018-08-03;7800000;microempresarial
masculino;comercio;variedades;belen;2;4;2018-03-22;5000000;microempresarial
femenino;servicio;variedades;belen;3;60;2017-01-04;6894000;microempresarial
masculino;industria;fabrica de;belen;1;60;2019-01-18;7800000;microempresarial
femenino;industria;fabrica de;belen;2;60;2017-09-26;5250000;microempresarial
femenino;comercio;variedades;belen;1;60;2016-11-22;4000000;microempresarial
masculino;comercio;tienda;belen;2;60;2017-11-23;2000000;microempresarial
masculino;industria;carpinteria;belen;1;13;2019-01-15;3000000;microempresarial
femenino;comercio;fabrica de;belen;2;60;2017-12-18;5000000;microempresarial
femenino;comercio;mantenimiento en;belen;1;60;2018-03-13;3000000;microempresarial
femenino;comercio;comidas rapidas;belen;2;60;2018-06-08;1500000;microempresarial
masculino;comercio;bares;belen;2;60;2018-01-26;7800000;microempresarial
femenino;industria;fabrica de muebles;belen;3;60;2017-09-20;7000000;microempresarial
masculino;comercio;tienda;belen;2;5;2019-02-06;4000000;microempresarial
masculino;comercio;variedades;belen;1;60;2018-02-13;5000000;microempresarial
femenino;agropecuaria;sembrados;belen;2;60;2017-09-28;7000000;microempresarial
masculino;agropecuaria;sembrados;belen;2;60;2018-08-22;19000000;agropecuaria
femenino;comercio;bares;belen;2;60;2017-11-07;7300000;microempresarial
femenino;industria;venta de;belen;2;60;2017-05-10;5000000;microempresarial
masculino;comercio;variedades;belen;3;60;2018-02-09;6000000;microempresarial
femenino;comercio;almacen de ropa en;belen;2;60;2018-06-06;3000000;microempresarial
femenino;comercio;tienda;belen;1;60;2017-07-31;3000000;microempresarial
femenino;servicio;peluqueria;belen;3;60;2016-06-28;4000000;microempresarial
masculino;industria;fabrica de;belen;2;60;2017-11-14;3000000;microempresarial
femenino;industria;fabrica de;belen;2;60;2018-08-03;3000000;microempresarial
masculino;agropecuaria;sembrados;belen;2;60;2017-03-31;1000000;agropecuaria
masculino;comercio;comidas rapidas;belen;2;60;2016-10-14;2000000;microempresarial
femenino;servicio;comidas rapidas;belen;2;60;2016-09-28;6000000;microempresarial
masculino;servicio;venta de pollos;belen;2;60;2017-07-26;7300000;microempresarial
femenino;comercio;distribuidora de;belen;2;60;2018-07-05;7800000;microempresarial
femenino;servicio;gimnasio;belen;3;60;2016-11-29;6000000;microempresarial
femenino;servicio;servicios;belen;2;60;2018-12-14;17000000;empresarial ed.
masculino;comercio;tienda;belen;3;60;2019-06-27;8200000;microempresarial
femenino;servicio;peluqueria;belen;2;60;2018-09-10;7800000;microempresarial
femenino;comercio;variedades;belen;2;60;2017-03-16;7377000;microempresarial
masculino;comercio;billares;belen;2;60;2016-09-22;6890000;microempresarial
femenino;industria;fabrica de;belen;3;60;2019-06-26;8281000;microempresarial
femenino;comercio;charcuteria;belen;2;60;2019-02-27;7000000;microempresarial
femenino;agropecuaria;criadero de animales;belen;2;60;2017-04-25;14000000;microempresarial
femenino;industria;fabrica de;belen;2;60;2018-06-22;6000000;microempresarial
femenino;servicio;peluqueria;belen;2;60;2017-08-18;4000000;microempresarial
masculino;comercio;almacen de ropa en;belen;2;60;2017-09-28;7300000;microempresarial
masculino;agropecuaria;sembrados;belen;2;60;2018-07-09;2000000;agropecuaria
masculino;comercio;papeleria;belen;3;60;2017-11-10;7300000;microempresarial
femenino;comercio;variedades;belen;1;60;2018-05-03;7800000;microempresarial
femenino;comercio;variedades;belen;2;60;2017-08-08;7300000;microempresarial
femenino;comercio;comidas rapidas;belen;2;60;2018-05-21;1500000;microempresarial
femenino;comercio;tienda;belen;2;60;2017-07-12;6000000;microempresarial
femenino;servicio;mantenimiento en;belen;3;60;2016-05-06;6000000;microempresarial
masculino;industria;fabrica de;belen;2;60;2018-05-16;1000000;microempresarial
masculino;servicio;comidas rapidas;belen;3;60;2018-02-08;7800000;microempresarial
masculino;comercio;granero;belen;1;60;2018-07-18;7000000;microempresarial
femenino;comercio;variedades;belen;1;60;2018-03-07;4500000;microempresarial
masculino;servicio;panaderia;belen;2;60;2017-07-07;7300000;microempresarial
femenino;comercio;papeleria;belen;2;60;2016-12-01;5000000;microempresarial
femenino;comercio;miscelanea;belen;2;60;2018-04-04;7800000;microempresarial
masculino;comercio;variedades;belen;1;60;2018-04-25;7800000;microempresarial
femenino;comercio;tienda;belen;2;60;2018-02-16;4000000;microempresarial
masculino;agropecuaria;sembrados;belen;2;60;2018-09-14;7800000;microempresarial
femenino;comercio;fabrica de;belen;2;60;2018-11-23;3000000;microempresarial
femenino;comercio;variedades;belen;3;60;2018-01-15;7811000;microempresarial
femenino;comercio;fabrica de;belen;2;60;2017-08-11;7000000;microempresarial
masculino;servicio;variedades;belen;1;60;2018-08-31;5000000;microempresarial
masculino;comercio;tienda;belen;2;60;2017-06-07;7300000;microempresarial
femenino;industria;fabrica de;belen;1;60;2017-06-06;2000000;microempresarial
femenino;industria;fabrica de arepas;belen;3;60;2016-08-22;6890000;microempresarial
femenino;servicio;peluqueria;belen;2;60;2017-07-18;7377000;microempresarial
femenino;comercio;tienda;belen;1;60;2018-06-07;7800000;microempresarial
femenino;comercio;fabrica de colchones;belen;2;60;2017-03-10;1500000;microempresarial
masculino;agropecuaria;criadero de animales;belen;2;60;2018-11-20;5000000;microempresarial
masculino;comercio;distribuidora de;belen;3;60;2018-04-03;7000000;microempresarial
femenino;industria;fabrica de;belen;2;60;2018-03-02;7800000;microempresarial
femenino;comercio;variedades;belen;2;2;2018-12-28;1500000;microempresarial
femenino;agropecuaria;criadero de animales;belen;2;60;2018-10-25;17000000;agropecuaria
femenino;comercio;fabrica de;belen;3;60;2016-06-28;3000000;microempresarial
femenino;industria;fabrica de;belen;2;60;2018-07-25;2000000;microempresarial
femenino;comercio;miscelanea;belen;2;60;2019-06-10;8000000;microempresarial
masculino;servicio;mensajeria;belen;2;60;2018-09-11;7800000;microempresarial
femenino;servicio;organización y;belen;2;60;2016-05-11;5000000;microempresarial
femenino;industria;fabrica de;belen;2;60;2018-08-17;5000000;microempresarial
femenino;comercio;tienda;belen;1;60;2016-10-04;4000000;microempresarial
masculino;agropecuaria;sembrados;belen;2;60;2017-10-20;7300000;microempresarial
femenino;comercio;comidas rapidas;belen;3;60;2019-05-27;7200000;microempresarial
femenino;comercio;tienda;belen;2;60;2017-08-09;7000000;microempresarial
masculino;agropecuaria;floristeria;belen;3;60;2017-03-21;10000000;agropecuaria
femenino;comercio;papeleria;belen;1;60;2017-11-15;400000;microempresarial
femenino;industria;variedades;belen;2;60;2018-06-28;7000000;microempresarial
masculino;comercio;granero;belen;2;60;2017-11-07;7300000;microempresarial
masculino;comercio;ferreteria;belen;2;60;2016-08-11;3000000;microempresarial
femenino;servicio;variedades;belen;3;60;2017-06-21;7000000;microempresarial
masculino;comercio;tienda de helados;belen;2;60;2017-04-17;7377000;microempresarial
femenino;comercio;almacen de ropa en;belen;2;60;2018-06-05;1600000;microempresarial
masculino;comercio;tienda;belen;2;60;2018-02-08;7800000;microempresarial
femenino;comercio;tienda;belen;3;60;2018-12-04;1500000;microempresarial
masculino;servicio;variedades;belen;2;60;2017-10-18;4000000;microempresarial
femenino;comercio;variedades;belen;2;60;2017-10-31;3500000;microempresarial
femenino;industria;fabrica de;belen;2;60;2018-03-09;4000000;microempresarial
masculino;comercio;fabrica de;belen;3;60;2016-09-29;6890000;microempresarial
femenino;comercio;cafe e internet;belen;3;60;2016-10-19;2000000;microempresarial
femenino;comercio;tienda de helados;belen;2;60;2018-05-29;7000000;microempresarial
femenino;agropecuaria;sembrados;belen;2;60;2019-02-22;15000000;microempresarial
femenino;comercio;comidas rapidas;belen;2;60;2018-08-30;3500000;microempresarial
femenino;comercio;comidas rapidas;belen;2;60;2018-08-21;2000000;microempresarial
femenino;agropecuaria;sembrados;belen;2;60;2016-05-27;12000000;fomento agropecuario
femenino;comercio;comidas rapidas;belen;2;60;2018-02-22;6000000;microempresarial
femenino;comercio;comidas rapidas;belen;2;60;2018-02-07;4500000;microempresarial
femenino;servicio;bares;belen;2;60;2019-05-03;8200000;microempresarial
femenino;comercio;almacen de ropa en;belen;2;60;2017-07-06;5000000;microempresarial
masculino;industria;fabrica de;belen;2;60;2017-02-23;3500000;microempresarial
femenino;comercio;sembrados;belen;2;60;2017-09-06;7300000;microempresarial
masculino;comercio;comidas rapidas;belen;1;60;2018-05-23;782000;microempresarial
femenino;agropecuaria;criadero de animales;belen;2;60;2017-07-06;7000000;microempresarial
masculino;agropecuaria;floristeria;belen;2;60;2017-03-07;7377000;microempresarial
femenino;industria;fabrica de;belen;3;60;2018-04-13;7800000;microempresarial
femenino;comercio;comidas rapidas;belen;2;60;2017-09-26;4000000;microempresarial
femenino;agropecuaria;criadero de animales;belen;2;60;2017-10-18;6000000;agropecuaria
masculino;servicio;barberia;belen;1;60;2017-04-25;7300000;microempresarial
femenino;comercio;variedades;belen;3;60;2017-11-20;7377000;microempresarial
femenino;servicio;fotografia;belen;2;60;2018-05-29;7800000;microempresarial
femenino;comercio;variedades;belen;2;60;2018-09-24;4000000;microempresarial
masculino;comercio;almacen de ropa en;belen;2;60;2017-12-12;2000000;microempresarial
femenino;servicio;tienda de helados;belen;1;60;2017-09-13;5000000;microempresarial
masculino;comercio;legumbreria;belen;3;60;2018-02-27;5000000;microempresarial
femenino;comercio;tienda;belen;1;60;2018-10-26;7800000;microempresarial
femenino;agropecuaria;jardineria;belen;2;60;2017-02-21;3000000;fomento agropecuario
masculino;industria;fabrica de alimentos;belen;1;60;2018-03-09;4000000;microempresarial
femenino;comercio;lavanderia;belen;3;60;2018-06-12;7800000;microempresarial
masculino;agropecuaria;criadero de animales;belen;1;60;2016-06-14;5000000;agropecuaria
femenino;comercio;tienda;belen;1;60;2018-11-06;10;microempresarial
masculino;comercio;charcuteria;belen;3;60;2017-03-21;7000000;microempresarial
femenino;comercio;variedades;belen;2;60;2017-10-11;4000000;microempresarial
masculino;comercio;mantenimiento en;belen;2;60;2017-03-27;4000000;microempresarial
femenino;comercio;tienda;belen;2;60;2018-03-09;780000;microempresarial
femenino;industria;fabrica de calzado;belen;1;60;2017-05-05;3500000;microempresarial
femenino;comercio;tienda;belen;1;6;2016-05-20;3000000;microempresarial
masculino;comercio;comidas rapidas;belen;2;60;2017-02-03;1000000;microempresarial
masculino;servicio;taller de mecanica;belen;2;60;2019-05-22;8000000;microempresarial
masculino;industria;fabrica de muebles;belen;3;60;2018-10-26;7800000;microempresarial
femenino;comercio;variedades;belen;1;60;2019-06-11;4500000;microempresarial
masculino;servicio;variedades;belen;2;60;2018-04-19;5000000;microempresarial
femenino;servicio;fabrica de;belen;2;60;2016-06-27;6890000;microempresarial
femenino;comercio;tienda;belen;1;60;2018-04-12;1200000;microempresarial
masculino;comercio;criadero de animales;belen;2;60;2017-08-17;5000000;microempresarial
femenino;industria;fabrica de;belen;2;60;2017-11-01;7300000;microempresarial
masculino;comercio;tienda;belen;1;60;2016-04-08;6000000;microempresarial
femenino;industria;fabrica de;belen;2;60;2017-09-21;4500000;microempresarial
masculino;industria;floristeria;belen;2;60;2017-10-12;7300000;microempresarial
femenino;comercio;restaurante;belen;1;60;2017-07-31;4500000;microempresarial
masculino;comercio;carniceria;belen;3;60;2019-04-10;8200000;microempresarial
femenino;agropecuaria;floristeria;belen;2;60;2018-11-21;6000000;agropecuaria
femenino;comercio;tienda;belen;3;4;2017-09-29;4000000;microempresarial
masculino;agropecuaria;fumigacion;belen;2;60;2019-06-04;2000000;microempresarial
masculino;comercio;peluqueria;belen;3;60;2018-04-09;4000000;microempresarial
femenino;industria;fabrica de;belen;2;60;2018-04-03;7800000;microempresarial
masculino;comercio;variedades;belen;2;60;2017-10-20;4000000;microempresarial
masculino;comercio;fabrica de;belen;2;60;2016-10-04;6800000;microempresarial
femenino;agropecuaria;criadero de animales;belen;2;60;2017-08-08;12000000;agropecuaria
femenino;servicio;comidas rapidas;belen;3;60;2016-08-22;5000000;microempresarial
femenino;comercio;comidas rapidas;belen;2;60;2017-12-11;5000000;microempresarial
femenino;industria;fabrica de;belen;2;60;2018-09-24;7000000;microempresarial
masculino;comercio;tienda;belen;1;60;2018-04-03;7000000;microempresarial
femenino;comercio;almacen de ropa en;belen;2;60;2018-01-03;7000000;microempresarial
femenino;industria;fabrica de;belen;3;60;2017-10-03;7000000;microempresarial
femenino;comercio;tienda de helados;belen;2;60;2018-12-13;7000000;microempresarial
masculino;servicio;recreativo educativo;belen;3;60;2019-02-06;7800000;microempresarial
masculino;agropecuaria;criadero de animales;belen;2;60;2017-11-20;14000000;microempresarial
femenino;comercio;tienda;belen;2;60;2017-05-02;7000000;microempresarial
femenino;comercio;tienda;belen;1;60;2018-09-14;3000000;microempresarial
masculino;comercio;comidas rapidas;belen;2;60;2018-10-30;3000000;microempresarial
masculino;comercio;variedades;belen;1;60;2018-09-18;3000000;microempresarial
femenino;comercio;variedades;belen;1;60;2018-06-13;7800000;microempresarial
femenino;industria;fabrica de;belen;2;60;2018-03-08;2000000;microempresarial
femenino;agropecuaria;venta de pollos;belen;2;60;2019-05-14;10000000;agropecuaria
femenino;servicio;restaurante;belen;1;60;2018-04-25;7800000;microempresarial
masculino;comercio;distribuidora de;belen;2;60;2016-05-02;3000000;microempresarial
femenino;comercio;tienda;belen;2;60;2018-05-25;7000000;microempresarial
masculino;agropecuaria;sembrados;belen;2;60;2016-10-04;6000000;microempresarial
femenino;comercio;variedades;belen;2;60;2018-11-06;2000000;microempresarial
femenino;comercio;papeleria;belen;2;60;2018-11-13;7800000;microempresarial
femenino;comercio;variedades;belen;1;60;2018-04-12;7800000;microempresarial
femenino;comercio;variedades;belen;1;60;2019-06-19;1500000;microempresarial
femenino;comercio;tienda;belen;3;60;2017-08-10;7300000;microempresarial
masculino;comercio;tienda;belen;1;60;2017-06-01;7300000;microempresarial
femenino;comercio;variedades;belen;1;60;2018-06-15;2000000;microempresarial
masculino;comercio;peluqueria;belen;2;60;2018-01-17;7500000;microempresarial
femenino;comercio;variedades;belen;2;60;2019-02-11;6000000;microempresarial
femenino;comercio;comidas rapidas;belen;2;60;2018-11-22;1000000;microempresarial
femenino;comercio;tienda;belen;2;60;2019-03-20;8000000;microempresarial
masculino;industria;cerrajeria;belen;2;60;2018-04-12;7800000;microempresarial
femenino;comercio;variedades;belen;1;60;2016-05-26;4000000;microempresarial
masculino;servicio;fabrica de juegos;belen;2;60;2017-03-09;7377000;microempresarial
femenino;comercio;productos de belleza;belen;2;60;2018-06-05;1300000;microempresarial
masculino;agropecuaria;criadero de animales;belen;2;60;2018-07-23;19000000;agropecuaria
femenino;servicio;peluqueria;belen;1;60;2017-06-07;4000000;microempresarial
masculino;comercio;fabrica de muebles;belen;3;60;2018-06-19;4000000;microempresarial
masculino;servicio;peluqueria;belen;1;60;2017-04-04;1000000;microempresarial
masculino;industria;fabrica de;belen;2;60;2018-02-21;3000000;microempresarial
masculino;industria;fabrica de;belen;1;60;2017-12-22;7300000;microempresarial
femenino;servicio;charcuteria;belen;3;60;2016-12-22;6000000;microempresarial
femenino;comercio;almacen de ropa en;belen;2;60;2018-10-26;7000000;microempresarial
masculino;servicio;drogueria;belen;2;60;2018-07-12;7800000;microempresarial
masculino;agropecuaria;sembrados;belen;2;60;2016-09-27;1500000;microempresarial
masculino;agropecuaria;almacen de ropa en;belen;2;60;2017-10-24;6000000;microempresarial
masculino;servicio;comidas rapidas;belen;1;60;2016-11-17;6890000;microempresarial
femenino;comercio;comidas rapidas;belen;1;13;2019-06-07;4850000;microempresarial
femenino;agropecuaria;sembrados;belen;2;60;2017-09-01;14000000;agropecuaria
femenino;comercio;comidas rapidas;belen;2;60;2016-10-11;2500000;microempresarial
masculino;industria;variedades;belen;3;60;2017-10-26;7370000;microempresarial
masculino;agropecuaria;criadero de animales;belen;2;60;2018-08-21;7800000;agropecuaria
femenino;comercio;tienda;belen;2;60;2017-06-15;7300000;microempresarial
femenino;industria;fabrica de;belen;3;60;2017-10-04;1200000;microempresarial
femenino;industria;fabrica de;belen;2;60;2016-11-22;4000000;microempresarial
femenino;industria;fabrica de;belen;3;60;2016-09-08;5000000;microempresarial
femenino;comercio;almacen de ropa en;belen;3;60;2017-05-26;7000000;microempresarial
femenino;comercio;cafe e internet;belen;2;60;2017-09-05;6000000;microempresarial
masculino;agropecuaria;criadero de animales;belen;3;60;2017-11-28;7300000;microempresarial
masculino;servicio;lavanderia;belen;3;60;2016-07-15;4000000;microempresarial
masculino;agropecuaria;sembrados;belen;2;60;2018-09-11;19000000;agropecuaria
masculino;comercio;tienda;belen;2;60;2018-03-23;2500000;microempresarial
masculino;comercio;panaderia;belen;2;60;2018-03-23;3000000;microempresarial
femenino;comercio;almacen de ropa en;belen;3;60;2017-09-13;7300000;microempresarial
femenino;comercio;legumbreria;belen;2;60;2018-02-08;3000000;microempresarial
femenino;comercio;variedades;belen;2;60;2017-08-02;7377000;microempresarial
femenino;comercio;tienda de helados;belen;1;60;2017-08-14;1500000;microempresarial
femenino;industria;fabrica de calzado;belen;3;60;2017-08-03;6000000;microempresarial
femenino;servicio;productos de belleza;belen;2;60;2018-03-20;7000000;microempresarial
femenino;comercio;variedades;belen;1;60;2017-07-05;5000000;microempresarial
femenino;comercio;fabrica de;belen;3;60;2017-07-17;7000000;microempresarial
masculino;servicio;charcuteria;belen;3;60;2018-01-03;7300000;microempresarial
femenino;agropecuaria;venta de pollos;belen;2;60;2017-10-02;4000000;microempresarial
femenino;comercio;tienda;belen;2;60;2017-03-22;2500000;microempresarial
femenino;comercio;distribuidora de;belen;2;60;2018-07-17;7800000;microempresarial
femenino;comercio;cafe e internet;belen;2;60;2018-01-24;5000000;microempresarial
femenino;comercio;distribuidora de;belen;2;60;2017-08-17;4000000;microempresarial
masculino;comercio;comidas rapidas;belen;2;60;2018-07-25;7800000;microempresarial
femenino;comercio;variedades;belen;3;5;2017-06-01;7000000;microempresarial
femenino;servicio;comidas rapidas;belen;3;5;2018-02-20;7000000;microempresarial
femenino;agropecuaria;sembrados;belen;2;60;2018-11-23;1000000;microempresarial
femenino;industria;fabrica de;belen;2;60;2018-10-25;7800000;microempresarial
masculino;servicio;fabrica de alimentos;belen;2;60;2017-02-22;14700000;microempresarial
femenino;comercio;variedades;belen;3;60;2017-04-21;3500000;microempresarial
femenino;comercio;comidas rapidas;belen;1;60;2018-10-17;2000000;microempresarial
femenino;industria;fabrica de;belen;2;60;2017-09-19;7000000;microempresarial
femenino;comercio;almacen de ropa en;belen;3;60;2016-11-08;3000000;microempresarial
masculino;agropecuaria;criadero de animales;belen;2;60;2016-10-19;5000000;agropecuaria
masculino;industria;taller de mecanica;belen;1;60;2017-08-14;3000000;microempresarial
femenino;agropecuaria;criadero de animales;belen;2;60;2018-02-23;5000000;microempresarial
femenino;agropecuaria;criadero de animales;belen;2;60;2017-02-09;7000000;microempresarial
femenino;comercio;variedades;belen;1;60;2018-10-25;4000000;microempresarial
masculino;servicio;fabrica de arepas;belen;2;60;2017-06-08;3000000;microempresarial
masculino;comercio;variedades;belen;2;60;2018-11-26;1000000;microempresarial
femenino;comercio;comidas rapidas;belen;1;60;2018-11-20;7800000;microempresarial
femenino;servicio;comidas rapidas;belen;2;60;2017-01-06;7377000;microempresarial
masculino;industria;carpinteria;belen;2;60;2017-07-12;7370000;microempresarial
femenino;comercio;comidas rapidas;belen;2;60;2018-01-30;7800000;microempresarial
femenino;comercio;comidas rapidas;belen;1;60;2017-05-04;7000000;microempresarial
femenino;comercio;variedades;belen;2;60;2016-04-18;6500000;microempresarial
masculino;comercio;variedades;belen;3;60;2017-11-20;7000000;microempresarial
femenino;comercio;tienda;belen;1;60;2018-09-20;7800000;microempresarial
femenino;industria;fabrica de;belen;3;60;2017-08-22;7370000;microempresarial
masculino;industria;fabrica de;belen;3;60;2016-10-05;236824;microempresarial
masculino;agropecuaria;criadero de animales;belen;3;60;2017-08-16;14000000;agropecuaria
masculino;agropecuaria;sembrados;belen;2;60;2018-06-19;10000000;agropecuaria
femenino;servicio;variedades;belen;1;13;2019-05-16;2500000;microempresarial
masculino;comercio;comidas rapidas;belen;2;60;2017-07-17;2000000;microempresarial
masculino;servicio;barberia;belen;2;60;2017-04-21;7000000;microempresarial
femenino;industria;fabrica de;belen;3;60;2019-05-29;8281000;microempresarial
masculino;comercio;tienda;belen;2;60;2016-05-10;1600000;microempresarial
femenino;comercio;cerrajeria;belen;3;60;2017-06-30;7377000;microempresarial
femenino;comercio;variedades;belen;2;60;2018-09-24;6000000;microempresarial
femenino;agropecuaria;venta de pollos;belen;2;60;2017-06-29;7000000;agropecuaria
masculino;comercio;variedades;belen;2;60;2018-10-24;7800000;microempresarial
femenino;comercio;sembrados;belen;2;60;2018-04-25;19000000;agropecuaria
masculino;servicio;lavanderia;belen;2;60;2018-06-20;7500000;microempresarial
femenino;comercio;panaderia;belen;3;60;2018-09-24;6000000;microempresarial
femenino;industria;fabrica de;belen;3;60;2019-04-08;8000000;microempresarial
femenino;servicio;productos de belleza;belen;3;60;2019-05-02;8000000;microempresarial
femenino;comercio;variedades;belen;1;60;2018-08-22;782000;microempresarial
femenino;agropecuaria;venta de pollos;belen;2;60;2019-02-22;10000000;microempresarial
femenino;comercio;variedades;belen;1;60;2017-10-09;7300000;microempresarial
masculino;servicio;lavadero de;belen;2;60;2018-08-01;3000000;microempresarial
femenino;comercio;almacen de ropa en;belen;2;60;2018-03-16;2000000;microempresarial
femenino;industria;marroquineria;belen;3;60;2017-10-23;7000000;microempresarial
femenino;comercio;fabrica de helados;belen;2;60;2018-02-20;1500000;microempresarial
femenino;agropecuaria;criadero de animales;belen;2;60;2018-04-12;3000000;microempresarial
masculino;comercio;almacen de ropa en;belen;2;60;2018-04-24;3000000;microempresarial
femenino;industria;fabrica de;belen;3;60;2017-02-17;5000000;microempresarial
femenino;servicio;comidas rapidas;belen;2;60;2016-03-18;4000000;microempresarial
masculino;servicio;comidas rapidas;belen;3;60;2016-02-24;4000000;microempresarial
femenino;comercio;miscelanea;belen;2;60;2016-06-02;4000000;microempresarial
femenino;agropecuaria;floristeria;belen;2;60;2016-11-03;4000000;agropecuaria
femenino;comercio;tienda;belen;2;60;2016-12-30;6800000;microempresarial
femenino;comercio;comidas rapidas;belen;2;60;2018-09-05;4000000;microempresarial
femenino;industria;fabrica de;belen;2;7;2019-05-14;8280000;microempresarial
femenino;servicio;lavanderia;belen;1;60;2017-03-07;4000000;microempresarial
masculino;agropecuaria;criadero de animales;belen;2;60;2018-05-23;7800000;microempresarial
masculino;agropecuaria;sembrados;belen;2;60;2017-07-26;14000000;agropecuaria
masculino;agropecuaria;viveros;belen;2;60;2017-03-03;2000000;microempresarial
femenino;servicio;peluqueria;belen;2;60;2019-03-21;4000000;microempresarial
femenino;industria;fabrica de;belen;2;60;2017-05-02;3000000;microempresarial
femenino;industria;variedades;belen;1;60;2017-10-12;7300000;microempresarial
femenino;comercio;comidas rapidas;belen;1;60;2018-05-16;7000000;microempresarial
femenino;comercio;variedades;belen;1;60;2018-05-11;800000;microempresarial
femenino;comercio;variedades;belen;3;60;2018-04-16;2000000;microempresarial
masculino;servicio;taller de mecanica;belen;2;60;2017-06-05;7000000;microempresarial
femenino;comercio;variedades;belen;2;60;2017-11-07;3500000;microempresarial
femenino;industria;fabrica de;belen;1;60;2018-04-23;1000000;microempresarial
femenino;industria;miscelanea;belen;2;60;2017-03-06;1000000;microempresarial
masculino;industria;fabrica de;belen;2;60;2016-12-22;5000000;microempresarial
masculino;comercio;variedades;belen;2;60;2017-07-25;7370000;microempresarial
masculino;comercio;barberia;belen;2;60;2017-03-09;7200000;microempresarial
masculino;comercio;variedades;belen;2;60;2017-03-17;7000000;microempresarial
femenino;servicio;peluqueria;belen;1;60;2017-11-28;5000000;microempresarial
masculino;comercio;tienda;belen;1;60;2018-04-16;6000000;microempresarial
masculino;agropecuaria;criadero de animales;belen;2;60;2019-03-20;3000000;agropecuaria
masculino;comercio;carpinteria;belen;2;60;2018-08-01;3000000;microempresarial
femenino;comercio;tienda;belen;2;60;2017-02-15;5000000;microempresarial
masculino;industria;fabrica de;belen;2;60;2018-12-19;4000000;microempresarial
masculino;comercio;mantenimiento en;belen;2;60;2016-04-06;6800000;microempresarial
femenino;industria;fabrica de alimentos;belen;2;12;2018-10-30;6000000;microempresarial
femenino;servicio;tienda;belen;3;13;2018-07-16;7800000;microempresarial
femenino;comercio;almacen de ropa en;belen;2;12;2018-11-13;7800000;microempresarial
masculino;comercio;comidas rapidas;belen;1;12;2016-02-04;6800000;microempresarial
femenino;industria;fabrica de;belen;3;12;2018-02-07;7000000;microempresarial
masculino;industria;fabrica de repuestos;belen;3;12;2019-06-14;8281000;microempresarial
masculino;servicio;barberia;belen;2;12;2017-09-26;7377000;microempresarial
femenino;comercio;comidas rapidas;belen;2;12;2018-06-21;2500000;microempresarial
femenino;industria;fabrica de;belen;3;12;2016-11-11;6800000;microempresarial
femenino;comercio;fabrica de alimentos;belen;2;12;2019-04-23;2000000;microempresarial
femenino;servicio;fabrica de;belen;1;12;2016-01-25;6000000;microempresarial
femenino;industria;fabrica de;belen;1;12;2017-10-30;5000000;microempresarial
masculino;industria;fabrica de;belen;1;12;2018-05-22;1500000;microempresarial
femenino;comercio;tienda;belen;1;12;2017-10-24;7000000;microempresarial
masculino;comercio;fabrica de alimentos;belen;3;12;2018-11-15;7800000;microempresarial
femenino;comercio;productos de belleza;belen;2;12;2018-10-11;7800000;microempresarial
femenino;comercio;variedades;belen;3;12;2018-05-16;3000000;microempresarial
masculino;servicio;publicidad y;belen;3;12;2017-07-17;3000000;empresarial ed.
masculino;industria;fabrica de calzado;belen;3;12;2018-11-29;7800000;microempresarial
femenino;comercio;almacen de ropa en;belen;3;12;2016-11-03;4500000;microempresarial
masculino;servicio;panaderia;belen;3;12;2016-11-09;6000000;microempresarial
femenino;industria;fabrica de;belen;3;12;2016-10-26;5000000;microempresarial
femenino;industria;fabrica de;belen;2;12;2017-06-12;7300000;microempresarial
femenino;servicio;cafeteria;belen;2;12;2019-01-09;5000000;microempresarial
femenino;industria;fabrica de;belen;3;12;2017-07-04;7377000;microempresarial
masculino;industria;fabrica de calzado;belen;2;12;2017-10-17;7377000;microempresarial
masculino;industria;ebanistaria;belen;2;12;2016-09-14;1250000;microempresarial
femenino;servicio;peluqueria;belen;3;12;2018-04-25;7000000;microempresarial
femenino;comercio;variedades;belen;1;12;2019-04-01;8200000;microempresarial
masculino;comercio;variedades;belen;2;12;2018-07-31;2000000;microempresarial
masculino;comercio;gimnasio;belen;2;12;2017-04-26;30000000;empresarial ed.
femenino;industria;fabrica de;belen;2;12;2017-08-03;7377000;microempresarial
femenino;servicio;peluqueria;belen;2;12;2017-09-07;7000000;microempresarial
femenino;servicio;mantenimiento en;belen;3;12;2018-05-25;5000000;microempresarial
femenino;comercio;variedades;belen;2;12;2018-04-13;4000000;microempresarial
masculino;comercio;distribuidora de;belen;1;12;2018-08-17;4000000;microempresarial
femenino;comercio;comidas rapidas;belen;1;12;2017-06-13;7300000;microempresarial
masculino;servicio;montallantas;belen;2;12;2018-03-12;7800000;soli diaria
femenino;industria;fabrica de;belen;1;12;2017-08-29;6000000;microempresarial
femenino;industria;variedades;belen;1;12;2018-06-15;6800000;microempresarial
masculino;comercio;cafe e internet;belen;2;12;2018-01-26;6200000;microempresarial
masculino;servicio;panaderia;belen;3;12;2018-09-24;7800000;microempresarial
femenino;comercio;cafeteria;belen;3;12;2017-11-02;7300000;microempresarial
femenino;comercio;miscelanea;belen;3;12;2018-09-24;7000000;microempresarial
femenino;industria;fabrica de;belen;3;12;2016-12-16;6890000;microempresarial
masculino;comercio;mantenimiento en;belen;3;12;2018-11-30;7800000;microempresarial
masculino;industria;fabrica de;belen;2;12;2016-09-23;6890000;juridica y cap.semilla
femenino;servicio;tienda naturista;belen;2;12;2017-04-04;7377000;microempresarial
masculino;industria;taller de mecanica;belen;2;12;2017-05-24;7300000;microempresarial
masculino;servicio;variedades;belen;3;12;2017-10-11;5000000;microempresarial
masculino;comercio;legumbreria;belen;3;12;2018-11-20;5000000;microempresarial
femenino;comercio;comidas rapidas;belen;1;12;2018-10-25;2000000;microempresarial
femenino;comercio;peluqueria;buenos aires;2;12;2018-10-30;7600000;microempresarial
femenino;comercio;variedades;buenos aires;2;12;2017-06-12;7370000;microempresarial
femenino;comercio;variedades;buenos aires;2;12;2018-11-08;3000000;microempresarial
femenino;servicio;taller de mecanica;buenos aires;2;12;2017-06-20;7000000;microempresarial
femenino;servicio;fabrica de;buenos aires;2;12;2018-11-29;1000000;microempresarial
femenino;industria;fabrica de calzado;buenos aires;2;12;2018-10-26;7000000;microempresarial
femenino;comercio;distribuidora de;buenos aires;3;12;2018-05-17;1000000;microempresarial
masculino;servicio;barberia;buenos aires;3;12;2018-10-18;7000000;microempresarial
femenino;industria;fabrica de;buenos aires;2;12;2018-09-05;5000000;microempresarial
masculino;comercio;comidas rapidas;buenos aires;2;12;2018-10-03;7500000;microempresarial
masculino;comercio;mantenimiento en;buenos aires;2;12;2016-08-23;6800000;microempresarial
femenino;comercio;variedades;buenos aires;2;12;2017-07-27;5000000;microempresarial
masculino;comercio;variedades;buenos aires;3;12;2018-08-10;7800000;microempresarial
femenino;comercio;tienda;buenos aires;2;12;2017-07-31;5000000;microempresarial
masculino;comercio;comidas rapidas;buenos aires;2;12;2017-07-24;7370000;microempresarial
femenino;industria;fabrica de;buenos aires;2;12;2017-08-02;7000000;microempresarial
femenino;industria;fabrica de;buenos aires;2;12;2017-07-31;2000000;microempresarial
masculino;industria;publicidad y;buenos aires;2;12;2016-10-31;28200000;empresarial ed.
femenino;comercio;miscelanea;buenos aires;1;12;2016-11-01;6890000;microempresarial
femenino;comercio;variedades;buenos aires;3;12;2019-03-11;4000000;microempresarial
masculino;comercio;panaderia;buenos aires;2;15;2018-06-18;7800000;microempresarial
masculino;comercio;cafe e internet;buenos aires;2;15;2017-08-24;7000000;microempresarial
femenino;servicio;tienda;buenos aires;3;15;2017-08-04;7377000;microempresarial
femenino;servicio;peluqueria;buenos aires;3;15;2017-06-01;7377000;microempresarial
masculino;comercio;comidas rapidas;buenos aires;3;15;2017-07-26;7370000;microempresarial
femenino;comercio;tienda;buenos aires;1;4;2017-03-16;5000000;microempresarial
femenino;servicio;peluqueria;buenos aires;3;4;2017-10-04;7377000;microempresarial
masculino;comercio;taller de electronica;buenos aires;3;4;2018-01-16;7812000;microempresarial
femenino;industria;fabrica de;buenos aires;3;4;2018-04-10;6000000;microempresarial
femenino;comercio;peluqueria;buenos aires;3;4;2017-02-13;7377000;microempresarial
masculino;servicio;montallantas;buenos aires;3;4;2018-05-15;4000000;microempresarial
femenino;industria;fabrica de;buenos aires;3;4;2017-06-15;7000000;microempresarial
masculino;comercio;comidas rapidas;buenos aires;2;4;2018-05-17;2000000;microempresarial
femenino;servicio;peluqueria;buenos aires;2;4;2018-07-05;7800000;microempresarial
femenino;comercio;tienda;buenos aires;3;4;2016-10-20;6890000;microempresarial
masculino;comercio;tienda;buenos aires;3;4;2018-09-24;7800000;microempresarial
masculino;servicio;restaurante;buenos aires;2;4;2017-02-09;7300000;microempresarial
femenino;servicio;taller de mecanica;buenos aires;3;4;2016-12-29;6890000;microempresarial
femenino;comercio;tienda;buenos aires;3;4;2019-06-07;8000000;microempresarial
femenino;comercio;peluqueria;buenos aires;3;4;2018-02-02;7800000;microempresarial
masculino;comercio;marqueteria;buenos aires;3;4;2018-03-12;2000000;microempresarial
masculino;comercio;variedades;buenos aires;3;4;2017-03-08;7377000;microempresarial
femenino;comercio;lavanderia;buenos aires;2;4;2017-07-18;7300000;microempresarial
femenino;comercio;recreativo educativo;buenos aires;3;4;2016-04-12;6890000;microempresarial
femenino;comercio;almacen de ropa en;buenos aires;3;4;2019-03-21;8000000;microempresarial
femenino;comercio;almacen de ropa en;buenos aires;2;4;2019-01-22;8280000;microempresarial
masculino;servicio;mantenimiento en;buenos aires;2;4;2018-08-01;6000000;microempresarial
femenino;comercio;variedades;buenos aires;2;4;2016-08-01;6890000;microempresarial
femenino;comercio;almacen de ropa en;buenos aires;3;4;2018-03-14;5000000;microempresarial
masculino;industria;fabrica de;buenos aires;3;4;2017-09-05;6000000;microempresarial
femenino;industria;variedades;buenos aires;3;4;2018-02-26;5000000;microempresarial
femenino;comercio;almacen de ropa en;buenos aires;3;4;2018-07-26;3000000;microempresarial
masculino;comercio;granero;buenos aires;2;4;2017-05-03;6000000;microempresarial
femenino;comercio;tienda;buenos aires;2;4;2018-05-22;7800000;microempresarial
masculino;industria;fabrica de alimentos;buenos aires;3;4;2018-05-29;7000000;microempresarial
femenino;comercio;almacen de ropa en;buenos aires;3;4;2017-06-06;700000;microempresarial
femenino;comercio;miscelanea;buenos aires;3;4;2018-07-09;6000000;microempresarial
femenino;industria;fabrica de;buenos aires;3;4;2017-03-07;7377000;microempresarial
masculino;comercio;fabrica de calzado;buenos aires;3;4;2017-05-23;5000000;microempresarial
femenino;industria;fabrica de;buenos aires;3;4;2016-02-20;6000000;microempresarial
femenino;comercio;variedades;buenos aires;3;4;2017-11-29;7300000;microempresarial
femenino;comercio;variedades;buenos aires;2;4;2019-02-28;6000000;microempresarial
masculino;servicio;barberia;buenos aires;3;4;2018-07-09;7800000;microempresarial
femenino;servicio;peluqueria;buenos aires;3;4;2016-08-05;6890000;microempresarial
masculino;servicio;tienda;buenos aires;2;4;2017-08-15;5500000;microempresarial
femenino;servicio;peluqueria;buenos aires;3;4;2018-04-13;7800000;microempresarial
femenino;comercio;fabrica de;buenos aires;3;4;2019-05-03;7800000;microempresarial
femenino;comercio;tienda naturista;buenos aires;3;4;2018-02-07;5000000;microempresarial
masculino;comercio;miscelanea;buenos aires;3;4;2018-11-09;5000000;microempresarial
femenino;comercio;variedades;buenos aires;3;4;2018-11-14;7800000;microempresarial
masculino;servicio;peluqueria;buenos aires;3;4;2017-06-07;7377000;microempresarial
femenino;comercio;fabrica de muebles;buenos aires;3;4;2019-01-28;8000000;microempresarial
femenino;servicio;peluqueria;buenos aires;3;4;2018-09-05;7800000;microempresarial
femenino;industria;fabrica de alimentos;buenos aires;2;4;2018-07-12;1100000;microempresarial
masculino;servicio;recreativo educativo;buenos aires;2;4;2019-03-07;6600000;microempresarial
femenino;industria;fabrica de;buenos aires;3;4;2018-06-22;4000000;microempresarial
femenino;servicio;tienda;buenos aires;3;4;2017-01-06;7370000;microempresarial
masculino;industria;fabrica de;buenos aires;3;4;2018-02-01;7800000;microempresarial
femenino;comercio;variedades;buenos aires;2;4;2019-01-21;2000000;microempresarial
femenino;comercio;variedades;buenos aires;3;4;2017-10-31;3000000;microempresarial
masculino;servicio;recreativo educativo;buenos aires;3;4;2018-05-25;3000000;microempresarial
femenino;comercio;variedades;buenos aires;3;4;2018-08-16;7500000;microempresarial
masculino;servicio;gimnasio;buenos aires;3;4;2017-09-26;3000000;empresarial ed.
femenino;servicio;barberia;buenos aires;3;4;2018-01-31;7812000;microempresarial
masculino;comercio;marroquineria;buenos aires;3;4;2018-02-13;3000000;microempresarial
femenino;comercio;fabrica de;buenos aires;2;4;2018-10-11;7000000;microempresarial
masculino;comercio;variedades;buenos aires;3;4;2018-03-12;2000000;microempresarial
masculino;servicio;fabrica de alimentos;buenos aires;3;4;2016-06-10;6890000;microempresarial
femenino;comercio;comidas rapidas;buenos aires;3;4;2017-06-28;7370000;microempresarial
masculino;industria;fabrica de;buenos aires;3;13;2019-01-22;8200000;microempresarial
masculino;industria;fabrica de;buenos aires;3;4;2018-04-04;3500000;microempresarial
masculino;comercio;tienda;buenos aires;2;4;2017-05-31;7000000;microempresarial
femenino;servicio;mensajeria;buenos aires;3;4;2017-04-28;7300000;microempresarial
masculino;industria;fabrica de repuestos;buenos aires;3;4;2016-10-07;2000000;microempresarial
femenino;servicio;taller de mecanica;buenos aires;2;4;2016-10-12;6000000;microempresarial
masculino;servicio;peluqueria;buenos aires;3;4;2017-11-17;7377000;microempresarial
femenino;comercio;variedades;buenos aires;2;4;2017-11-16;7300000;microempresarial
masculino;comercio;comidas rapidas;buenos aires;3;4;2018-06-12;2000000;microempresarial
masculino;servicio;peluqueria;buenos aires;3;4;2018-09-14;7800000;microempresarial
masculino;comercio;comidas rapidas;buenos aires;3;4;2017-07-25;7000000;microempresarial
masculino;comercio;tienda;buenos aires;2;4;2018-02-12;7800000;microempresarial
masculino;industria;taller de electronica;buenos aires;3;4;2017-06-27;6000000;microempresarial
femenino;comercio;comidas rapidas;buenos aires;3;4;2018-02-19;5000000;microempresarial
femenino;comercio;comidas rapidas;buenos aires;3;4;2017-01-06;6900000;microempresarial
masculino;industria;fabrica de;buenos aires;3;4;2018-04-09;2000000;microempresarial
femenino;comercio;joyeria;buenos aires;3;4;2018-10-11;5000000;microempresarial
femenino;servicio;peluqueria;buenos aires;3;4;2018-03-02;7500000;microempresarial
femenino;servicio;peluqueria;buenos aires;3;4;2018-05-18;7800000;microempresarial
femenino;comercio;variedades;buenos aires;3;4;2016-10-26;4000000;microempresarial
femenino;servicio;peluqueria;buenos aires;3;4;2018-11-15;5000000;microempresarial
femenino;industria;fabrica de productos;buenos aires;3;4;2018-08-10;7800000;microempresarial
femenino;industria;fabrica de;buenos aires;3;4;2016-08-05;6800000;microempresarial
femenino;industria;fabrica de;buenos aires;3;4;2017-12-13;6000000;microempresarial
femenino;industria;fabrica de;buenos aires;3;4;2018-03-06;2000000;microempresarial
masculino;comercio;restaurante;buenos aires;2;4;2018-06-12;7800000;microempresarial
masculino;industria;fabrica de calzado;buenos aires;2;4;2017-08-28;7300000;microempresarial
femenino;comercio;tienda;buenos aires;3;4;2016-05-27;6890000;microempresarial
masculino;comercio;variedades;buenos aires;3;4;2016-06-15;6000000;microempresarial
femenino;comercio;almacen de ropa en;buenos aires;3;4;2018-04-25;7800000;microempresarial
femenino;comercio;tienda;buenos aires;2;4;2018-02-01;7800000;microempresarial
femenino;servicio;organización y;buenos aires;3;4;2018-12-04;7800000;microempresarial
femenino;comercio;comidas rapidas;buenos aires;3;4;2018-08-23;3000000;microempresarial
femenino;comercio;miscelanea;buenos aires;2;4;2019-05-29;6000000;microempresarial
masculino;comercio;distribuidora de;buenos aires;3;4;2018-03-23;800000;microempresarial
masculino;comercio;comidas rapidas;buenos aires;2;4;2016-10-19;3000000;microempresarial
femenino;industria;fabrica de alimentos;buenos aires;3;4;2017-10-11;7377000;microempresarial
masculino;comercio;charcuteria;buenos aires;3;4;2016-11-16;6890000;microempresarial
femenino;comercio;restaurante;buenos aires;3;4;2018-02-06;7812000;microempresarial
masculino;comercio;bares;buenos aires;3;4;2017-05-03;6000000;microempresarial
femenino;industria;fabrica de;buenos aires;3;4;2017-02-16;7000000;microempresarial
masculino;comercio;variedades;buenos aires;3;4;2018-07-16;7800000;microempresarial
masculino;industria;ebanistaria;buenos aires;3;4;2017-07-11;3000000;microempresarial
femenino;industria;fabrica de;buenos aires;2;4;2017-10-25;6000000;microempresarial
masculino;comercio;comidas rapidas;buenos aires;2;4;2018-10-29;782000;microempresarial
femenino;comercio;taller de mecanica;buenos aires;3;4;2017-11-09;7300000;microempresarial
masculino;comercio;variedades;buenos aires;3;4;2017-06-16;7000000;microempresarial
masculino;servicio;comidas rapidas;buenos aires;2;4;2018-07-25;7800000;microempresarial
femenino;servicio;peluqueria;buenos aires;3;4;2017-03-15;7300000;microempresarial
femenino;comercio;almacen de ropa en;buenos aires;3;4;2018-07-04;2000000;microempresarial
femenino;comercio;variedades;buenos aires;3;4;2017-12-05;7000000;microempresarial
femenino;servicio;comidas rapidas;buenos aires;2;4;2017-02-03;7300000;microempresarial
femenino;industria;fabrica de arepas;buenos aires;3;4;2018-01-24;7300000;microempresarial
femenino;servicio;peluqueria;buenos aires;3;4;2018-03-08;3000000;microempresarial
femenino;comercio;tienda;buenos aires;2;4;2018-10-11;7800000;microempresarial
femenino;comercio;venta de lacteos;buenos aires;2;4;2019-04-22;3000000;microempresarial
masculino;comercio;tienda;buenos aires;2;4;2019-02-19;7800000;microempresarial
femenino;servicio;cafeteria;buenos aires;3;4;2016-08-23;3000000;microempresarial
masculino;industria;cerrajeria;buenos aires;3;4;2018-05-23;5000000;microempresarial
masculino;industria;fabrica de;buenos aires;2;4;2018-05-04;1800000;microempresarial
femenino;comercio;tienda;buenos aires;2;4;2018-06-15;4000000;microempresarial
masculino;comercio;taller de electronica;buenos aires;3;4;2017-02-16;7377000;microempresarial
masculino;comercio;comidas rapidas;buenos aires;3;4;2018-04-24;3500000;microempresarial
masculino;industria;fabrica de;buenos aires;2;4;2018-03-07;6000000;microempresarial
femenino;industria;fabrica de;buenos aires;3;4;2016-04-11;6600000;microempresarial
femenino;comercio;joyeria;buenos aires;3;4;2017-01-20;7377000;microempresarial
femenino;servicio;peluqueria;buenos aires;2;4;2016-10-26;6890000;microempresarial
femenino;industria;fabrica de;buenos aires;3;2;2019-04-01;6000000;microempresarial
femenino;industria;fabrica de;buenos aires;2;4;2017-03-09;3500000;microempresarial
femenino;comercio;almacen de ropa en;buenos aires;2;4;2019-05-23;4800000;microempresarial
femenino;comercio;variedades;buenos aires;2;4;2018-05-24;7800000;microempresarial
femenino;comercio;miscelanea;buenos aires;3;4;2017-01-10;3000000;microempresarial
masculino;servicio;peluqueria;buenos aires;3;4;2018-02-21;2500000;microempresarial
masculino;servicio;mantenimiento en;buenos aires;2;4;2017-11-08;5000000;microempresarial
masculino;industria;joyeria;buenos aires;3;4;2018-04-16;1000000;microempresarial
femenino;comercio;tienda;buenos aires;3;4;2016-04-07;6890000;microempresarial
femenino;comercio;variedades;buenos aires;3;4;2018-04-25;6500000;microempresarial
masculino;servicio;lavadero de;buenos aires;2;4;2016-11-16;6000000;microempresarial
masculino;industria;fabrica de;buenos aires;3;4;2018-05-08;7000000;microempresarial
femenino;comercio;almacen de ropa en;buenos aires;3;4;2018-12-05;5000000;microempresarial
femenino;comercio;variedades;buenos aires;3;4;2018-05-25;7800000;microempresarial
femenino;industria;fabrica de;buenos aires;3;4;2019-01-25;5000000;microempresarial
femenino;comercio;comidas rapidas;buenos aires;3;4;2016-11-04;6000000;microempresarial
femenino;servicio;miscelanea;buenos aires;3;4;2016-07-06;6000000;microempresarial
femenino;servicio;peluqueria;buenos aires;3;4;2017-05-11;7000000;microempresarial
femenino;industria;fabrica de;buenos aires;3;4;2017-02-28;6000000;microempresarial
femenino;comercio;variedades;buenos aires;3;4;2018-03-09;7800000;microempresarial
femenino;comercio;bares;buenos aires;2;4;2017-05-09;6000000;microempresarial
masculino;comercio;miscelanea;buenos aires;3;4;2017-08-08;3000000;microempresarial
masculino;servicio;recreativo educativo;buenos aires;3;4;2016-12-07;5000000;microempresarial
masculino;industria;fabrica de;buenos aires;3;4;2018-06-07;19500000;empresarial ed.
femenino;comercio;tienda naturista;buenos aires;3;4;2018-05-28;7800000;microempresarial
femenino;industria;fabrica de;buenos aires;3;4;2018-09-20;7800000;microempresarial
femenino;comercio;papeleria;buenos aires;3;4;2018-04-05;7800000;microempresarial
femenino;industria;fabrica de;buenos aires;3;4;2017-11-30;7000000;microempresarial
femenino;comercio;fabrica de;buenos aires;3;4;2018-06-13;6000000;microempresarial
masculino;comercio;comidas rapidas;buenos aires;3;4;2017-11-24;3000000;microempresarial
femenino;servicio;peluqueria;buenos aires;2;4;2017-09-06;7000000;microempresarial
femenino;comercio;comidas rapidas;buenos aires;3;4;2017-10-27;7300000;microempresarial
masculino;servicio;restaurante;buenos aires;3;6;2019-03-13;7000000;microempresarial
femenino;industria;fabrica de alimentos;buenos aires;3;4;2018-10-25;4000000;microempresarial
femenino;comercio;variedades;buenos aires;3;4;2017-10-24;7000000;microempresarial
femenino;industria;restaurante;buenos aires;2;4;2018-06-27;6000000;microempresarial
femenino;comercio;almacen de ropa en;buenos aires;3;4;2017-05-15;7370000;microempresarial
femenino;comercio;comidas rapidas;buenos aires;3;4;2018-08-01;2500000;microempresarial
femenino;industria;fabrica de calzado;buenos aires;3;4;2016-09-13;4000000;microempresarial
femenino;comercio;variedades;buenos aires;3;4;2016-03-28;1300000;microempresarial
masculino;comercio;comidas rapidas;buenos aires;3;4;2018-02-27;4000000;microempresarial
femenino;comercio;almacen de ropa en;buenos aires;1;4;2017-07-13;4000000;microempresarial
femenino;comercio;fabrica de alimentos;buenos aires;3;4;2017-02-01;7000000;microempresarial
femenino;comercio;venta de repuestos;buenos aires;3;4;2016-02-20;6890000;microempresarial
masculino;servicio;barberia;buenos aires;3;4;2016-11-30;6890000;microempresarial
masculino;comercio;variedades;buenos aires;3;4;2018-03-07;7000000;microempresarial
femenino;comercio;almacen de ropa en;buenos aires;3;4;2017-07-19;3000000;microempresarial
femenino;comercio;variedades;buenos aires;3;4;2016-09-13;6890000;microempresarial
femenino;comercio;tienda;buenos aires;3;4;2018-08-06;1000000;microempresarial
femenino;comercio;comidas rapidas;buenos aires;3;4;2017-05-09;7377000;microempresarial
femenino;comercio;restaurante;buenos aires;2;4;2017-11-09;7370000;microempresarial
femenino;comercio;distribuidora de;buenos aires;3;4;2017-09-13;5000000;microempresarial
femenino;servicio;peluqueria;buenos aires;2;4;2018-08-01;7000000;microempresarial
femenino;comercio;tienda;buenos aires;3;4;2016-02-25;300000;microempresarial
masculino;comercio;variedades;buenos aires;3;4;2018-01-17;7000000;microempresarial
femenino;servicio;peluqueria;buenos aires;1;4;2018-02-05;7000000;microempresarial
femenino;comercio;variedades;buenos aires;3;4;2017-08-24;6000000;microempresarial
femenino;servicio;variedades;buenos aires;2;4;2016-12-06;6800000;microempresarial
masculino;comercio;papeleria;buenos aires;2;4;2016-04-29;3000000;microempresarial
masculino;servicio;mantenimiento en;buenos aires;2;4;2018-06-18;7800000;microempresarial
femenino;industria;fabrica de;buenos aires;2;4;2019-02-11;8000000;microempresarial
femenino;comercio;almacen de ropa en;buenos aires;3;4;2017-07-31;7000000;microempresarial
masculino;comercio;granero;buenos aires;3;4;2018-02-21;5000000;microempresarial
femenino;servicio;peluqueria;buenos aires;2;4;2016-11-17;6900000;microempresarial
femenino;comercio;miscelanea;buenos aires;3;4;2016-06-14;4000000;microempresarial
masculino;comercio;comidas rapidas;buenos aires;3;4;2017-11-09;4200000;microempresarial
femenino;industria;fabrica de;buenos aires;2;4;2019-04-09;4000000;microempresarial
femenino;servicio;peluqueria;buenos aires;3;4;2016-07-18;6000000;microempresarial
femenino;comercio;panaderia;buenos aires;3;4;2018-04-04;3500000;microempresarial
masculino;comercio;marqueteria;buenos aires;3;4;2017-02-28;7300000;microempresarial
femenino;servicio;peluqueria;buenos aires;2;4;2017-11-03;7300000;microempresarial
femenino;servicio;peluqueria;buenos aires;3;4;2018-04-25;6000000;microempresarial
femenino;comercio;almacen de ropa en;buenos aires;3;4;2017-08-15;15000000;microempresarial
femenino;servicio;peluqueria;buenos aires;3;4;2018-04-03;7800000;microempresarial
masculino;servicio;deposito de;buenos aires;3;4;2016-09-23;4000000;microempresarial
masculino;comercio;variedades;buenos aires;2;4;2016-02-23;2000000;microempresarial
masculino;servicio;peluqueria;buenos aires;3;4;2016-08-02;6890000;microempresarial
masculino;comercio;tienda de helados;buenos aires;2;4;2016-04-11;6890000;microempresarial
masculino;comercio;variedades;buenos aires;3;4;2018-06-06;4000000;microempresarial
femenino;comercio;variedades;buenos aires;3;4;2018-05-15;3000000;microempresarial
femenino;industria;fabrica de;buenos aires;3;4;2018-04-11;6000000;microempresarial
masculino;industria;tienda;buenos aires;3;4;2018-05-09;7800000;microempresarial
masculino;comercio;variedades;buenos aires;3;4;2018-03-13;5000000;microempresarial
masculino;industria;fabrica de;buenos aires;3;4;2017-01-19;4000000;microempresarial
femenino;comercio;variedades;buenos aires;3;4;2017-10-19;7000000;microempresarial
femenino;industria;fabrica de alimentos;buenos aires;3;4;2018-08-29;7800000;microempresarial
femenino;comercio;almacen de ropa en;buenos aires;3;4;2016-07-11;6000000;microempresarial
masculino;industria;fabrica de;buenos aires;3;4;2019-05-31;7500000;microempresarial
femenino;comercio;almacen de ropa en;buenos aires;3;4;2019-06-19;8000000;microempresarial
masculino;comercio;miscelanea;buenos aires;2;4;2018-02-01;7800000;microempresarial
femenino;servicio;peluqueria;buenos aires;3;4;2018-03-14;4000000;microempresarial
masculino;industria;fabrica de;buenos aires;2;4;2017-12-06;7300000;microempresarial
masculino;comercio;cafeteria;buenos aires;3;4;2018-01-16;5000000;microempresarial
femenino;industria;fabrica de;buenos aires;3;4;2017-05-09;7370000;microempresarial
femenino;comercio;miscelanea;buenos aires;3;4;2017-11-16;7377000;microempresarial
femenino;servicio;mantenimiento en;buenos aires;3;4;2018-11-02;5000000;microempresarial
femenino;comercio;comidas rapidas;buenos aires;3;4;2017-02-03;7377000;microempresarial
femenino;industria;fabrica de;buenos aires;3;4;2017-10-27;6000000;microempresarial
masculino;servicio;tienda;buenos aires;3;4;2017-09-04;6000000;microempresarial
masculino;comercio;drogueria;buenos aires;3;4;2018-03-23;7000000;microempresarial
femenino;comercio;comidas rapidas;buenos aires;3;4;2017-10-09;7370000;microempresarial
femenino;comercio;recreativo educativo;buenos aires;2;4;2018-01-30;6000000;microempresarial
femenino;comercio;comidas rapidas;buenos aires;2;4;2018-02-23;7200000;microempresarial
femenino;comercio;variedades;buenos aires;2;3;2016-11-16;2000000;microempresarial
femenino;comercio;distribuidora de;buenos aires;3;3;2018-11-08;4000000;microempresarial
masculino;industria;fabrica de;buenos aires;1;3;2018-07-06;7000000;microempresarial
femenino;servicio;mantenimiento en;buenos aires;2;3;2017-07-26;7300000;microempresarial
femenino;comercio;miscelanea;buenos aires;2;3;2016-04-05;6890000;microempresarial
masculino;industria;fabrica de calzado;buenos aires;3;3;2018-09-20;7800000;microempresarial
femenino;comercio;variedades;buenos aires;3;3;2018-09-20;7800000;microempresarial
femenino;industria;fabrica de;buenos aires;2;3;2016-09-13;6000000;microempresarial
femenino;industria;fabrica de;buenos aires;2;3;2017-01-17;4000000;microempresarial
femenino;comercio;miscelanea;buenos aires;3;3;2019-04-05;7800000;microempresarial
masculino;comercio;variedades;buenos aires;2;3;2018-11-27;1000000;microempresarial
femenino;comercio;fabrica de alimentos;buenos aires;1;3;2017-11-24;3000000;microempresarial
femenino;comercio;variedades;buenos aires;2;3;2016-03-31;5000000;microempresarial
masculino;comercio;tienda;buenos aires;3;3;2017-01-19;73770000;microempresarial
femenino;servicio;fotografia;buenos aires;3;3;2016-10-06;4000000;microempresarial
masculino;comercio;comidas rapidas;buenos aires;3;3;2019-01-31;4500000;microempresarial
femenino;comercio;legumbreria;buenos aires;2;3;2019-06-07;1000000;credioportuno
femenino;servicio;peluqueria;buenos aires;3;3;2018-08-16;7000000;microempresarial
femenino;servicio;restaurante;buenos aires;2;3;2017-03-17;7300000;microempresarial
masculino;industria;fabrica de;buenos aires;3;3;2018-02-21;7000000;microempresarial
femenino;comercio;almacen de ropa en;buenos aires;3;5;2019-02-27;8281000;microempresarial
femenino;comercio;papeleria;buenos aires;3;5;2017-06-07;7000000;microempresarial
femenino;comercio;tienda;buenos aires;1;11;2019-05-30;8000000;microempresarial
femenino;comercio;variedades;buenos aires;1;1;2018-02-13;4000000;microempresarial
femenino;comercio;legumbreria;buenos aires;1;1;2018-04-16;7800000;microempresarial
masculino;servicio;tienda;buenos aires;1;1;2017-07-26;7300000;microempresarial
femenino;comercio;tienda;buenos aires;1;1;2017-02-14;3300000;microempresarial
femenino;industria;fabrica de;buenos aires;1;1;2018-02-28;4000000;microempresarial
femenino;servicio;peluqueria;buenos aires;1;1;2018-03-20;3000000;microempresarial
femenino;comercio;tienda;buenos aires;1;1;2018-06-08;7000000;microempresarial
masculino;servicio;barberia;buenos aires;1;1;2017-02-23;7000000;microempresarial
femenino;comercio;tienda naturista;buenos aires;1;1;2017-02-23;5000000;microempresarial
femenino;comercio;variedades;buenos aires;1;1;2018-10-26;6000000;microempresarial
femenino;servicio;peluqueria;buenos aires;1;1;2018-05-29;1000000;microempresarial
femenino;comercio;variedades;buenos aires;1;1;2016-03-08;6444000;microempresarial
masculino;comercio;variedades;buenos aires;1;1;2018-12-04;1700000;microempresarial
masculino;comercio;variedades;buenos aires;1;1;2018-06-07;7300000;microempresarial
femenino;industria;fabrica de;buenos aires;1;1;2017-04-03;7377000;microempresarial
femenino;servicio;productos de belleza;buenos aires;1;1;2019-02-01;7000000;microempresarial
femenino;comercio;variedades;buenos aires;1;1;2017-05-16;5000000;microempresarial
masculino;comercio;legumbreria;buenos aires;1;1;2018-05-11;2500000;microempresarial
masculino;agropecuaria;criadero de animales;buenos aires;1;1;2018-11-15;7800000;microempresarial
femenino;industria;fabrica de;buenos aires;1;1;2017-07-28;2500000;microempresarial
femenino;comercio;tienda;buenos aires;1;1;2017-10-30;1000000;microempresarial
femenino;industria;fabrica de;buenos aires;1;1;2018-12-17;3000000;microempresarial
femenino;industria;variedades;buenos aires;1;1;2018-04-04;5000000;microempresarial
femenino;industria;fabrica de;buenos aires;1;1;2018-07-24;5000000;microempresarial
masculino;servicio;variedades;buenos aires;1;1;2019-03-15;8000000;microempresarial
masculino;comercio;cafe e internet;buenos aires;1;1;2017-09-22;7300000;microempresarial
masculino;comercio;variedades;buenos aires;1;1;2018-08-14;5000000;microempresarial
femenino;comercio;tienda;buenos aires;1;1;2018-11-07;5000000;microempresarial
masculino;comercio;variedades;buenos aires;1;1;2018-02-12;3500000;microempresarial
femenino;industria;fabrica de;buenos aires;1;1;2016-10-12;6000000;microempresarial
femenino;comercio;variedades;buenos aires;1;1;2018-04-16;2500000;microempresarial
femenino;industria;fabrica de;buenos aires;1;1;2018-12-04;7000000;microempresarial
masculino;comercio;almacen de ropa en;buenos aires;1;1;2018-03-14;2000000;microempresarial
femenino;comercio;tienda;buenos aires;1;1;2016-08-22;6890000;microempresarial
femenino;industria;fabrica de;buenos aires;1;1;2018-04-04;3000000;microempresarial
femenino;comercio;tienda;buenos aires;1;1;2018-11-21;7800000;microempresarial
femenino;comercio;comidas rapidas;buenos aires;1;1;2018-06-05;3000000;microempresarial
femenino;comercio;tienda;buenos aires;1;1;2017-06-12;6000000;microempresarial
femenino;comercio;variedades;buenos aires;1;1;2018-04-11;4000000;microempresarial
femenino;comercio;granero;buenos aires;1;1;2018-07-13;7800000;microempresarial
femenino;servicio;cafeteria;buenos aires;1;1;2018-04-24;7000000;microempresarial
femenino;comercio;almacen de ropa en;buenos aires;1;1;2018-10-31;7000000;microempresarial
femenino;industria;carpinteria;buenos aires;1;1;2018-10-30;7800000;microempresarial
femenino;comercio;variedades;buenos aires;2;1;2017-03-27;7000000;microempresarial
femenino;industria;fabrica de;buenos aires;1;1;2017-06-06;7377000;microempresarial
femenino;industria;fabrica de;buenos aires;1;1;2016-07-26;6890000;microempresarial
masculino;comercio;variedades;buenos aires;1;1;2018-10-18;7000000;microempresarial
femenino;industria;fabrica de;buenos aires;1;1;2018-11-20;5000000;microempresarial
femenino;servicio;peluqueria;buenos aires;1;1;2018-03-05;5000000;microempresarial
femenino;industria;fabrica de;buenos aires;3;5;2016-09-30;6890000;microempresarial
masculino;servicio;recreativo educativo;buenos aires;3;5;2016-05-24;6400000;microempresarial
masculino;servicio;tienda naturista;buenos aires;3;5;2018-11-13;7800000;microempresarial
femenino;servicio;peluqueria;buenos aires;3;5;2017-09-22;2500000;microempresarial
femenino;industria;fabrica de;buenos aires;2;5;2019-01-18;8200000;microempresarial
masculino;comercio;comidas rapidas;buenos aires;3;5;2018-03-01;6000000;microempresarial
femenino;servicio;peluqueria;buenos aires;3;5;2017-03-07;7377000;microempresarial
masculino;industria;fabrica de;buenos aires;2;5;2018-08-01;7800000;microempresarial
femenino;comercio;lavanderia;buenos aires;3;5;2018-07-05;7800000;microempresarial
femenino;servicio;drogueria;buenos aires;3;5;2017-10-03;7000000;microempresarial
femenino;comercio;distribuidora de;buenos aires;3;5;2019-06-13;3000000;microempresarial
masculino;servicio;mensajeria;buenos aires;3;5;2017-01-23;7370000;microempresarial
masculino;comercio;variedades;buenos aires;3;5;2018-02-01;7000000;microempresarial
femenino;comercio;tienda;buenos aires;3;5;2017-11-23;4000000;microempresarial
femenino;comercio;variedades;buenos aires;2;5;2018-02-14;4000000;microempresarial
femenino;comercio;tienda;buenos aires;1;5;2018-05-04;4000000;microempresarial
femenino;servicio;peluqueria;buenos aires;3;5;2017-11-24;7300000;microempresarial
masculino;comercio;distribuidora de;buenos aires;3;5;2018-02-19;1000000;microempresarial
masculino;industria;ebanistaria;buenos aires;3;5;2017-11-07;7300000;microempresarial
femenino;comercio;almacen de ropa en;buenos aires;3;5;2017-12-13;7370000;microempresarial
femenino;comercio;comidas rapidas;buenos aires;2;5;2018-03-16;2000000;microempresarial
femenino;comercio;tienda;buenos aires;3;5;2017-12-14;6000000;microempresarial
femenino;industria;fabrica de;buenos aires;1;5;2016-07-11;3500000;microempresarial
femenino;comercio;peluqueria;buenos aires;2;5;2018-02-13;7000000;microempresarial
femenino;comercio;variedades;buenos aires;2;5;2018-01-22;3500000;microempresarial
femenino;comercio;bares;buenos aires;3;5;2018-07-27;7800000;microempresarial
femenino;comercio;restaurante;buenos aires;3;5;2019-03-07;8200000;microempresarial
masculino;comercio;variedades;buenos aires;2;5;2018-12-04;7800000;microempresarial
femenino;comercio;variedades;buenos aires;3;5;2018-11-26;7800000;microempresarial
masculino;comercio;miscelanea;buenos aires;3;5;2016-10-25;3000000;microempresarial
femenino;industria;fabrica de colchones;buenos aires;3;5;2018-11-20;7000000;microempresarial
masculino;comercio;tienda;buenos aires;3;5;2019-01-29;7000000;microempresarial
femenino;comercio;variedades;buenos aires;3;5;2018-09-21;2500000;microempresarial
masculino;industria;fabrica de;buenos aires;3;5;2018-04-05;7000000;microempresarial
masculino;comercio;comidas rapidas;buenos aires;2;5;2018-12-21;4000000;microempresarial
femenino;servicio;peluqueria;buenos aires;3;5;2017-03-24;7000000;microempresarial
femenino;industria;fabrica de;buenos aires;3;5;2018-02-12;4000000;microempresarial
masculino;comercio;variedades;buenos aires;2;5;2017-04-17;7377000;microempresarial
femenino;comercio;variedades;buenos aires;3;5;2018-06-06;7000000;microempresarial
femenino;comercio;restaurante;buenos aires;3;5;2018-06-01;2500000;microempresarial
masculino;comercio;variedades;buenos aires;3;5;2018-02-22;5000000;microempresarial
femenino;comercio;peluqueria;popular;3;5;2017-08-11;2500000;microempresarial
femenino;comercio;variedades;popular;3;5;2017-08-11;2000000;microempresarial
masculino;comercio;papeleria;popular;3;5;2016-08-18;2000000;microempresarial
femenino;comercio;variedades;popular;2;5;2018-05-15;2000000;microempresarial
masculino;comercio;restaurante;popular;3;5;2017-04-28;7377000;microempresarial
femenino;industria;fabrica de calzado;popular;2;5;2017-07-31;7000000;microempresarial
femenino;comercio;almacen de ropa en;popular;3;5;2016-12-02;6890000;microempresarial
masculino;servicio;carpinteria;popular;2;5;2018-10-18;1000000;microempresarial
masculino;industria;fabrica de;popular;1;5;2018-04-19;2500000;microempresarial
masculino;comercio;variedades;popular;3;10;2018-07-27;4000000;microempresarial
femenino;comercio;comidas rapidas;popular;3;5;2018-12-13;7800000;microempresarial
masculino;servicio;barberia;popular;3;5;2017-07-28;7377000;microempresarial
masculino;comercio;tienda;popular;3;5;2018-02-14;7800000;microempresarial
femenino;comercio;variedades;popular;3;5;2017-02-15;4000000;microempresarial
masculino;comercio;miscelanea;popular;3;5;2016-09-08;6890000;microempresarial
femenino;servicio;peluqueria;popular;3;5;2018-10-25;7000000;microempresarial
femenino;comercio;variedades;popular;3;5;2018-09-21;7800000;microempresarial
femenino;comercio;almacen de ropa en;popular;2;5;2018-06-05;7800000;microempresarial
femenino;comercio;recreativo educativo;popular;3;5;2018-04-09;7000000;microempresarial
masculino;comercio;carpinteria;popular;3;5;2017-05-03;7300000;microempresarial
femenino;comercio;ferreteria;popular;2;5;2017-02-02;7377000;microempresarial
femenino;comercio;miscelanea;popular;3;5;2017-03-24;7000000;microempresarial
masculino;servicio;mantenimiento en;popular;3;5;2017-02-01;7200000;microempresarial
masculino;industria;panaderia;popular;2;5;2017-05-16;7370000;microempresarial
masculino;servicio;tienda;popular;3;5;2017-06-12;3000000;microempresarial
femenino;servicio;lavanderia;popular;3;5;2017-09-19;7377000;microempresarial
masculino;servicio;variedades;popular;3;5;2016-12-02;6890000;microempresarial
femenino;comercio;restaurante;popular;3;5;2018-11-23;7000000;microempresarial
femenino;comercio;cafeteria;popular;2;5;2017-10-24;6000000;microempresarial
masculino;servicio;barberia;popular;3;5;2018-04-16;7800000;microempresarial
femenino;servicio;peluqueria;popular;2;5;2016-03-18;6000000;microempresarial
masculino;comercio;tienda;popular;3;5;2016-10-10;6000000;microempresarial
femenino;comercio;almacen de ropa en;popular;3;5;2018-10-03;5000000;microempresarial
masculino;industria;variedades;popular;3;5;2018-06-21;7800000;microempresarial
femenino;servicio;peluqueria;popular;3;5;2018-04-03;7000000;microempresarial
femenino;comercio;tienda;popular;3;5;2018-02-14;7800000;microempresarial
masculino;servicio;barberia;popular;3;5;2016-08-04;5000000;microempresarial
masculino;comercio;tienda;popular;3;5;2017-06-28;7000000;microempresarial
masculino;industria;carpinteria;popular;3;5;2017-06-12;2000000;microempresarial
femenino;comercio;comidas rapidas;popular;3;5;2018-11-09;5550000;microempresarial
femenino;comercio;drogueria;popular;3;5;2018-09-14;7800000;microempresarial
femenino;comercio;variedades;popular;3;5;2018-11-21;7800000;microempresarial
femenino;comercio;variedades;popular;3;5;2016-09-02;6000000;microempresarial
femenino;servicio;mantenimiento en;popular;3;5;2018-05-22;7860000;microempresarial
femenino;servicio;criadero de animales;popular;3;5;2018-10-25;7800000;microempresarial
masculino;comercio;variedades;popular;3;5;2018-03-23;7800000;microempresarial
femenino;industria;fabrica de;popular;2;5;2017-07-31;4500000;microempresarial
femenino;industria;fabrica de calzado;popular;2;5;2017-07-21;7000000;microempresarial
masculino;servicio;publicidad y;popular;3;5;2017-12-19;6000000;microempresarial
femenino;comercio;tienda;popular;3;5;2017-07-12;7000000;microempresarial
masculino;comercio;miscelanea;popular;3;5;2018-05-08;1500000;microempresarial
masculino;industria;lavanderia;popular;3;5;2019-05-03;7500000;microempresarial
masculino;servicio;publicidad y;popular;3;5;2017-11-14;7000000;microempresarial
femenino;comercio;cafe e internet;popular;3;5;2018-09-14;7000000;microempresarial
masculino;comercio;almacen de ropa en;popular;3;5;2018-05-11;4000000;microempresarial
masculino;industria;distribuidora de;popular;2;5;2019-04-01;8200000;microempresarial
femenino;comercio;papeleria;popular;3;5;2017-03-13;7300000;microempresarial
femenino;servicio;peluqueria;popular;3;5;2017-05-19;5000000;microempresarial
masculino;servicio;mantenimiento en;popular;3;5;2018-08-14;7000000;microempresarial
femenino;servicio;peluqueria;popular;2;5;2017-07-04;2000000;microempresarial
femenino;industria;fabrica de;popular;3;5;2017-08-25;7000000;microempresarial
femenino;comercio;tienda;popular;3;5;2016-07-11;2200000;microempresarial
femenino;comercio;fabrica de alimentos;popular;3;5;2017-06-08;4000000;microempresarial
femenino;comercio;fabrica de;popular;3;5;2017-01-24;6000000;microempresarial
femenino;servicio;restaurante;popular;3;5;2018-11-07;4500000;microempresarial
femenino;comercio;almacen de ropa en;popular;2;5;2016-10-11;3500000;microempresarial
masculino;comercio;variedades;popular;3;5;2018-07-31;6000000;microempresarial
femenino;comercio;fabrica de alimentos;popular;2;5;2018-04-03;3000000;microempresarial
masculino;industria;fabrica de;popular;2;5;2019-03-13;3000000;microempresarial
femenino;comercio;productos de belleza;popular;3;5;2019-06-14;7500000;microempresarial
femenino;servicio;comidas rapidas;popular;3;5;2016-05-05;6890000;microempresarial
femenino;servicio;fabrica de;popular;3;5;2017-02-09;7377000;microempresarial
femenino;servicio;tienda;popular;3;5;2017-08-18;7300000;microempresarial
femenino;comercio;venta de calzado;popular;3;5;2016-10-27;6000000;microempresarial
femenino;industria;fabrica de;popular;3;5;2018-02-15;4000000;microempresarial
masculino;comercio;comidas rapidas;popular;3;5;2018-11-14;6500000;microempresarial
femenino;industria;fabrica de;popular;3;5;2018-09-21;7800000;microempresarial
masculino;servicio;mantenimiento en;popular;3;5;2018-10-25;7800000;microempresarial
femenino;servicio;comidas rapidas;popular;3;5;2018-03-20;7800000;microempresarial
femenino;comercio;papeleria;popular;3;5;2019-01-30;4000000;microempresarial
masculino;servicio;papeleria;popular;2;5;2017-04-20;7377000;microempresarial
femenino;servicio;comidas rapidas;popular;3;5;2017-05-23;7370000;microempresarial
femenino;comercio;distribuidora de;popular;3;5;2018-03-21;7800000;microempresarial
femenino;comercio;variedades;popular;3;5;2016-05-12;1000000;microempresarial
femenino;industria;fabrica de muebles;popular;3;5;2017-09-22;4000000;microempresarial
femenino;servicio;cafeteria;popular;2;5;2016-10-03;6890000;microempresarial
femenino;industria;fabrica de;popular;3;5;2017-02-20;5000000;microempresarial
femenino;industria;fabrica de;popular;2;5;2016-05-17;5000000;microempresarial
femenino;industria;fabrica de;popular;3;5;2019-01-04;7800000;microempresarial
femenino;servicio;recreativo educativo;popular;3;5;2018-12-17;7500000;microempresarial
femenino;servicio;variedades;popular;3;5;2017-09-15;5000000;microempresarial
masculino;comercio;variedades;popular;3;5;2016-06-15;6500000;microempresarial
masculino;servicio;comidas rapidas;popular;2;5;2016-04-26;6890000;microempresarial
femenino;industria;variedades;popular;3;5;2017-06-21;7377000;microempresarial
femenino;servicio;comidas rapidas;popular;3;5;2019-06-14;6474000;microempresarial
femenino;comercio;variedades;popular;3;5;2018-05-23;1500000;microempresarial
femenino;industria;fabrica de;popular;3;5;2018-05-23;7800000;microempresarial
femenino;comercio;almacen de ropa en;popular;3;5;2017-09-13;7370000;microempresarial
femenino;comercio;granero;popular;3;5;2018-10-11;5000000;microempresarial
masculino;comercio;variedades;popular;3;5;2019-03-15;8000000;microempresarial
masculino;comercio;fabrica de helados;popular;3;5;2018-07-23;7500000;microempresarial
femenino;comercio;variedades;popular;3;5;2016-09-08;5000000;microempresarial
femenino;industria;fabrica de;popular;3;5;2019-04-25;6500000;microempresarial
femenino;comercio;comidas rapidas;popular;2;5;2018-02-28;3000000;microempresarial
masculino;comercio;variedades;popular;3;5;2018-03-16;7000000;microempresarial
masculino;comercio;restaurante;popular;3;5;2018-02-14;7000000;microempresarial
femenino;industria;fabrica de;popular;3;5;2017-03-01;5000000;microempresarial
femenino;comercio;variedades;popular;3;5;2017-09-07;7300000;microempresarial
femenino;servicio;peluqueria;popular;3;5;2019-06-10;8000000;microempresarial
femenino;comercio;variedades;popular;3;5;2018-07-12;7800000;microempresarial
femenino;industria;fabrica de;popular;2;5;2017-09-05;7000000;microempresarial
femenino;comercio;variedades;popular;3;5;2017-06-02;3000000;microempresarial
masculino;comercio;cafeteria;popular;3;5;2018-02-02;7812000;microempresarial
femenino;servicio;fabrica de;popular;2;5;2016-06-27;6890000;microempresarial
masculino;comercio;tienda;popular;3;5;2018-11-09;7000000;microempresarial
masculino;industria;fabrica de calzado;popular;3;5;2018-08-10;7800000;microempresarial
femenino;industria;fabrica de;popular;3;5;2017-01-25;7000000;microempresarial
femenino;industria;fabrica de alimentos;popular;3;5;2017-12-19;4000000;microempresarial
femenino;comercio;fabrica de;popular;3;5;2016-11-22;6890000;microempresarial
femenino;comercio;tienda;popular;2;5;2018-05-28;7800000;microempresarial
femenino;comercio;variedades;popular;3;5;2018-04-20;7000000;microempresarial
masculino;servicio;comidas rapidas;popular;2;5;2019-05-22;2000000;microempresarial
masculino;comercio;tienda;popular;3;5;2018-03-22;3000000;microempresarial
femenino;comercio;comidas rapidas;popular;3;5;2018-11-28;7800000;microempresarial
femenino;servicio;peluqueria;popular;3;5;2017-10-11;6000000;microempresarial
femenino;comercio;comidas rapidas;popular;2;5;2017-05-09;3000000;microempresarial
femenino;comercio;variedades;popular;3;5;2016-11-24;6894000;microempresarial
masculino;servicio;barberia;popular;2;5;2018-05-07;7800000;microempresarial
femenino;comercio;miscelanea;popular;3;5;2018-07-10;7800000;microempresarial
femenino;comercio;comidas rapidas;popular;1;5;2018-06-21;7000000;microempresarial
masculino;comercio;fabrica de helados;popular;2;5;2017-01-23;7377000;microempresarial
femenino;comercio;variedades;popular;3;5;2017-09-29;5000000;microempresarial
masculino;industria;variedades;popular;3;5;2018-05-07;7800000;microempresarial
femenino;industria;almacen de ropa en;popular;2;5;2018-09-14;6000000;microempresarial
femenino;comercio;comidas rapidas;popular;3;5;2017-12-13;4300000;microempresarial
femenino;comercio;drogueria;popular;3;5;2018-10-18;7812000;microempresarial
masculino;comercio;variedades;popular;3;5;2019-03-05;3000000;microempresarial
femenino;servicio;productos de belleza;popular;3;5;2018-05-24;7800000;microempresarial
masculino;industria;fabrica de calzado;popular;2;5;2018-05-08;2000000;microempresarial
masculino;comercio;variedades;popular;3;5;2018-11-01;7800000;microempresarial
masculino;comercio;almacen de ropa en;popular;2;5;2018-06-05;7800000;microempresarial
femenino;comercio;licorera;popular;3;5;2019-05-22;18218000;microempresarial
masculino;industria;fabrica de;popular;3;5;2016-06-03;4000000;microempresarial
masculino;comercio;tienda;popular;3;5;2019-01-18;2000000;microempresarial
femenino;comercio;fabrica de;popular;2;5;2018-07-30;3000000;microempresarial
masculino;industria;fabrica de alimentos;popular;3;5;2019-02-11;5400000;microempresarial
femenino;comercio;almacen de ropa en;popular;3;5;2018-09-03;2000000;microempresarial
femenino;comercio;miscelanea;popular;2;5;2018-11-07;7800000;microempresarial
femenino;servicio;miscelanea;popular;3;5;2017-03-07;3000000;microempresarial
femenino;comercio;variedades;popular;3;5;2018-05-17;7800000;microempresarial
femenino;comercio;almacen de ropa en;popular;3;5;2018-12-04;3000000;microempresarial
masculino;comercio;distribuidora de;popular;3;5;2018-01-19;4000000;microempresarial
femenino;comercio;comidas rapidas;popular;3;5;2017-01-30;7370000;microempresarial
masculino;servicio;barberia;popular;3;5;2019-05-07;8000000;microempresarial
masculino;industria;carpinteria;popular;3;5;2018-06-20;7800000;microempresarial
femenino;servicio;peluqueria;popular;3;5;2017-05-19;7377000;microempresarial
masculino;servicio;mantenimiento en;popular;3;5;2019-01-23;8200000;microempresarial
masculino;comercio;variedades;popular;3;5;2016-04-18;4500000;microempresarial
femenino;comercio;tienda;popular;3;5;2017-07-17;30000000;microempresarial
femenino;comercio;comidas rapidas;popular;2;5;2016-05-23;6890000;microempresarial
femenino;industria;fabrica de;popular;3;5;2016-06-14;5000000;microempresarial
femenino;servicio;comidas rapidas;popular;3;5;2017-07-19;7370000;microempresarial
masculino;servicio;taller de electronica;popular;2;5;2018-03-06;7000000;microempresarial
femenino;industria;fabrica de calzado;popular;3;5;2018-07-12;5000000;microempresarial
femenino;industria;fabrica de;popular;2;5;2018-06-18;7800000;microempresarial
masculino;servicio;mantenimiento en;popular;2;5;2016-09-12;6894000;microempresarial
masculino;industria;marqueteria;popular;2;5;2019-01-24;8000000;microempresarial
femenino;comercio;variedades;popular;3;5;2018-04-25;7800000;microempresarial
femenino;servicio;peluqueria;popular;3;5;2017-09-27;5000000;microempresarial
masculino;comercio;fabrica de;popular;3;5;2017-06-29;7000000;microempresarial
femenino;industria;fabrica de;popular;3;5;2017-06-15;5000000;microempresarial
femenino;servicio;mantenimiento en;popular;3;5;2018-07-10;5574000;microempresarial
masculino;comercio;alquiler de peliculas;popular;3;5;2019-04-22;8281000;microempresarial
masculino;servicio;publicidad y;popular;3;5;2019-02-07;4000000;microempresarial
femenino;comercio;variedades;popular;3;5;2017-09-26;7375000;microempresarial
masculino;comercio;fabrica de alimentos;popular;3;5;2017-06-08;4000000;microempresarial
femenino;industria;fabrica de repuestos;popular;3;5;2016-11-16;6890000;microempresarial
femenino;comercio;variedades;popular;2;5;2017-09-21;1000000;microempresarial
femenino;industria;fabrica de repuestos;popular;3;5;2016-08-05;3000000;microempresarial
femenino;comercio;tienda;popular;2;5;2018-04-18;7000000;microempresarial
masculino;servicio;recreativo educativo;popular;3;5;2016-05-23;5000000;microempresarial
femenino;comercio;panaderia;popular;3;5;2017-10-18;7000000;microempresarial
masculino;comercio;tienda;popular;3;5;2019-02-20;10000000;microempresarial
femenino;industria;fabrica de;popular;3;5;2018-05-21;2000000;microempresarial
femenino;comercio;almacen de ropa en;popular;2;5;2018-10-18;7800000;microempresarial
femenino;comercio;productos de belleza;popular;3;5;2018-07-23;7800000;microempresarial
femenino;comercio;comidas rapidas;popular;3;5;2018-06-18;4000000;microempresarial
masculino;comercio;fabrica de calzado;popular;3;5;2018-05-02;5000000;microempresarial
femenino;industria;fabrica de;popular;3;5;2019-04-30;2700000;microempresarial
masculino;comercio;comidas rapidas;popular;2;5;2016-06-21;6000000;microempresarial
femenino;comercio;variedades;popular;3;5;2017-02-16;6000000;microempresarial
masculino;comercio;productos de belleza;popular;3;5;2017-11-14;6000000;microempresarial
femenino;industria;fabrica de;popular;3;5;2017-06-09;5500000;microempresarial
masculino;comercio;variedades;popular;2;5;2018-02-07;7000000;microempresarial
masculino;servicio;miscelanea;popular;3;5;2017-04-05;6000000;microempresarial
masculino;comercio;panaderia;popular;3;5;2017-11-23;7300000;microempresarial
masculino;servicio;mantenimiento en;popular;3;5;2018-09-24;7800000;microempresarial
masculino;comercio;cafeteria;popular;3;5;2018-10-24;990000;microempresarial
masculino;comercio;almacen de ropa en;popular;2;5;2016-11-04;3000000;microempresarial
femenino;comercio;variedades;popular;3;5;2016-11-08;6890000;microempresarial
femenino;comercio;comidas rapidas;popular;3;5;2019-04-23;8281000;microempresarial
masculino;industria;fabrica de;popular;3;5;2018-10-16;7800000;microempresarial
masculino;comercio;almacen de ropa en;popular;2;5;2018-08-15;7800000;microempresarial
masculino;comercio;variedades;popular;2;5;2017-06-27;7300000;microempresarial
femenino;comercio;variedades;popular;2;5;2018-08-27;3000000;microempresarial
masculino;comercio;bares;popular;3;5;2016-11-25;6894000;microempresarial
femenino;comercio;fabrica de;popular;3;5;2018-02-13;2000000;microempresarial
femenino;servicio;restaurante;popular;3;5;2018-07-16;7800000;microempresarial
femenino;comercio;tienda;popular;2;5;2018-04-16;7000000;microempresarial
femenino;servicio;charcuteria;popular;3;5;2016-07-25;6890000;microempresarial
masculino;servicio;taller de mecanica;popular;3;5;2016-07-12;6890000;microempresarial
masculino;comercio;ferreteria;popular;3;5;2016-10-20;3500000;microempresarial
masculino;servicio;mantenimiento en;popular;3;5;2018-05-23;2900000;microempresarial
masculino;comercio;variedades;popular;3;5;2018-09-20;7000000;microempresarial
femenino;comercio;comidas rapidas;popular;3;5;2018-05-08;7800000;microempresarial
femenino;comercio;tienda;popular;3;5;2017-09-19;7377000;microempresarial
masculino;comercio;legumbreria;popular;3;5;2018-05-22;5000000;microempresarial
femenino;industria;fabrica de;popular;3;5;2018-11-27;2000000;microempresarial
femenino;industria;fabrica de;popular;2;5;2017-11-21;7300000;microempresarial
femenino;industria;fabrica de;popular;3;5;2018-01-24;7800000;microempresarial
femenino;comercio;ferreteria;popular;3;5;2018-01-30;7800000;microempresarial
femenino;comercio;tienda de helados;popular;3;5;2017-01-13;6000000;microempresarial
femenino;industria;fabrica de;popular;2;5;2018-09-03;7800000;microempresarial
femenino;servicio;comidas rapidas;popular;2;5;2018-05-31;6000000;microempresarial
femenino;industria;distribuidora de;popular;2;5;2018-09-11;7800000;microempresarial
femenino;servicio;peluqueria;popular;3;5;2019-04-26;7500000;microempresarial
femenino;industria;mantenimiento en;popular;3;5;2018-03-14;4000000;microempresarial
femenino;industria;fabrica de;popular;3;5;2018-12-20;7800000;microempresarial
masculino;servicio;mantenimiento en;popular;3;5;2017-05-17;30249103;empresarial ed.
femenino;servicio;peluqueria;popular;2;5;2018-04-11;7800000;microempresarial
masculino;comercio;comidas rapidas;popular;3;5;2017-03-15;7377000;microempresarial
masculino;comercio;restaurante;popular;3;5;2017-02-16;7300000;microempresarial
femenino;comercio;peluqueria;popular;3;5;2017-08-02;7370000;microempresarial
masculino;comercio;charcuteria;popular;2;5;2017-02-08;2000000;microempresarial
femenino;servicio;peluqueria;popular;3;5;2018-04-30;7000000;microempresarial
masculino;comercio;tienda;popular;3;4;2019-05-23;8000000;microempresarial
femenino;comercio;variedades;popular;3;5;2018-01-15;7800000;microempresarial
masculino;comercio;tienda;popular;3;5;2019-04-10;4000000;microempresarial
femenino;industria;fabrica de;popular;3;5;2018-11-13;6000000;microempresarial
femenino;comercio;variedades;popular;3;5;2018-04-19;3000000;microempresarial
femenino;industria;fabrica de;popular;2;5;2017-09-29;2000000;microempresarial
femenino;comercio;variedades;popular;3;5;2018-11-01;7800000;microempresarial
femenino;comercio;variedades;popular;2;5;2018-10-29;7000000;microempresarial
femenino;industria;fabrica de;popular;3;5;2017-07-04;5000000;microempresarial
femenino;comercio;variedades;popular;3;5;2019-03-19;7000000;microempresarial
femenino;industria;ebanistaria;popular;3;5;2016-05-05;4000000;microempresarial
femenino;comercio;almacen de ropa en;popular;3;5;2017-10-04;3000000;microempresarial
femenino;servicio;charcuteria;popular;1;5;2017-06-29;7300000;microempresarial
femenino;comercio;fabrica de calzado;popular;3;5;2018-05-09;7800000;microempresarial
masculino;comercio;tienda;popular;2;5;2016-07-18;1500000;microempresarial
femenino;industria;fabrica de;popular;3;5;2018-05-17;7500000;microempresarial
femenino;industria;fabrica de;popular;2;5;2017-01-17;6000000;microempresarial
femenino;comercio;tienda;popular;2;5;2017-11-27;7300000;microempresarial
femenino;comercio;variedades;popular;3;5;2019-03-12;8200000;microempresarial
femenino;comercio;tienda;popular;3;5;2016-06-01;6890000;microempresarial
masculino;comercio;variedades;popular;3;5;2016-11-09;6890000;microempresarial
femenino;industria;fabrica de;popular;3;5;2018-04-03;7000000;microempresarial
masculino;industria;fabrica de;popular;3;5;2017-12-19;3000000;microempresarial
femenino;comercio;variedades;popular;3;5;2019-01-28;8000000;microempresarial
femenino;comercio;comidas rapidas;popular;3;5;2017-03-21;7376000;microempresarial
femenino;comercio;productos de belleza;popular;2;5;2017-08-18;5000000;microempresarial
femenino;servicio;peluqueria;popular;3;5;2017-05-03;7200000;microempresarial
femenino;comercio;variedades;popular;3;5;2016-09-08;6890000;microempresarial
femenino;industria;tienda;popular;3;5;2019-03-07;5000000;microempresarial
masculino;comercio;variedades;popular;3;5;2017-10-02;3000000;microempresarial
masculino;servicio;lavanderia;popular;3;5;2017-11-23;6000000;microempresarial
masculino;servicio;barberia;popular;3;5;2019-01-29;4000000;microempresarial
femenino;comercio;variedades;popular;3;5;2018-07-25;7800000;microempresarial
masculino;industria;fabrica de calzado;popular;3;5;2018-07-23;7600000;microempresarial
femenino;comercio;papeleria;popular;3;5;2019-03-22;8200000;microempresarial
femenino;comercio;variedades;popular;3;5;2017-09-07;73000000;microempresarial
femenino;comercio;fabrica de;popular;3;5;2017-09-26;7000000;microempresarial
femenino;comercio;carniceria;popular;3;5;2016-12-16;6894000;microempresarial
masculino;comercio;panaderia;popular;3;5;2017-02-27;7377000;microempresarial
femenino;industria;panaderia;popular;3;5;2018-10-11;7000000;microempresarial
femenino;comercio;carniceria;popular;3;5;2018-07-11;7800000;microempresarial
femenino;comercio;variedades;popular;3;5;2018-03-23;7800000;microempresarial
masculino;servicio;organización y;popular;3;5;2018-01-24;7812000;microempresarial
femenino;industria;fabrica de;popular;3;5;2016-03-04;4000000;microempresarial
femenino;comercio;ferreteria;popular;2;5;2018-01-25;7800000;microempresarial
masculino;industria;fabrica de;popular;2;5;2018-07-16;7800000;microempresarial
masculino;comercio;distribuidora de;popular;3;5;2018-07-30;7800000;microempresarial
femenino;industria;fabrica de;popular;3;5;2017-03-27;6000000;microempresarial
femenino;servicio;comidas rapidas;popular;3;5;2016-04-28;3100000;microempresarial
masculino;servicio;mantenimiento en;popular;2;5;2018-03-13;5000000;microempresarial
masculino;comercio;mensajeria;popular;3;5;2017-05-08;7300000;microempresarial
femenino;industria;fabrica de;popular;3;5;2016-04-14;6894540;microempresarial
femenino;servicio;peluqueria;popular;3;9;2017-08-17;1500000;microempresarial
masculino;servicio;comidas rapidas;popular;3;9;2016-08-05;6890000;microempresarial
femenino;industria;papeleria;popular;3;9;2018-09-05;3000000;microempresarial
masculino;servicio;peluqueria;popular;3;9;2017-04-03;7377000;microempresarial
masculino;comercio;variedades;popular;2;10;2017-04-17;1200000;microempresarial
femenino;comercio;almacen de ropa en;popular;3;10;2017-10-31;2000000;microempresarial
masculino;industria;carpinteria;popular;3;10;2018-09-10;7000000;microempresarial
masculino;comercio;fabrica de;popular;2;10;2018-01-24;4500000;microempresarial
femenino;servicio;tienda;popular;3;10;2016-09-29;6000000;microempresarial
femenino;industria;fabrica de;popular;3;10;2017-04-20;6000000;microempresarial
masculino;servicio;mantenimiento en;popular;2;10;2018-02-20;6000000;microempresarial
femenino;comercio;miscelanea;popular;1;10;2018-02-15;5000000;microempresarial
masculino;comercio;variedades;popular;3;10;2017-11-07;2000000;microempresarial
femenino;comercio;variedades;popular;1;10;2018-01-24;3600000;microempresarial
masculino;comercio;comidas rapidas;popular;2;10;2018-02-13;7800000;microempresarial
masculino;comercio;charcuteria;popular;3;10;2017-05-25;4400000;microempresarial
masculino;servicio;carpinteria;popular;3;10;2017-11-09;7377000;microempresarial
masculino;comercio;reciclaje;popular;1;10;2018-12-18;4000000;microempresarial
masculino;comercio;almacen de ropa en;popular;2;10;2018-05-18;800000;microempresarial
masculino;comercio;variedades;popular;3;10;2016-11-29;6800000;microempresarial
femenino;comercio;variedades;popular;3;10;2018-06-01;5000000;microempresarial
masculino;comercio;mantenimiento en;popular;1;10;2018-10-26;5000000;microempresarial
femenino;comercio;fabrica de;popular;3;10;2017-06-21;7377000;microempresarial
masculino;servicio;mantenimiento en;popular;3;10;2016-12-02;6800000;microempresarial
masculino;comercio;variedades;popular;3;10;2018-04-09;7800000;microempresarial
masculino;comercio;tienda;popular;2;10;2018-03-22;5000000;microempresarial
masculino;servicio;taller de electronica;popular;2;10;2019-01-04;3000000;microempresarial
masculino;comercio;almacen de ropa en;popular;3;10;2018-04-26;3500000;microempresarial
femenino;servicio;comidas rapidas;popular;1;10;2016-04-08;4136729;microempresarial
femenino;comercio;variedades;popular;3;10;2017-02-02;7377000;microempresarial
masculino;servicio;recreativo educativo;popular;3;10;2016-04-08;4000000;microempresarial
masculino;comercio;tienda;popular;1;10;2017-08-31;750000;microempresarial
femenino;servicio;mantenimiento en;popular;3;10;2018-05-21;6000000;microempresarial
femenino;industria;fabrica de;popular;3;10;2017-08-09;3000000;microempresarial
femenino;industria;fabrica de;popular;3;10;2016-12-13;6890000;microempresarial
masculino;comercio;distribuidora de;popular;3;10;2018-08-13;7800000;microempresarial
masculino;industria;panaderia;popular;2;10;2017-10-05;1500000;microempresarial
masculino;comercio;miscelanea;popular;3;10;2018-02-14;1000000;microempresarial
femenino;comercio;fabrica de alimentos;popular;2;10;2018-08-29;7800000;microempresarial
masculino;comercio;miscelanea;popular;1;10;2018-02-26;7800000;microempresarial
masculino;comercio;fabrica de;popular;3;10;2016-12-26;20000000;juridica y cap.semilla
femenino;servicio;bares;popular;2;10;2016-04-06;4000000;microempresarial
femenino;comercio;tienda;popular;3;10;2017-08-04;8800000;microempresarial
masculino;servicio;barberia;popular;2;10;2019-05-06;3000000;microempresarial
masculino;comercio;restaurante;popular;3;10;2017-05-11;7300000;microempresarial
masculino;comercio;joyeria;popular;2;10;2017-09-19;7377000;microempresarial
femenino;servicio;variedades;popular;3;10;2018-01-25;5000000;microempresarial
femenino;comercio;variedades;popular;3;10;2018-01-25;3500000;microempresarial
femenino;comercio;almacen de ropa en;popular;3;10;2017-10-31;7370000;microempresarial
masculino;comercio;organización y;popular;3;10;2017-08-24;18000000;juridica y cap.semilla
femenino;servicio;cafeteria;popular;3;10;2016-07-22;6800000;microempresarial
masculino;comercio;venta de calzado;popular;3;10;2017-12-21;7000000;microempresarial
femenino;comercio;variedades;popular;3;10;2018-01-31;7300000;microempresarial
masculino;servicio;restaurante;popular;3;10;2017-11-08;4000000;microempresarial
femenino;comercio;restaurante;popular;3;10;2018-05-15;4800000;microempresarial
masculino;comercio;almacen de ropa en;popular;3;10;2016-11-25;1000000;microempresarial
femenino;comercio;variedades;popular;3;7;2018-02-21;7000000;microempresarial
femenino;industria;fabrica de;popular;3;7;2017-02-07;7300000;microempresarial
femenino;comercio;variedades;popular;3;7;2017-10-24;7300000;microempresarial
femenino;comercio;variedades;popular;2;7;2017-07-24;7000000;microempresarial
masculino;comercio;cafe e internet;popular;3;7;2017-04-24;2000000;microempresarial
femenino;comercio;restaurante;popular;3;7;2017-03-23;7300000;microempresarial
femenino;comercio;variedades;popular;3;7;2017-06-28;7370000;microempresarial
femenino;servicio;cafeteria;popular;3;7;2018-03-12;3000000;microempresarial
femenino;servicio;comidas rapidas;popular;2;7;2016-10-25;4000000;microempresarial
femenino;comercio;productos de belleza;popular;3;7;2016-09-09;680000;microempresarial
femenino;comercio;fabrica de calzado;popular;3;7;2018-10-03;1000000;microempresarial
femenino;servicio;productos de belleza;popular;3;7;2017-10-31;23510000;empresarial ed.
femenino;servicio;peluqueria;popular;3;7;2017-01-26;6800000;microempresarial
masculino;industria;fabrica de;popular;3;7;2018-11-29;7800000;microempresarial
masculino;comercio;lavanderia;popular;3;7;2017-04-07;7000000;microempresarial
masculino;comercio;variedades;popular;3;7;2018-02-12;1000000;microempresarial
femenino;servicio;peluqueria;popular;3;7;2017-10-11;7370000;microempresarial
masculino;industria;fabrica de;popular;3;7;2018-12-03;7800000;microempresarial
masculino;servicio;fabrica de juegos;cabecera san cristobal;2;10;2019-06-19;6000000;microempresarial
femenino;comercio;almacen de ropa en;cabecera san cristobal;3;7;2016-08-18;6890000;microempresarial
masculino;comercio;fabrica de calzado;cabecera san cristobal;2;7;2018-01-31;7800000;microempresarial
masculino;servicio;variedades;cabecera san cristobal;3;7;2017-06-21;7300000;microempresarial
femenino;servicio;peluqueria;cabecera san cristobal;3;7;2018-02-28;6000000;microempresarial
masculino;comercio;deposito de;cabecera san cristobal;3;15;2017-06-15;7300000;microempresarial
femenino;comercio;restaurante;cabecera san cristobal;3;15;2016-12-13;68900000;microempresarial
masculino;industria;variedades;cabecera san cristobal;3;15;2016-11-19;6890000;microempresarial
femenino;comercio;restaurante;cabecera san cristobal;3;15;2018-01-24;6000000;microempresarial
masculino;industria;fabrica de;cabecera san cristobal;3;15;2016-11-11;6000000;microempresarial
femenino;comercio;cafeteria;cabecera san cristobal;3;15;2017-10-23;7370000;microempresarial
femenino;servicio;fotografia;cabecera san cristobal;3;15;2016-01-14;6440000;microempresarial
femenino;comercio;almacen de ropa en;cabecera san cristobal;3;15;2016-11-15;4000000;microempresarial
femenino;comercio;comidas rapidas;cabecera san cristobal;3;15;2018-03-05;5000000;microempresarial
femenino;servicio;peluqueria;cabecera san cristobal;3;15;2017-09-01;3300000;microempresarial
masculino;comercio;comidas rapidas;cabecera san cristobal;3;15;2017-08-01;6000000;microempresarial
femenino;comercio;variedades;cabecera san cristobal;3;15;2018-05-03;3000000;microempresarial
femenino;comercio;marqueteria;cabecera san cristobal;3;15;2017-06-13;7377000;microempresarial
femenino;industria;comidas rapidas;cabecera san cristobal;3;15;2017-08-11;15000000;empresarial ed.
femenino;comercio;distribuidora de;cabecera san cristobal;2;6;2016-10-11;6800000;microempresarial
femenino;industria;fabrica de;cabecera san cristobal;2;6;2017-09-27;7300000;microempresarial
femenino;industria;fabrica de;cabecera san cristobal;2;6;2018-04-05;7000000;microempresarial
femenino;industria;fabrica de;cabecera san cristobal;2;6;2016-08-05;4000000;microempresarial
femenino;comercio;variedades;cabecera san cristobal;2;6;2018-07-12;5000000;microempresarial
femenino;industria;fabrica de;cabecera san cristobal;2;6;2016-11-24;6000000;microempresarial
masculino;comercio;comidas rapidas;cabecera san cristobal;2;6;2017-07-04;7300000;microempresarial
femenino;industria;fabrica de;cabecera san cristobal;2;6;2016-09-26;6890000;microempresarial
masculino;comercio;mantenimiento en;cabecera san cristobal;2;6;2017-10-18;7370000;microempresarial
masculino;servicio;barberia;cabecera san cristobal;2;6;2017-09-05;7300000;microempresarial
femenino;comercio;restaurante;cabecera san cristobal;2;6;2018-01-16;7800000;microempresarial
masculino;comercio;fabrica de productos;cabecera san cristobal;2;6;2018-11-13;5000000;microempresarial
femenino;industria;fabrica de;cabecera san cristobal;1;6;2016-04-15;2000000;microempresarial
masculino;servicio;mantenimiento en;cabecera san cristobal;1;6;2018-05-04;7000000;microempresarial
femenino;comercio;almacen de ropa en;cabecera san cristobal;2;6;2017-05-18;7370000;microempresarial
femenino;comercio;variedades;cabecera san cristobal;2;6;2016-09-20;6890000;microempresarial
femenino;servicio;comidas rapidas;cabecera san cristobal;2;6;2018-02-09;6000000;microempresarial
masculino;comercio;distribuidora de;cabecera san cristobal;3;7;2019-03-18;8200000;microempresarial
femenino;comercio;comidas rapidas;cabecera san cristobal;2;6;2016-08-09;6890000;microempresarial
femenino;comercio;fabrica de alimentos;cabecera san cristobal;2;6;2018-02-12;7300000;microempresarial
femenino;comercio;variedades;cabecera san cristobal;2;6;2017-05-08;3000000;microempresarial
femenino;comercio;cafe e internet;cabecera san cristobal;2;6;2017-04-07;5000000;microempresarial
femenino;comercio;restaurante;cabecera san cristobal;2;6;2017-03-06;7000000;microempresarial
femenino;industria;fabrica de;cabecera san cristobal;2;6;2017-08-08;7000000;microempresarial
femenino;industria;fabrica de;cabecera san cristobal;2;60;2019-06-04;7000000;microempresarial
femenino;servicio;tienda;cabecera san cristobal;2;6;2019-03-20;5000000;microempresarial
femenino;comercio;variedades;cabecera san cristobal;1;6;2017-05-09;4000000;microempresarial
masculino;servicio;comidas rapidas;cabecera san cristobal;2;6;2017-07-18;7370000;microempresarial
masculino;comercio;panaderia;cabecera san cristobal;2;6;2018-04-04;7800000;microempresarial
femenino;servicio;peluqueria;cabecera san cristobal;2;6;2016-10-27;6000000;microempresarial
masculino;comercio;fabrica de productos;cabecera san cristobal;2;6;2018-07-11;2000000;microempresarial
femenino;servicio;comidas rapidas;cabecera san cristobal;2;6;2018-03-07;4000000;microempresarial
femenino;industria;fabrica de;cabecera san cristobal;1;6;2018-09-14;5000000;microempresarial
femenino;comercio;variedades;cabecera san cristobal;2;6;2017-10-17;7000000;microempresarial
masculino;comercio;almacen de ropa en;cabecera san cristobal;1;6;2019-02-14;8000000;microempresarial
femenino;comercio;variedades;cabecera san cristobal;2;6;2018-01-31;3000000;microempresarial
femenino;servicio;peluqueria;cabecera san cristobal;2;6;2017-08-28;7300000;microempresarial
femenino;comercio;papeleria;cabecera san cristobal;1;6;2017-03-01;7377000;microempresarial
masculino;comercio;comidas rapidas;cabecera san cristobal;2;6;2018-10-24;4000000;microempresarial
femenino;industria;fabrica de;cabecera san cristobal;2;6;2017-11-16;7370000;microempresarial
masculino;comercio;variedades;cabecera san cristobal;2;6;2018-07-30;5000000;microempresarial
femenino;industria;fabrica de;cabecera san cristobal;1;6;2017-05-10;5000000;microempresarial
masculino;comercio;ferreteria;cabecera san cristobal;1;6;2017-02-23;7377000;microempresarial
masculino;industria;fabrica de;cabecera san cristobal;1;6;2017-10-04;7377000;microempresarial
masculino;servicio;barberia;cabecera san cristobal;2;6;2017-04-04;3000000;microempresarial
femenino;industria;fabrica de;cabecera san cristobal;2;6;2017-07-13;3000000;microempresarial
masculino;comercio;tienda;cabecera san cristobal;2;6;2016-10-06;6000000;microempresarial
masculino;servicio;variedades;cabecera san cristobal;2;6;2017-09-15;73000000;microempresarial
femenino;servicio;productos de belleza;cabecera san cristobal;2;6;2017-07-06;7370000;microempresarial
masculino;comercio;variedades;cabecera san cristobal;2;6;2017-04-17;1000000;microempresarial
femenino;comercio;fabrica de;cabecera san cristobal;2;6;2018-01-05;5000000;microempresarial
masculino;comercio;comidas rapidas;cabecera san cristobal;2;6;2019-03-01;828000;microempresarial
femenino;industria;fabrica de;cabecera san cristobal;2;6;2016-12-30;6000000;microempresarial
femenino;comercio;almacen de ropa en;cabecera san cristobal;2;6;2017-11-27;7377000;microempresarial
femenino;comercio;tienda;cabecera san cristobal;2;6;2017-07-24;7300000;microempresarial
femenino;comercio;almacen de ropa en;cabecera san cristobal;2;6;2017-09-08;6500000;microempresarial
masculino;comercio;variedades;cabecera san cristobal;2;6;2017-07-12;29909900;microempresarial
masculino;comercio;tienda;cabecera san cristobal;2;6;2017-10-06;7377000;microempresarial
femenino;comercio;variedades;cabecera san cristobal;2;6;2016-04-11;1000000;microempresarial
femenino;comercio;tienda;cabecera san cristobal;2;6;2016-09-29;5000000;microempresarial
masculino;comercio;comidas rapidas;cabecera san cristobal;2;6;2018-05-21;5000000;microempresarial
femenino;comercio;miscelanea;cabecera san cristobal;2;6;2017-08-29;5000000;microempresarial
femenino;servicio;comidas rapidas;cabecera san cristobal;2;6;2017-03-06;7000000;microempresarial
masculino;comercio;almacen de ropa en;cabecera san cristobal;2;6;2017-09-27;7377000;microempresarial
masculino;comercio;tienda;cabecera san cristobal;2;6;2019-04-10;8261160;microempresarial
femenino;servicio;mantenimiento en;cabecera san cristobal;1;6;2017-10-19;7377000;microempresarial
femenino;comercio;papeleria;cabecera san cristobal;2;6;2019-05-24;4000000;microempresarial
femenino;comercio;variedades;cabecera san cristobal;2;6;2019-01-25;2000000;microempresarial
femenino;industria;fabrica de;cabecera san cristobal;2;6;2016-05-24;6890000;microempresarial
femenino;comercio;venta de lacteos;cabecera san cristobal;2;6;2016-11-11;6300000;microempresarial
masculino;servicio;barberia;cabecera san cristobal;2;6;2016-10-18;4500000;microempresarial
femenino;comercio;variedades;cabecera san cristobal;2;6;2017-03-02;3000000;microempresarial
femenino;comercio;restaurante;cabecera san cristobal;2;6;2019-05-16;5250000;microempresarial
femenino;comercio;tienda;cabecera san cristobal;2;6;2018-11-20;5000000;microempresarial
femenino;comercio;distribuidora de;cabecera san cristobal;2;6;2018-04-19;6000000;microempresarial
femenino;industria;panaderia;cabecera san cristobal;2;6;2018-07-06;4000000;microempresarial
femenino;comercio;variedades;cabecera san cristobal;3;6;2018-04-11;3000000;microempresarial
masculino;industria;panaderia;cabecera san cristobal;2;6;2016-07-13;6000000;microempresarial
femenino;comercio;tienda;cabecera san cristobal;2;6;2019-03-11;8000000;microempresarial
femenino;comercio;papeleria;cabecera san cristobal;2;6;2016-10-06;2000000;microempresarial
femenino;industria;fabrica de;cabecera san cristobal;2;6;2018-06-05;7800000;microempresarial
femenino;comercio;variedades;cabecera san cristobal;2;6;2016-04-15;6890000;microempresarial
femenino;industria;fabrica de;cabecera san cristobal;2;6;2018-07-09;1000000;microempresarial
femenino;servicio;mantenimiento en;cabecera san cristobal;1;6;2017-01-27;6000000;microempresarial
femenino;industria;fabrica de;cabecera san cristobal;2;6;2017-11-02;5000000;microempresarial
femenino;industria;fabrica de calzado;cabecera san cristobal;2;6;2018-10-11;7800000;microempresarial
masculino;servicio;cafe e internet;cabecera san cristobal;2;6;2018-10-31;3750000;microempresarial
femenino;comercio;variedades;cabecera san cristobal;2;6;2018-04-19;5000000;microempresarial
femenino;industria;fabrica de;cabecera san cristobal;1;6;2016-11-28;5000000;microempresarial
femenino;comercio;comidas rapidas;cabecera san cristobal;1;6;2017-10-27;7370000;microempresarial
femenino;industria;fabrica de;cabecera san cristobal;2;6;2016-10-28;6000000;microempresarial
masculino;industria;fabrica de;cabecera san cristobal;1;6;2016-07-27;6800000;microempresarial
femenino;comercio;tienda;cabecera san cristobal;1;6;2017-03-27;7300000;microempresarial
femenino;servicio;fabrica de ceramica;cabecera san cristobal;2;6;2016-08-17;6000000;microempresarial
femenino;comercio;tienda;cabecera san cristobal;2;6;2017-12-04;1000000;microempresarial
femenino;industria;fabrica de;cabecera san cristobal;2;6;2018-06-07;2000000;microempresarial
masculino;industria;fabrica de;cabecera san cristobal;2;6;2017-09-26;7377000;microempresarial
femenino;comercio;almacen de ropa en;cabecera san cristobal;2;6;2016-10-13;6890000;microempresarial
femenino;servicio;peluqueria;cabecera san cristobal;1;6;2018-10-11;6000000;microempresarial
masculino;industria;cerrajeria;cabecera san cristobal;2;6;2016-02-16;2500000;microempresarial
femenino;comercio;almacen de ropa en;cabecera san cristobal;2;6;2018-09-14;4500000;microempresarial
femenino;comercio;carniceria;cabecera san cristobal;2;6;2018-09-27;7800000;microempresarial
femenino;comercio;fabrica de;cabecera san cristobal;2;6;2017-06-21;2000000;microempresarial
masculino;industria;fabrica de;cabecera san cristobal;1;6;2017-05-31;5000000;microempresarial
masculino;comercio;tienda;cabecera san cristobal;2;6;2018-02-08;6000000;microempresarial
femenino;comercio;comidas rapidas;cabecera san cristobal;2;6;2018-11-01;780000;microempresarial
femenino;servicio;recreativo educativo;cabecera san cristobal;2;6;2019-05-02;18000000;microempresarial
femenino;industria;ferreteria;cabecera san cristobal;2;6;2018-10-29;5000000;microempresarial
masculino;servicio;fabrica de muebles;cabecera san cristobal;2;6;2019-05-23;7500000;microempresarial
masculino;comercio;cafe e internet;cabecera san cristobal;2;6;2017-03-22;2000000;microempresarial
femenino;comercio;comidas rapidas;cabecera san cristobal;2;6;2018-01-29;2000000;microempresarial
femenino;servicio;comidas rapidas;cabecera san cristobal;2;6;2016-05-31;5000000;microempresarial
femenino;comercio;variedades;cabecera san cristobal;2;6;2018-11-26;7800000;microempresarial
femenino;comercio;almacen de ropa en;cabecera san cristobal;2;6;2016-11-03;6890000;microempresarial
femenino;comercio;almacen de ropa en;cabecera san cristobal;2;6;2016-08-05;6890000;microempresarial
femenino;comercio;variedades;cabecera san cristobal;2;6;2018-02-14;7800000;microempresarial
femenino;comercio;almacen de ropa en;cabecera san cristobal;1;6;2018-02-13;7000000;microempresarial
masculino;servicio;peluqueria;cabecera san cristobal;2;6;2017-12-28;7300000;microempresarial
masculino;comercio;charcuteria;cabecera san cristobal;2;6;2017-02-08;7000000;microempresarial
femenino;comercio;almacen de ropa en;cabecera san cristobal;2;6;2018-04-26;1000000;microempresarial
femenino;servicio;fabrica de;cabecera san cristobal;2;6;2018-07-17;6000000;microempresarial
femenino;comercio;comidas rapidas;cabecera san cristobal;2;6;2016-06-03;4000000;microempresarial
masculino;industria;fabrica de;cabecera san cristobal;2;6;2016-12-22;6500000;microempresarial
femenino;servicio;peluqueria;cabecera san cristobal;1;6;2018-04-04;2500000;microempresarial
femenino;comercio;variedades;cabecera san cristobal;2;6;2018-01-16;7000000;microempresarial
femenino;comercio;tienda;cabecera san cristobal;2;6;2018-01-30;3500000;microempresarial
femenino;comercio;variedades;cabecera san cristobal;2;6;2018-02-28;5000000;microempresarial
masculino;comercio;variedades;cabecera san cristobal;2;6;2017-09-25;7370000;microempresarial
femenino;comercio;tienda;cabecera san cristobal;1;6;2016-03-04;5000000;microempresarial
femenino;comercio;tienda;cabecera san cristobal;2;6;2018-02-01;5000000;microempresarial
masculino;servicio;fabrica de calzado;cabecera san cristobal;2;6;2018-08-24;1000000;microempresarial
femenino;industria;fabrica de;cabecera san cristobal;2;6;2017-08-24;7300000;microempresarial
masculino;industria;fabrica de calzado;cabecera san cristobal;2;6;2019-03-22;7500000;microempresarial
masculino;comercio;venta de repuestos;cabecera san cristobal;2;6;2019-02-15;8200000;microempresarial
masculino;industria;fabrica de productos;cabecera san cristobal;2;6;2018-06-05;6000000;microempresarial
femenino;industria;fabrica de;cabecera san cristobal;2;6;2016-02-24;3500000;microempresarial
masculino;comercio;variedades;cabecera san cristobal;2;6;2017-01-13;7377000;microempresarial
femenino;servicio;peluqueria;cabecera san cristobal;2;6;2019-02-04;7000000;microempresarial
femenino;comercio;comidas rapidas;cabecera san cristobal;2;6;2018-04-12;2000000;microempresarial
masculino;servicio;tienda;cabecera san cristobal;2;6;2017-08-16;7370000;microempresarial
masculino;industria;fabrica de;cabecera san cristobal;2;6;2016-08-08;6800000;microempresarial
masculino;comercio;comidas rapidas;cabecera san cristobal;2;6;2016-07-19;6890000;microempresarial
femenino;comercio;variedades;cabecera san cristobal;2;6;2018-09-27;3000000;microempresarial
femenino;comercio;tienda naturista;cabecera san cristobal;2;6;2017-06-06;7000000;microempresarial
femenino;industria;fabrica de;cabecera san cristobal;2;6;2016-11-25;6000000;microempresarial
femenino;comercio;legumbreria;cabecera san cristobal;2;6;2018-02-28;1000000;microempresarial
femenino;comercio;variedades;cabecera san cristobal;2;6;2018-03-06;2000000;microempresarial
femenino;comercio;variedades;cabecera san cristobal;2;6;2016-12-13;6890000;microempresarial
femenino;comercio;miscelanea;cabecera san cristobal;2;6;2018-07-25;7000000;microempresarial
masculino;agropecuaria;criadero de animales;cabecera san cristobal;2;6;2017-05-24;7300000;microempresarial
femenino;servicio;peluqueria;cabecera san cristobal;2;6;2017-09-13;7370000;microempresarial
femenino;servicio;peluqueria;cabecera san cristobal;1;6;2018-08-28;5000000;microempresarial
masculino;comercio;variedades;cabecera san cristobal;2;6;2017-09-28;4400000;microempresarial
femenino;comercio;variedades;cabecera san cristobal;2;6;2016-07-14;6890000;microempresarial
femenino;comercio;peluqueria;cabecera san cristobal;2;6;2016-05-03;6000000;microempresarial
femenino;servicio;peluqueria;cabecera san cristobal;2;6;2016-09-13;1500000;microempresarial
femenino;comercio;papeleria;cabecera san cristobal;2;6;2018-04-20;2500000;microempresarial
masculino;comercio;ebanistaria;cabecera san cristobal;2;6;2018-03-23;4000000;microempresarial
femenino;comercio;fabrica de alimentos;cabecera san cristobal;2;6;2018-01-29;2500000;microempresarial
femenino;comercio;comidas rapidas;cabecera san cristobal;2;6;2018-03-06;4000000;microempresarial
femenino;servicio;fabrica de helados;cabecera san cristobal;2;6;2018-02-20;3500000;microempresarial
femenino;comercio;distribuidora de;cabecera san cristobal;1;6;2016-10-11;6890000;microempresarial
femenino;industria;variedades;cabecera san cristobal;2;6;2017-09-04;4000000;microempresarial
femenino;comercio;legumbreria;cabecera san cristobal;1;6;2019-05-17;4500000;microempresarial
femenino;comercio;fabrica de helados;cabecera san cristobal;2;6;2017-02-06;3000000;microempresarial
masculino;industria;fabrica de;cabecera san cristobal;2;6;2019-03-06;2000000;microempresarial
masculino;comercio;almacen de ropa en;cabecera san cristobal;1;6;2017-01-19;6000000;microempresarial
femenino;industria;fabrica de;cabecera san cristobal;2;6;2019-04-02;5000000;microempresarial
femenino;industria;fabrica de;cabecera san cristobal;2;6;2018-05-11;7812000;microempresarial
femenino;industria;fabrica de;cabecera san cristobal;2;6;2017-05-23;7377000;microempresarial
femenino;industria;fabrica de;cabecera san cristobal;2;6;2018-04-12;7500000;microempresarial
femenino;servicio;peluqueria;cabecera san cristobal;2;6;2018-04-20;6000000;microempresarial
femenino;industria;fabrica de calzado;cabecera san cristobal;2;6;2019-02-21;4300000;microempresarial
femenino;comercio;comidas rapidas;cabecera san cristobal;2;6;2018-05-22;4000000;microempresarial
masculino;comercio;comidas rapidas;cabecera san cristobal;2;6;2017-03-09;7375000;microempresarial
femenino;servicio;peluqueria;cabecera san cristobal;2;6;2018-07-25;5000000;microempresarial
masculino;industria;fabrica de;cabecera san cristobal;2;6;2018-05-21;5000000;microempresarial
femenino;industria;fabrica de;cabecera san cristobal;2;6;2016-11-16;6800000;microempresarial
femenino;comercio;fabrica de calzado;cabecera san cristobal;2;6;2017-09-22;7000000;microempresarial
femenino;industria;fabrica de;cabecera san cristobal;1;6;2016-08-10;3000000;microempresarial
femenino;servicio;restaurante;cabecera san cristobal;1;6;2018-02-08;5000000;microempresarial
masculino;comercio;charcuteria;cabecera san cristobal;2;6;2016-08-09;6000000;microempresarial
femenino;comercio;papeleria;cabecera san cristobal;2;6;2017-09-01;3000000;microempresarial
masculino;comercio;restaurante;cabecera san cristobal;2;6;2017-05-12;4000000;microempresarial
masculino;comercio;variedades;cabecera san cristobal;2;6;2017-08-11;4000000;microempresarial
femenino;servicio;fabrica de;cabecera san cristobal;2;6;2018-07-31;7000000;microempresarial
masculino;servicio;restaurante;cabecera san cristobal;2;6;2019-05-28;5000000;microempresarial
femenino;servicio;comidas rapidas;cabecera san cristobal;2;6;2016-10-20;6500000;microempresarial
femenino;comercio;variedades;cabecera san cristobal;2;6;2017-01-17;7000000;microempresarial
femenino;comercio;almacen de ropa en;cabecera san cristobal;2;6;2017-04-28;6000000;microempresarial
masculino;comercio;variedades;cabecera san cristobal;2;6;2017-12-12;6000000;microempresarial
femenino;industria;fabrica de;cabecera san cristobal;1;6;2018-07-17;5000000;microempresarial
masculino;comercio;comidas rapidas;cabecera san cristobal;1;6;2018-02-23;2000000;microempresarial
masculino;comercio;variedades;cabecera san cristobal;2;6;2018-02-02;7000000;microempresarial
femenino;industria;fabrica de;cabecera san cristobal;2;6;2018-04-17;6000000;microempresarial
masculino;comercio;variedades;cabecera san cristobal;2;6;2018-10-30;7800000;microempresarial
femenino;comercio;tienda de helados;cabecera san cristobal;2;6;2017-08-14;2000000;microempresarial
femenino;comercio;peluqueria;cabecera san cristobal;2;6;2018-03-13;5000000;microempresarial
masculino;comercio;tienda;cabecera san cristobal;1;6;2018-05-21;7800000;microempresarial
femenino;servicio;peluqueria;cabecera san cristobal;1;6;2017-09-26;7300000;microempresarial
femenino;comercio;almacen de ropa en;cabecera san cristobal;2;6;2018-02-07;7800000;microempresarial
femenino;comercio;restaurante;cabecera san cristobal;2;6;2017-03-10;3500000;microempresarial
femenino;industria;fabrica de;cabecera san cristobal;2;6;2016-09-13;5000000;microempresarial
masculino;comercio;variedades;cabecera san cristobal;2;6;2017-01-13;7000000;microempresarial
masculino;industria;fabrica de calzado;cabecera san cristobal;2;10;2019-04-10;8200000;microempresarial
femenino;comercio;tienda;cabecera san cristobal;2;13;2017-11-17;7370000;microempresarial
femenino;comercio;peluqueria;cabecera san cristobal;2;13;2018-10-26;3000000;microempresarial
masculino;comercio;distribuidora de;cabecera san cristobal;2;13;2017-08-02;7300000;microempresarial
femenino;comercio;cafeteria;cabecera san cristobal;2;13;2018-08-14;7800000;microempresarial
femenino;industria;fabrica de;cabecera san cristobal;2;13;2018-04-09;5000000;microempresarial
masculino;servicio;peluqueria;cabecera san cristobal;2;80;2018-04-17;5000000;microempresarial
femenino;servicio;comidas rapidas;cabecera san cristobal;2;80;2018-03-09;6000000;microempresarial
femenino;industria;fabrica de;cabecera san cristobal;3;10;2018-02-28;1000000;microempresarial
femenino;comercio;variedades;cabecera san cristobal;3;10;2017-06-28;7000000;microempresarial
femenino;comercio;variedades;cabecera san cristobal;3;10;2018-05-25;7800000;microempresarial
masculino;industria;fabrica de productos;cabecera san cristobal;3;10;2016-04-18;28000000;empresarial ed.
femenino;comercio;comidas rapidas;cabecera san cristobal;3;10;2016-11-01;6800000;microempresarial
femenino;industria;fabrica de;cabecera san cristobal;3;10;2016-07-12;5000000;microempresarial
femenino;comercio;variedades;cabecera san cristobal;3;10;2017-10-12;7000000;microempresarial
femenino;comercio;comidas rapidas;cabecera san cristobal;3;10;2018-08-16;7800000;microempresarial
femenino;industria;fabrica de;cabecera san cristobal;3;10;2017-07-14;7000000;microempresarial
masculino;comercio;tienda;cabecera san cristobal;3;10;2017-07-18;7000000;microempresarial
femenino;comercio;cafeteria;cabecera san cristobal;3;10;2017-07-26;7000000;microempresarial
masculino;servicio;mantenimiento en;cabecera san cristobal;3;10;2018-02-19;1000000;microempresarial
masculino;comercio;variedades;cabecera san cristobal;3;10;2017-10-13;7377000;microempresarial
masculino;comercio;variedades;cabecera san cristobal;3;10;2016-01-18;5200000;microempresarial
femenino;comercio;productos de belleza;cabecera san cristobal;1;1;2018-04-26;6000000;microempresarial
femenino;servicio;comidas rapidas;cabecera san cristobal;1;1;2017-02-23;5000000;microempresarial
masculino;comercio;tienda;cabecera san cristobal;1;1;2018-08-14;3000000;microempresarial
femenino;servicio;peluqueria;cabecera san cristobal;1;1;2018-05-25;7800000;microempresarial
femenino;servicio;mantenimiento en;cabecera san cristobal;1;1;2017-06-20;7377000;microempresarial
femenino;comercio;comidas rapidas;cabecera san cristobal;1;1;2018-02-21;7800000;microempresarial
masculino;servicio;deposito de;cabecera san cristobal;1;1;2018-05-11;3000000;microempresarial
femenino;comercio;comidas rapidas;cabecera san cristobal;1;1;2018-08-22;7800000;microempresarial
femenino;comercio;almacen de ropa en;cabecera san cristobal;1;1;2016-08-03;6000000;microempresarial
femenino;comercio;variedades;cabecera san cristobal;1;1;2018-04-03;7800000;microempresarial
masculino;comercio;barberia;cabecera san cristobal;1;1;2017-10-03;5000000;microempresarial
femenino;servicio;montallantas;cabecera san cristobal;1;1;2017-03-03;5000000;microempresarial
masculino;comercio;tienda;cabecera san cristobal;1;1;2016-06-02;5600000;microempresarial
femenino;comercio;restaurante;cabecera san cristobal;2;13;2016-10-05;6800000;microempresarial
masculino;agropecuaria;viveros;cabecera san cristobal;2;13;2017-10-30;14000000;agropecuaria
femenino;comercio;granero;cabecera san cristobal;2;13;2019-04-10;8281000;microempresarial
femenino;comercio;almacen de ropa en;cabecera san cristobal;2;13;2016-06-30;6800000;microempresarial
masculino;servicio;fabrica de helados;cabecera san cristobal;2;13;2018-03-05;3500000;microempresarial
femenino;servicio;comidas rapidas;cabecera san cristobal;2;13;2017-12-20;7000000;microempresarial
masculino;industria;fabrica de;cabecera san cristobal;2;7;2019-04-25;8000000;microempresarial
masculino;comercio;tienda;cabecera san cristobal;2;3;2019-02-12;6750000;microempresarial
masculino;industria;deposito de;cabecera san cristobal;2;7;2018-03-22;7800000;microempresarial
femenino;comercio;variedades;cabecera san cristobal;2;7;2018-01-05;7800000;microempresarial
femenino;industria;fabrica de;cabecera san cristobal;2;7;2016-09-16;6890000;microempresarial
femenino;servicio;recreativo educativo;cabecera san cristobal;2;7;2019-03-27;6000000;microempresarial
femenino;comercio;fabrica de;cabecera san cristobal;2;11;2018-02-28;7800000;microempresarial
masculino;agropecuaria;sembrados;cabecera san cristobal;2;60;2017-03-13;5000000;microempresarial
masculino;comercio;distribuidora de;cabecera san cristobal;1;13;2018-08-17;7000000;microempresarial
masculino;comercio;variedades;cabecera san cristobal;1;13;2017-08-28;7000000;microempresarial
femenino;comercio;variedades;cabecera san cristobal;1;13;2016-11-03;6890000;microempresarial
femenino;comercio;tienda;cabecera san cristobal;1;13;2018-08-29;5000000;microempresarial
masculino;servicio;distribuidora de;cabecera san cristobal;1;13;2016-07-29;6890000;microempresarial
femenino;comercio;variedades;cabecera san cristobal;1;13;2017-10-18;7370000;microempresarial
masculino;comercio;distribuidora de;cabecera san cristobal;2;8;2019-04-03;8281000;microempresarial
masculino;servicio;mantenimiento en;cabecera san cristobal;1;8;2016-06-07;6000000;microempresarial
masculino;comercio;bares;cabecera san cristobal;1;8;2016-08-30;3000000;microempresarial
masculino;comercio;cerrajeria;cabecera san cristobal;2;8;2017-01-10;7377710;microempresarial
femenino;industria;fabrica de;cabecera san cristobal;2;8;2016-05-26;6800000;microempresarial
femenino;comercio;almacen de ropa en;cabecera san cristobal;2;8;2017-09-19;4000000;microempresarial
femenino;comercio;comidas rapidas;cabecera san cristobal;1;8;2018-10-03;3000000;microempresarial
femenino;comercio;tienda;cabecera san cristobal;1;8;2016-02-10;3000000;microempresarial
masculino;comercio;distribuidora de;cabecera san cristobal;1;8;2016-04-12;27000000;empresarial ed.
femenino;comercio;almacen de ropa en;cabecera san cristobal;2;8;2018-10-16;7800000;microempresarial
masculino;comercio;almacen de ropa en;cabecera san cristobal;2;8;2016-08-18;4100000;credioportuno
femenino;servicio;miscelanea;cabecera san cristobal;2;14;2018-11-21;7800000;microempresarial
femenino;comercio;peluqueria;cabecera san cristobal;1;14;2017-06-22;7377000;microempresarial
femenino;comercio;variedades;cabecera san cristobal;3;14;2017-06-16;7000000;microempresarial
femenino;servicio;peluqueria;cabecera san cristobal;3;5;2017-04-20;7377000;microempresarial
femenino;comercio;fabrica de alimentos;cabecera san cristobal;2;14;2016-01-19;5000000;microempresarial
masculino;servicio;tienda;cabecera san cristobal;3;14;2017-11-29;5000000;microempresarial
masculino;comercio;comidas rapidas;cabecera san cristobal;3;14;2016-02-04;6443500;microempresarial
femenino;comercio;variedades;cabecera san cristobal;1;6;2017-09-26;5000000;microempresarial
masculino;comercio;drogueria;cabecera san cristobal;2;6;2018-01-18;7500000;microempresarial
femenino;comercio;variedades;cabecera san cristobal;1;3;2018-05-03;7800000;microempresarial
masculino;servicio;comidas rapidas;cabecera san cristobal;2;16;2018-05-29;5000000;microempresarial
masculino;industria;fabrica de calzado;cabecera san cristobal;2;16;2016-06-15;2000000;microempresarial
femenino;comercio;almacen de ropa en;cabecera san cristobal;3;15;2018-05-04;5200000;microempresarial
femenino;servicio;fabrica de helados;cabecera san cristobal;3;15;2017-02-09;7000000;microempresarial
femenino;industria;fabrica de;cabecera san cristobal;3;15;2017-06-15;6000000;microempresarial
femenino;comercio;papeleria;cabecera san cristobal;3;15;2017-04-07;232313;microempresarial
masculino;comercio;panaderia;cabecera san cristobal;3;15;2016-11-22;6890000;microempresarial
masculino;industria;fabrica de;cabecera san cristobal;2;9;2018-02-26;5000000;microempresarial
masculino;servicio;papeleria;cabecera san cristobal;1;13;2018-06-27;7800000;microempresarial
femenino;industria;fabrica de;cabecera san cristobal;1;13;2018-03-23;5000000;microempresarial
femenino;comercio;distribuidora de;cabecera san cristobal;1;13;2018-08-16;4000000;microempresarial
masculino;comercio;variedades;cabecera san cristobal;1;80;2016-07-14;6890000;microempresarial
femenino;industria;fabrica de;cabecera san cristobal;1;80;2016-08-19;6300000;microempresarial
femenino;comercio;almacen de ropa en;cabecera san cristobal;3;9;2018-10-18;4000000;microempresarial
femenino;comercio;almacen de ropa en;cabecera san cristobal;2;9;2016-09-09;5000000;microempresarial
femenino;comercio;comidas rapidas;cabecera san cristobal;3;9;2017-03-27;7000000;microempresarial
masculino;comercio;montallantas;cabecera san cristobal;3;9;2018-05-23;5000000;microempresarial
masculino;industria;fabrica de;cabecera san cristobal;2;9;2017-03-28;7370000;microempresarial
femenino;servicio;papeleria;cabecera san cristobal;3;9;2016-07-05;6800000;microempresarial
femenino;comercio;comidas rapidas;cabecera san cristobal;3;9;2017-02-01;2000000;credioportuno
masculino;comercio;variedades;cabecera san cristobal;3;9;2018-01-11;1200000;microempresarial
femenino;comercio;comidas rapidas;cabecera san cristobal;3;9;2018-01-24;1000000;microempresarial
femenino;comercio;papeleria;cabecera san cristobal;3;9;2017-03-30;1500000;microempresarial
femenino;industria;fabrica de;cabecera san cristobal;2;9;2017-11-17;7000000;microempresarial
femenino;servicio;peluqueria;cabecera san cristobal;3;9;2018-06-15;7000000;microempresarial
femenino;industria;fabrica de;cabecera san cristobal;3;9;2016-02-02;5000000;microempresarial
masculino;comercio;charcuteria;cabecera san cristobal;3;9;2017-08-30;5000000;microempresarial
femenino;comercio;tienda;cabecera san cristobal;3;9;2016-08-05;2000000;microempresarial
femenino;industria;fabrica de calzado;cabecera san cristobal;2;9;2018-02-07;7800000;microempresarial
femenino;comercio;almacen de ropa en;cabecera san cristobal;2;9;2018-09-12;5000000;microempresarial
femenino;industria;fabrica de;cabecera san cristobal;2;9;2017-09-14;7000000;microempresarial
masculino;servicio;variedades;cabecera san cristobal;3;9;2018-07-17;19000000;empresarial ed.
femenino;comercio;comidas rapidas;cabecera san cristobal;3;9;2018-05-23;7800000;microempresarial
femenino;comercio;tienda;cabecera san cristobal;2;9;2017-12-07;7300000;microempresarial
femenino;comercio;comidas rapidas;cabecera san cristobal;2;9;2018-08-29;7000000;microempresarial
femenino;industria;variedades;cabecera san cristobal;3;9;2016-12-07;6890000;microempresarial
femenino;comercio;comidas rapidas;cabecera san cristobal;3;9;2018-07-23;7800000;microempresarial
masculino;comercio;comidas rapidas;cabecera san cristobal;3;9;2017-08-04;7370000;microempresarial
masculino;comercio;comidas rapidas;cabecera san cristobal;3;9;2018-11-13;7800000;microempresarial
femenino;comercio;distribuidora de;cabecera san cristobal;2;9;2016-04-04;5000000;microempresarial
femenino;comercio;variedades;cabecera san cristobal;3;9;2018-02-20;7800000;microempresarial
masculino;servicio;comidas rapidas;cabecera san cristobal;3;9;2017-05-08;70000000;microempresarial
femenino;comercio;tienda;cabecera san cristobal;3;9;2018-03-20;7000000;microempresarial
femenino;comercio;servicios;cabecera san cristobal;3;9;2017-02-15;7300000;microempresarial
femenino;comercio;comidas rapidas;cabecera san cristobal;2;9;2017-09-22;7377000;microempresarial
masculino;comercio;tienda;cabecera san cristobal;3;9;2018-05-08;7800000;microempresarial
femenino;servicio;restaurante;cabecera san cristobal;3;9;2018-10-11;7000000;microempresarial
femenino;comercio;tienda;cabecera san cristobal;2;9;2017-03-15;5000000;microempresarial
femenino;comercio;comidas rapidas;cabecera san cristobal;3;9;2018-08-17;5000000;microempresarial
femenino;comercio;variedades;castilla;3;9;2019-06-05;7500000;microempresarial
femenino;servicio;peluqueria;castilla;2;60;2017-09-19;3000000;microempresarial
masculino;comercio;licorera;castilla;3;9;2016-11-22;6890000;microempresarial
masculino;comercio;taller de mecanica;castilla;3;9;2018-08-29;7800000;microempresarial
femenino;comercio;panaderia;castilla;3;9;2017-04-19;4000000;microempresarial
masculino;comercio;fabrica de;castilla;3;9;2017-11-22;7000000;microempresarial
femenino;comercio;tienda;castilla;3;9;2017-09-06;2000000;microempresarial
femenino;industria;fabrica de;castilla;3;9;2016-08-19;5000000;microempresarial
masculino;comercio;tienda;castilla;3;9;2016-03-04;6890000;microempresarial
femenino;comercio;papeleria;castilla;3;9;2018-08-28;2000000;microempresarial
femenino;industria;fabrica de;castilla;2;9;2017-03-28;7300000;microempresarial
masculino;comercio;fabrica de;castilla;3;9;2018-02-15;2500000;microempresarial
masculino;comercio;tienda;castilla;3;9;2016-04-12;1000000;microempresarial
femenino;comercio;variedades;castilla;2;9;2017-10-27;6500000;microempresarial
masculino;industria;fabrica de calzado;castilla;3;9;2016-09-29;6894000;microempresarial
masculino;comercio;fabrica de;castilla;2;9;2018-01-30;7800000;microempresarial
masculino;servicio;ferreteria;castilla;3;9;2016-11-01;6800000;microempresarial
femenino;comercio;tienda;castilla;2;9;2018-01-26;2000000;microempresarial
masculino;comercio;restaurante;castilla;3;9;2018-02-27;7000000;microempresarial
femenino;comercio;almacen de ropa en;castilla;3;9;2017-04-25;7377000;microempresarial
femenino;comercio;variedades;castilla;1;9;2017-09-08;7200000;microempresarial
femenino;servicio;comidas rapidas;castilla;2;9;2016-08-16;3000000;microempresarial
femenino;comercio;almacen de ropa en;castilla;3;9;2017-10-18;7300000;microempresarial
masculino;comercio;miscelanea;castilla;2;9;2017-11-03;5000000;microempresarial
femenino;comercio;ferreteria;castilla;3;9;2018-03-02;7500000;microempresarial
masculino;comercio;tienda;castilla;2;9;2017-06-05;7000000;microempresarial
femenino;servicio;peluqueria;castilla;3;16;2016-11-19;2000000;microempresarial
femenino;industria;fabrica de;castilla;3;9;2016-06-08;6890000;microempresarial
femenino;comercio;variedades;castilla;3;9;2018-03-13;7800000;microempresarial
femenino;industria;fabrica de;castilla;2;9;2017-06-06;7377000;microempresarial
femenino;comercio;almacen de ropa en;castilla;3;9;2017-03-10;7377000;microempresarial
femenino;servicio;mantenimiento en;castilla;3;9;2017-01-13;6900000;microempresarial
femenino;industria;fabrica de alimentos;castilla;2;9;2017-11-08;4000000;microempresarial
femenino;comercio;fabrica de alimentos;castilla;3;9;2016-11-10;2000000;microempresarial
femenino;industria;fabrica de;castilla;2;9;2018-02-22;5000000;microempresarial
masculino;servicio;mantenimiento en;castilla;3;9;2017-11-07;4300000;microempresarial
masculino;industria;variedades;castilla;3;9;2018-05-25;7000000;microempresarial
femenino;comercio;variedades;castilla;3;9;2018-01-17;7800000;microempresarial
masculino;servicio;recreativo educativo;castilla;3;9;2019-01-29;8281000;microempresarial
masculino;servicio;mantenimiento en;castilla;3;9;2018-08-29;5000000;microempresarial
masculino;industria;fabrica de;castilla;3;9;2017-09-11;7370000;microempresarial
femenino;comercio;variedades;castilla;3;9;2018-02-05;7000000;microempresarial
femenino;industria;fabrica de;castilla;3;9;2016-07-15;3200000;microempresarial
masculino;servicio;peluqueria;castilla;3;9;2017-02-21;7377000;microempresarial
masculino;industria;fabrica de;castilla;3;9;2016-08-18;6890000;microempresarial
masculino;servicio;mantenimiento en;castilla;2;9;2019-04-08;1500000;microempresarial
femenino;servicio;restaurante;castilla;2;9;2016-04-19;5000000;microempresarial
masculino;comercio;montallantas;castilla;3;9;2017-05-30;7200000;microempresarial
femenino;comercio;tienda de helados;castilla;3;9;2016-03-07;6800000;microempresarial
femenino;servicio;peluqueria;castilla;2;60;2018-12-18;3000000;microempresarial
femenino;comercio;fabrica de;castilla;2;9;2019-02-13;5000000;microempresarial
femenino;industria;fabrica de;castilla;2;9;2018-03-07;2200000;microempresarial
femenino;comercio;variedades;castilla;3;9;2017-07-24;7370000;microempresarial
femenino;servicio;almacen de ropa en;castilla;3;9;2017-05-26;7377000;microempresarial
femenino;comercio;comidas rapidas;castilla;2;9;2018-07-09;7800000;microempresarial
masculino;comercio;comidas rapidas;castilla;3;9;2017-04-28;6000000;microempresarial
masculino;servicio;comidas rapidas;castilla;3;9;2016-10-10;4000000;microempresarial
femenino;comercio;miscelanea;castilla;2;9;2017-09-26;4400000;microempresarial
femenino;comercio;fabrica de calzado;castilla;3;9;2019-02-18;8281000;microempresarial
femenino;industria;fabrica de;castilla;3;9;2018-07-13;6000000;microempresarial
femenino;industria;tienda;castilla;2;9;2018-05-08;3200000;microempresarial
femenino;servicio;variedades;castilla;2;9;2018-09-14;5000000;microempresarial
femenino;industria;fabrica de calzado;castilla;3;9;2019-03-15;3000000;microempresarial
femenino;servicio;peluqueria;castilla;3;9;2017-10-06;5000000;microempresarial
masculino;comercio;variedades;castilla;3;9;2018-12-12;7800000;microempresarial
femenino;agropecuaria;variedades;castilla;3;9;2018-02-16;5000000;microempresarial
masculino;comercio;mantenimiento en;castilla;2;9;2016-09-05;6000000;microempresarial
femenino;comercio;comidas rapidas;castilla;3;9;2017-04-07;3000000;microempresarial
femenino;comercio;tienda;castilla;2;9;2017-10-23;5000000;microempresarial
femenino;comercio;variedades;castilla;3;9;2016-11-09;6890000;microempresarial
femenino;comercio;variedades;castilla;3;9;2018-05-24;3000000;microempresarial
femenino;servicio;lavadero de;castilla;3;9;2018-01-31;7000000;microempresarial
masculino;industria;fabrica de;castilla;3;9;2017-06-12;5000000;microempresarial
masculino;comercio;papeleria;castilla;3;9;2019-04-26;7000000;microempresarial
masculino;industria;fabrica de productos;castilla;2;9;2018-01-16;7000000;microempresarial
femenino;comercio;variedades;castilla;3;9;2017-10-25;5000000;microempresarial
masculino;servicio;comidas rapidas;castilla;3;9;2017-08-17;3500000;microempresarial
femenino;industria;fabrica de;castilla;3;9;2019-01-21;4000000;microempresarial
femenino;industria;fabrica de;castilla;3;9;2017-06-16;5000000;microempresarial
femenino;comercio;productos de mar;castilla;2;9;2018-03-16;7800000;microempresarial
femenino;comercio;variedades;castilla;2;9;2018-05-23;3000000;microempresarial
femenino;comercio;cafeteria;castilla;2;9;2018-05-10;5000000;microempresarial
masculino;servicio;variedades;castilla;3;9;2017-11-02;7300000;microempresarial
femenino;servicio;restaurante;castilla;3;9;2018-10-11;4000000;microempresarial
femenino;comercio;restaurante;castilla;2;9;2018-02-01;7000000;microempresarial
femenino;comercio;comidas rapidas;castilla;3;9;2018-11-08;5000000;microempresarial
masculino;industria;fabrica de;castilla;2;9;2017-02-01;7370000;microempresarial
femenino;industria;fabrica de;castilla;2;9;2017-01-25;6800000;microempresarial
femenino;comercio;comidas rapidas;castilla;2;13;2017-10-24;7370000;microempresarial
masculino;comercio;tienda;castilla;2;13;2018-09-24;5000000;microempresarial
femenino;servicio;publicidad y;castilla;1;13;2018-12-28;6000000;microempresarial
femenino;comercio;tienda;castilla;2;13;2017-09-05;7377000;microempresarial
femenino;servicio;comidas rapidas;castilla;1;13;2017-09-22;7300000;microempresarial
femenino;industria;fabrica de;castilla;2;13;2018-04-17;7800000;microempresarial
masculino;industria;fabrica de calzado;castilla;2;13;2017-12-12;7370000;microempresarial
femenino;comercio;almacen de ropa en;castilla;2;13;2017-06-05;7000000;microempresarial
masculino;servicio;barberia;castilla;2;13;2016-06-27;3300000;microempresarial
femenino;industria;fabrica de;castilla;2;13;2018-05-10;6000000;microempresarial
femenino;comercio;variedades;castilla;2;13;2018-12-06;7800000;microempresarial
femenino;industria;fabrica de;castilla;2;13;2017-02-14;7377000;microempresarial
femenino;comercio;tienda naturista;castilla;2;13;2018-06-05;3000000;microempresarial
femenino;comercio;charcuteria;castilla;2;13;2016-10-06;6890000;microempresarial
femenino;comercio;fabrica de alimentos;castilla;2;13;2016-09-23;5000000;microempresarial
masculino;comercio;legumbreria;castilla;1;13;2018-04-18;1000000;microempresarial
masculino;comercio;tienda;castilla;1;13;2018-11-07;7500000;microempresarial
masculino;comercio;variedades;castilla;2;13;2017-07-25;3000000;microempresarial
masculino;servicio;barberia;castilla;2;13;2017-05-30;7370000;microempresarial
masculino;industria;fabrica de;castilla;2;13;2016-03-10;6890000;microempresarial
femenino;industria;fabrica de;castilla;1;13;2018-02-08;5000000;microempresarial
femenino;comercio;tienda;castilla;1;13;2018-01-22;5000000;microempresarial
femenino;comercio;almacen de ropa en;castilla;2;13;2016-10-13;6000000;microempresarial
femenino;industria;fabrica de;castilla;2;13;2017-05-05;4000000;microempresarial
femenino;comercio;comidas rapidas;castilla;1;13;2018-11-15;5000000;credioportuno
femenino;industria;fabrica de;castilla;1;6;2017-09-20;6000000;microempresarial
masculino;industria;fabrica de;castilla;1;6;2017-02-23;7300000;microempresarial
femenino;industria;fabrica de;castilla;1;6;2018-11-28;7000000;microempresarial
femenino;servicio;cafe e internet;castilla;2;6;2017-08-10;7000000;microempresarial
masculino;comercio;tienda;castilla;1;6;2018-11-30;7800000;microempresarial
femenino;industria;fabrica de;castilla;1;6;2017-06-22;7300000;microempresarial
masculino;servicio;mantenimiento en;castilla;2;80;2018-02-13;7800000;microempresarial
masculino;comercio;cafeteria;castilla;2;80;2018-01-03;4000000;microempresarial
femenino;comercio;comidas rapidas;castilla;3;80;2017-07-26;5000000;microempresarial
femenino;comercio;almacen de ropa en;castilla;2;80;2016-08-12;2500000;microempresarial
femenino;industria;fabrica de productos;castilla;2;80;2016-09-21;6800000;microempresarial
masculino;comercio;comidas rapidas;castilla;2;80;2018-07-16;4500000;microempresarial
femenino;comercio;restaurante;castilla;2;80;2016-08-25;6890000;microempresarial
femenino;comercio;restaurante;castilla;3;80;2018-06-12;7800000;microempresarial
femenino;industria;fabrica de calzado;castilla;2;8;2016-08-05;5000000;microempresarial
femenino;servicio;fabrica de productos;castilla;2;8;2017-07-19;3500000;microempresarial
femenino;comercio;mantenimiento en;castilla;2;8;2018-08-27;3500000;microempresarial
masculino;comercio;distribuidora de;castilla;1;8;2018-08-16;3000000;microempresarial
masculino;comercio;papeleria;castilla;2;8;2017-08-10;7300000;microempresarial
masculino;comercio;variedades;castilla;2;8;2017-06-02;7370000;microempresarial
masculino;comercio;almacen de ropa en;castilla;2;8;2018-08-03;7800000;microempresarial
femenino;industria;fabrica de calzado;castilla;3;8;2018-06-01;7800000;microempresarial
femenino;comercio;comidas rapidas;castilla;2;8;2019-03-15;8281000;microempresarial
masculino;comercio;almacen de ropa en;castilla;2;8;2018-07-18;7800000;microempresarial
masculino;servicio;variedades;castilla;2;8;2017-01-30;6000000;microempresarial
masculino;comercio;fabrica de;castilla;2;8;2018-01-22;7800000;microempresarial
femenino;comercio;fabrica de;castilla;2;8;2018-07-18;7800000;microempresarial
masculino;servicio;variedades;castilla;1;8;2018-01-31;2000000;microempresarial
femenino;comercio;fabrica de helados;castilla;2;8;2018-10-26;2800000;microempresarial
femenino;servicio;restaurante;castilla;1;8;2016-10-07;4130000;microempresarial
masculino;servicio;cafe e internet;castilla;1;8;2018-04-12;7800000;microempresarial
masculino;industria;fabrica de colchones;castilla;2;8;2018-04-19;7000000;microempresarial
masculino;servicio;almacen de ropa en;castilla;1;8;2016-10-04;4000000;microempresarial
femenino;comercio;comidas rapidas;castilla;3;8;2017-01-18;6800000;microempresarial
femenino;comercio;variedades;castilla;1;8;2018-06-13;4000000;microempresarial
masculino;comercio;variedades;castilla;2;8;2018-07-05;800000;microempresarial
femenino;comercio;almacen de ropa en;castilla;2;8;2016-09-02;6000000;microempresarial
masculino;servicio;variedades;castilla;2;8;2018-08-27;5000000;microempresarial
masculino;comercio;variedades;castilla;1;8;2018-03-23;7000000;microempresarial
masculino;servicio;mantenimiento en;castilla;1;8;2016-12-28;6800000;microempresarial
femenino;industria;fabrica de;castilla;2;8;2018-03-01;6000000;microempresarial
masculino;industria;marroquineria;castilla;1;8;2016-11-08;6890000;microempresarial
masculino;comercio;papeleria;castilla;1;8;2018-09-24;1500000;microempresarial
femenino;servicio;peluqueria;castilla;3;8;2018-02-05;7500000;microempresarial
femenino;industria;fabrica de;castilla;1;8;2016-09-07;6800000;microempresarial
masculino;comercio;fabrica de alimentos;castilla;2;8;2018-02-06;7800000;microempresarial
femenino;comercio;comidas rapidas;castilla;1;8;2017-02-22;5000000;microempresarial
femenino;comercio;tienda;castilla;1;8;2017-11-29;7300000;microempresarial
femenino;comercio;variedades;castilla;1;8;2017-11-28;7300000;microempresarial
masculino;comercio;variedades;castilla;2;8;2018-12-14;1000000;microempresarial
femenino;comercio;tienda de helados;castilla;3;8;2017-06-14;7300000;microempresarial
femenino;industria;fabrica de;castilla;2;8;2017-03-01;4600000;microempresarial
femenino;comercio;comidas rapidas;castilla;1;8;2018-06-27;7000000;microempresarial
femenino;servicio;restaurante;castilla;1;8;2016-10-04;4000000;microempresarial
femenino;servicio;peluqueria;castilla;2;8;2018-09-05;5000000;microempresarial
femenino;industria;fabrica de;castilla;2;8;2019-04-23;1650000;microempresarial
femenino;industria;fabrica de;castilla;1;8;2017-05-03;5000000;microempresarial
femenino;industria;fabrica de;castilla;2;8;2017-04-24;3500000;microempresarial
masculino;industria;fabrica de;castilla;3;8;2016-05-31;3000000;microempresarial
femenino;comercio;variedades;castilla;2;8;2016-12-30;4000000;microempresarial
femenino;industria;fabrica de;castilla;3;8;2018-11-22;7000000;microempresarial
masculino;industria;fabrica de;castilla;1;8;2017-07-11;7300000;microempresarial
femenino;comercio;variedades;castilla;2;8;2017-05-15;1200000;microempresarial
femenino;industria;fabrica de;castilla;2;8;2018-12-19;780;microempresarial
masculino;servicio;peluqueria;castilla;2;8;2018-10-03;5000000;microempresarial
femenino;comercio;restaurante;castilla;1;8;2018-05-07;1500000;microempresarial
masculino;servicio;cafe e internet;castilla;2;8;2016-07-01;4500000;microempresarial
femenino;servicio;papeleria;castilla;1;8;2017-10-23;7000000;microempresarial
femenino;comercio;almacen de ropa en;castilla;2;8;2018-05-04;2600000;microempresarial
femenino;industria;fabrica de;castilla;3;8;2018-11-06;17187324;empresarial ed.
femenino;industria;fabrica de;castilla;1;8;2018-08-13;6000000;microempresarial
masculino;comercio;variedades;castilla;3;8;2017-12-29;7000000;microempresarial
femenino;comercio;variedades;castilla;3;8;2016-12-23;6000000;microempresarial
masculino;comercio;variedades;castilla;2;8;2017-03-09;7377000;microempresarial
femenino;industria;fabrica de;castilla;2;8;2018-04-25;3000000;microempresarial
femenino;comercio;tienda;castilla;2;8;2016-09-08;4000000;microempresarial
femenino;industria;tienda naturista;castilla;2;8;2017-01-10;4000000;microempresarial
masculino;comercio;restaurante;castilla;2;8;2018-05-25;2000000;microempresarial
femenino;industria;fabrica de;castilla;2;8;2018-07-04;7000000;microempresarial
femenino;comercio;tienda;castilla;2;8;2018-05-30;5000000;microempresarial
femenino;comercio;almacen de ropa en;castilla;2;8;2018-07-24;1000000;microempresarial
masculino;servicio;mantenimiento en;castilla;1;8;2018-12-13;5000000;microempresarial
femenino;industria;fabrica de;castilla;2;8;2019-04-03;8000000;microempresarial
femenino;servicio;peluqueria;castilla;2;8;2018-11-20;3500000;microempresarial
masculino;comercio;distribuidora de;castilla;2;8;2018-02-01;7377000;microempresarial
femenino;comercio;almacen de ropa en;castilla;3;8;2017-08-09;7000000;microempresarial
femenino;industria;fabrica de;castilla;1;8;2018-12-05;3000000;microempresarial
masculino;industria;fabrica de;castilla;2;8;2018-02-16;7000000;microempresarial
femenino;comercio;comidas rapidas;castilla;2;8;2018-11-06;1800000;microempresarial
femenino;comercio;tienda;castilla;2;8;2018-04-09;3500000;microempresarial
femenino;comercio;legumbreria;castilla;3;8;2016-11-10;6890000;microempresarial
femenino;comercio;variedades;castilla;2;8;2018-02-13;4000000;microempresarial
femenino;servicio;restaurante;castilla;1;8;2016-10-05;4000000;microempresarial
femenino;comercio;papeleria;castilla;2;8;2016-11-04;4000000;microempresarial
femenino;comercio;tienda de helados;castilla;2;8;2019-02-25;8281160;microempresarial
femenino;comercio;variedades;castilla;1;8;2017-11-27;4200000;microempresarial
femenino;comercio;variedades;castilla;2;8;2018-08-15;7800000;microempresarial
femenino;comercio;variedades;castilla;2;8;2018-04-17;5000000;microempresarial
masculino;comercio;distribuidora de;castilla;1;8;2016-07-06;4000000;microempresarial
femenino;industria;fabrica de calzado;castilla;1;8;2019-02-28;1500000;microempresarial
femenino;industria;fabrica de;castilla;2;8;2018-03-12;6000000;microempresarial
femenino;comercio;variedades;castilla;2;8;2018-01-24;5500000;microempresarial
femenino;comercio;tienda de helados;castilla;2;8;2017-05-31;7300000;microempresarial
femenino;servicio;peluqueria;castilla;3;8;2018-07-18;7000000;microempresarial
femenino;servicio;fumigacion;castilla;1;8;2016-11-28;6890000;microempresarial
masculino;comercio;barberia;castilla;2;8;2017-04-21;6000000;microempresarial
femenino;industria;fabrica de;castilla;2;8;2016-03-29;5000000;microempresarial
femenino;comercio;variedades;castilla;2;8;2017-07-14;1000000;microempresarial
masculino;servicio;peluqueria;castilla;2;8;2017-11-17;7370000;microempresarial
femenino;industria;fabrica de;castilla;1;8;2017-09-28;7377000;microempresarial
femenino;comercio;almacen de ropa en;castilla;2;8;2019-01-21;7800000;microempresarial
femenino;comercio;comidas rapidas;castilla;3;8;2017-03-27;5000000;microempresarial
femenino;servicio;peluqueria;castilla;2;6;2016-05-06;6890000;microempresarial
masculino;comercio;tienda;castilla;2;8;2019-03-15;1500000;microempresarial
femenino;servicio;restaurante;castilla;1;8;2017-10-26;7300000;microempresarial
femenino;servicio;tienda;castilla;2;8;2017-03-08;2000000;microempresarial
masculino;servicio;mantenimiento en;castilla;1;8;2016-09-07;6890000;microempresarial
femenino;industria;fabrica de;castilla;2;8;2018-04-16;2500000;microempresarial
femenino;servicio;comidas rapidas;castilla;3;8;2016-07-07;6890000;microempresarial
femenino;servicio;comidas rapidas;castilla;2;8;2018-03-12;5000000;microempresarial
femenino;comercio;fabrica de alimentos;castilla;3;8;2018-05-15;788000;microempresarial
femenino;comercio;variedades;castilla;2;8;2018-01-24;1000000;microempresarial
femenino;comercio;almacen de ropa en;castilla;2;8;2018-08-03;7800000;microempresarial
femenino;comercio;comidas rapidas;castilla;1;8;2016-10-26;8000000;microempresarial
masculino;comercio;almacen de ropa en;castilla;2;8;2016-09-29;6890000;microempresarial
masculino;servicio;comidas rapidas;castilla;1;8;2017-12-18;3800000;microempresarial
femenino;industria;fabrica de;castilla;3;8;2018-05-15;7000000;microempresarial
femenino;industria;fabrica de;castilla;2;8;2016-04-20;5000000;microempresarial
masculino;comercio;comidas rapidas;castilla;1;8;2017-02-13;3000000;microempresarial
masculino;comercio;variedades;castilla;1;8;2017-04-19;7000000;microempresarial
masculino;comercio;tienda;castilla;2;8;2017-10-17;7000000;microempresarial
femenino;industria;fabrica de;castilla;2;4;2018-10-03;5000000;microempresarial
femenino;comercio;variedades;castilla;2;8;2018-10-31;7800000;microempresarial
femenino;servicio;peluqueria;castilla;2;8;2019-03-05;8000000;microempresarial
masculino;comercio;variedades;castilla;1;8;2018-04-04;7000000;microempresarial
femenino;comercio;tienda;castilla;1;8;2017-11-17;5000000;microempresarial
femenino;servicio;peluqueria;castilla;2;8;2019-04-29;8000000;microempresarial
masculino;industria;fabrica de productos;castilla;3;8;2018-04-20;7800000;microempresarial
femenino;industria;fabrica de;castilla;2;8;2017-03-30;7370000;microempresarial
femenino;servicio;peluqueria;castilla;1;8;2017-09-12;4400000;microempresarial
masculino;comercio;carniceria;castilla;1;8;2018-08-23;7800000;microempresarial
femenino;comercio;restaurante;castilla;2;8;2017-10-09;5000000;microempresarial
femenino;industria;fabrica de;castilla;2;8;2016-08-19;6890000;microempresarial
femenino;comercio;tienda;castilla;2;8;2018-05-25;7000000;microempresarial
femenino;industria;fabrica de;castilla;1;8;2017-06-30;6000000;microempresarial
femenino;servicio;comidas rapidas;castilla;2;8;2016-03-02;1500000;microempresarial
femenino;comercio;tienda;castilla;2;8;2016-09-12;6890000;microempresarial
femenino;servicio;tienda;castilla;2;8;2018-06-01;4000000;microempresarial
femenino;industria;fabrica de;castilla;2;8;2016-03-18;6890000;microempresarial
masculino;comercio;tienda;castilla;1;8;2018-10-29;7500000;microempresarial
femenino;industria;fabrica de;castilla;1;8;2016-05-18;5000000;microempresarial
femenino;industria;fabrica de;castilla;3;8;2019-03-15;8281160;microempresarial
femenino;comercio;almacen de ropa en;castilla;2;8;2017-12-05;7370000;microempresarial
femenino;comercio;papeleria;castilla;2;8;2019-04-10;6000000;microempresarial
femenino;comercio;legumbreria;castilla;1;8;2018-12-10;2000000;microempresarial
femenino;comercio;cafe e internet;castilla;3;8;2016-07-12;5000000;microempresarial
masculino;industria;fabrica de;castilla;3;8;2016-10-28;6894000;microempresarial
femenino;comercio;comidas rapidas;castilla;2;8;2017-11-28;7377000;microempresarial
femenino;comercio;charcuteria;castilla;2;8;2018-07-10;5500000;microempresarial
femenino;servicio;peluqueria;castilla;2;8;2018-11-23;7000000;microempresarial
femenino;servicio;venta de lacteos;castilla;3;8;2016-11-24;5000000;microempresarial
femenino;servicio;barberia;castilla;2;8;2016-12-28;4000000;microempresarial
masculino;servicio;comidas rapidas;castilla;3;8;2018-03-09;1500000;microempresarial
femenino;comercio;tienda;castilla;1;8;2017-02-15;7000000;microempresarial
femenino;agropecuaria;criadero de animales;castilla;1;8;2018-06-14;7000000;microempresarial
femenino;comercio;peluqueria;castilla;2;8;2019-01-28;8280000;microempresarial
femenino;servicio;peluqueria;castilla;1;8;2016-09-07;3500000;microempresarial
femenino;comercio;tienda naturista;castilla;1;8;2018-04-05;1200000;microempresarial
femenino;industria;fabrica de;castilla;2;8;2017-07-19;7370000;microempresarial
femenino;comercio;variedades;castilla;2;8;2017-03-01;7377000;microempresarial
masculino;servicio;mantenimiento en;castilla;1;8;2018-01-22;3000000;microempresarial
masculino;servicio;variedades;castilla;2;8;2017-03-13;6000000;microempresarial
femenino;industria;fabrica de;castilla;2;8;2016-11-17;6000000;microempresarial
masculino;comercio;fabrica de alimentos;castilla;2;8;2018-09-24;5000000;microempresarial
femenino;comercio;papeleria;castilla;1;8;2017-11-16;4300000;microempresarial
femenino;servicio;tienda;castilla;2;8;2017-09-04;7377000;microempresarial
femenino;comercio;variedades;castilla;2;8;2018-03-23;4000000;microempresarial
femenino;comercio;almacen de ropa en;castilla;2;8;2018-10-03;6000000;microempresarial
masculino;servicio;deposito de;castilla;1;8;2017-07-28;7300000;microempresarial
femenino;comercio;variedades;castilla;3;8;2018-07-05;7000000;microempresarial
masculino;servicio;barberia;castilla;2;8;2017-10-13;6000000;microempresarial
masculino;servicio;barberia;castilla;2;8;2017-08-09;5000000;microempresarial
masculino;comercio;variedades;castilla;1;8;2016-12-14;4000000;microempresarial
femenino;servicio;fabrica de;castilla;2;8;2016-11-16;6000000;microempresarial
femenino;comercio;variedades;castilla;2;8;2018-07-05;3500000;microempresarial
femenino;industria;fabrica de;castilla;1;8;2017-06-07;7300000;microempresarial
femenino;industria;fabrica de;castilla;2;8;2018-10-25;3000000;microempresarial
masculino;comercio;fabrica de;castilla;1;8;2018-01-10;7300000;microempresarial
femenino;comercio;distribuidora de;castilla;2;8;2019-01-09;6000000;microempresarial
masculino;comercio;tienda;castilla;2;8;2016-11-02;6800000;microempresarial
femenino;comercio;cafe e internet;castilla;3;8;2016-09-23;6890000;microempresarial
femenino;comercio;productos de belleza;castilla;1;8;2018-10-25;6000000;microempresarial
femenino;comercio;variedades;castilla;2;8;2018-05-17;2000000;juridica y cap.semilla
femenino;comercio;variedades;castilla;2;8;2017-04-04;6000000;microempresarial
masculino;comercio;tienda;castilla;2;8;2017-10-06;4000000;microempresarial
femenino;comercio;variedades;castilla;1;8;2017-09-20;4000000;microempresarial
masculino;comercio;ferreteria;castilla;2;8;2017-10-11;7377000;microempresarial
masculino;industria;taller de mecanica;castilla;3;8;2018-02-01;7000000;microempresarial
femenino;comercio;variedades;castilla;1;8;2016-12-06;4000000;microempresarial
femenino;servicio;cafe e internet;castilla;2;8;2016-08-17;6800000;microempresarial
masculino;servicio;cafe e internet;castilla;2;8;2018-07-19;7800000;microempresarial
femenino;industria;fabrica de;castilla;2;8;2018-10-11;5500000;microempresarial
femenino;comercio;variedades;castilla;2;8;2016-11-15;4000000;microempresarial
femenino;comercio;comidas rapidas;castilla;2;8;2018-04-19;1000000;microempresarial
femenino;industria;fabrica de;castilla;2;8;2018-08-03;6000000;microempresarial
masculino;comercio;cerrajeria;castilla;2;8;2018-07-26;7800000;microempresarial
femenino;comercio;bares;castilla;3;8;2016-10-24;6800000;microempresarial
femenino;comercio;tienda;castilla;2;8;2017-05-03;7377000;microempresarial
masculino;comercio;almacen de ropa en;castilla;3;8;2017-08-03;7377000;microempresarial
masculino;comercio;variedades;castilla;1;8;2018-09-10;780;microempresarial
masculino;industria;fabrica de;castilla;1;8;2018-09-04;4000000;microempresarial
masculino;comercio;variedades;castilla;2;8;2018-08-08;6000000;microempresarial
femenino;industria;venta de lacteos;castilla;2;8;2019-03-18;7000000;microempresarial
femenino;comercio;variedades;castilla;3;8;2018-07-12;1200000;microempresarial
masculino;comercio;mantenimiento en;castilla;2;8;2019-02-28;8200000;microempresarial
femenino;servicio;peluqueria;enciso;2;8;2018-11-06;7000000;microempresarial
femenino;industria;fabrica de;enciso;3;8;2018-07-05;4000000;microempresarial
masculino;comercio;variedades;enciso;1;8;2018-06-14;3000000;microempresarial
femenino;industria;fabrica de;enciso;2;8;2018-06-21;7800000;microempresarial
femenino;comercio;variedades;enciso;2;8;2018-04-11;6000000;microempresarial
femenino;industria;fabrica de;enciso;1;8;2016-08-09;6890000;microempresarial
femenino;comercio;tienda;enciso;2;8;2017-12-04;4400000;microempresarial
femenino;comercio;tienda;enciso;1;8;2017-06-20;7377000;microempresarial
femenino;servicio;cafe e internet;enciso;1;8;2018-08-09;7800000;microempresarial
femenino;industria;fabrica de;enciso;2;8;2017-01-13;5000000;microempresarial
masculino;servicio;mantenimiento en;enciso;3;8;2018-09-27;7800000;microempresarial
femenino;industria;fabrica de colchones;enciso;1;8;2019-05-09;6000000;microempresarial
masculino;servicio;variedades;enciso;1;8;2017-08-23;1000000;microempresarial
masculino;comercio;comidas rapidas;enciso;2;8;2018-10-03;4800000;microempresarial
femenino;industria;fabrica de;enciso;2;8;2017-04-18;4000000;microempresarial
femenino;servicio;tienda;enciso;2;8;2017-04-25;5000000;microempresarial
femenino;industria;fabrica de;enciso;1;8;2019-05-10;8281160;microempresarial
masculino;comercio;legumbreria;enciso;2;8;2017-07-12;2500000;microempresarial
femenino;servicio;restaurante;enciso;2;8;2018-06-01;7000000;microempresarial
femenino;comercio;miscelanea;enciso;2;8;2018-07-10;2000;microempresarial
femenino;comercio;tienda;enciso;1;8;2016-09-07;6890000;microempresarial
masculino;comercio;tienda;enciso;1;8;2018-11-28;6000000;microempresarial
femenino;comercio;peluqueria;enciso;1;8;2017-05-05;7000000;microempresarial
masculino;comercio;variedades;enciso;2;8;2019-04-25;8000000;microempresarial
femenino;servicio;mantenimiento en;enciso;1;8;2016-02-23;6500000;microempresarial
femenino;industria;fabrica de;enciso;2;8;2018-01-24;4000000;microempresarial
masculino;comercio;variedades;enciso;2;8;2016-09-27;6800000;microempresarial
femenino;comercio;fabrica de productos;enciso;1;8;2019-04-23;6000000;microempresarial
femenino;servicio;comidas rapidas;enciso;2;8;2016-06-22;6890000;microempresarial
femenino;servicio;peluqueria;enciso;2;8;2019-04-25;7000000;microempresarial
femenino;servicio;lavadero de;enciso;2;8;2016-11-28;6890000;microempresarial
masculino;comercio;tienda;enciso;2;8;2017-09-08;5000000;microempresarial
masculino;comercio;restaurante;enciso;1;8;2016-10-19;4000000;microempresarial
masculino;comercio;variedades;enciso;2;8;2018-01-25;780000;microempresarial
femenino;industria;fabrica de calzado;enciso;3;8;2017-09-19;6000000;microempresarial
femenino;comercio;variedades;enciso;3;8;2019-06-19;8281000;microempresarial
masculino;comercio;tienda;enciso;2;8;2017-10-05;7377000;microempresarial
femenino;servicio;taller de mecanica;enciso;1;8;2018-06-22;6000000;microempresarial
femenino;comercio;variedades;enciso;2;8;2018-02-05;7800000;microempresarial
masculino;comercio;fabrica de;enciso;2;8;2019-03-20;8200000;microempresarial
femenino;comercio;variedades;enciso;1;8;2018-11-26;781000;microempresarial
masculino;comercio;variedades;enciso;3;8;2018-03-20;1000000;microempresarial
masculino;servicio;gimnasio;enciso;2;8;2018-10-11;7800000;microempresarial
masculino;comercio;publicidad y;enciso;2;8;2019-04-03;4500000;microempresarial
femenino;comercio;almacen de ropa en;enciso;1;8;2016-10-04;4000000;microempresarial
femenino;servicio;tienda;enciso;2;8;2018-01-24;4000000;microempresarial
femenino;comercio;distribuidora de;enciso;3;8;2016-08-10;6000000;microempresarial
masculino;servicio;cafe e internet;enciso;2;8;2017-05-26;7000000;microempresarial
femenino;servicio;publicidad y;enciso;2;8;2017-02-09;6000000;microempresarial
masculino;comercio;tienda;enciso;2;8;2019-04-25;7000000;microempresarial
femenino;comercio;variedades;enciso;1;8;2018-04-09;7000000;microempresarial
femenino;comercio;restaurante;enciso;3;8;2017-03-09;7000000;microempresarial
femenino;comercio;tienda;enciso;3;8;2018-04-04;7800000;microempresarial
masculino;comercio;comidas rapidas;enciso;2;8;2018-10-22;7800000;microempresarial
femenino;industria;panaderia;enciso;1;8;2018-02-14;1500000;microempresarial
femenino;comercio;tienda;enciso;2;8;2017-04-18;7000000;microempresarial
femenino;comercio;tienda;enciso;2;8;2018-05-17;7800000;microempresarial
masculino;servicio;mantenimiento en;enciso;2;8;2019-05-16;8000000;microempresarial
femenino;comercio;cafe e internet;enciso;2;8;2018-07-05;7800000;microempresarial
femenino;industria;fabrica de;enciso;3;8;2016-10-25;6000000;microempresarial
masculino;comercio;tienda;enciso;2;8;2019-04-09;8200000;microempresarial
masculino;comercio;restaurante;enciso;2;8;2017-01-30;7000000;microempresarial
femenino;industria;fabrica de calzado;enciso;2;8;2016-04-12;6890000;microempresarial
femenino;comercio;panaderia;enciso;2;8;2018-05-07;7500000;microempresarial
femenino;comercio;variedades;enciso;1;8;2018-02-20;6000000;microempresarial
femenino;servicio;peluqueria;enciso;2;8;2018-11-15;6000000;microempresarial
femenino;industria;fabrica de;enciso;2;8;2017-11-10;7370000;microempresarial
femenino;comercio;panaderia;enciso;3;8;2016-10-27;6890000;microempresarial
masculino;comercio;variedades;enciso;1;8;2019-03-06;2600000;microempresarial
masculino;servicio;barberia;enciso;2;8;2016-08-23;6890000;microempresarial
femenino;industria;fabrica de;enciso;1;8;2018-04-10;5000000;microempresarial
femenino;comercio;variedades;enciso;2;8;2019-01-22;4000000;microempresarial
femenino;comercio;comidas rapidas;enciso;2;8;2018-03-07;3000000;microempresarial
femenino;industria;fabrica de;enciso;3;8;2016-06-29;2000000;microempresarial
femenino;industria;fabrica de;enciso;1;8;2016-12-05;2000000;microempresarial
femenino;comercio;tienda;enciso;1;8;2016-04-26;6500000;microempresarial
femenino;comercio;variedades;enciso;2;8;2018-08-09;7800000;microempresarial
masculino;comercio;cafe e internet;enciso;2;8;2017-05-23;7000000;microempresarial
femenino;comercio;organización y;enciso;2;8;2018-05-09;4000000;microempresarial
masculino;industria;recreativo educativo;enciso;2;8;2016-03-31;6800000;microempresarial
femenino;servicio;productos de belleza;enciso;2;8;2018-08-24;7000000;microempresarial
femenino;servicio;comidas rapidas;enciso;2;8;2017-09-13;5000000;microempresarial
femenino;comercio;comidas rapidas;enciso;1;8;2018-04-11;7800000;microempresarial
femenino;comercio;comidas rapidas;enciso;2;8;2017-11-08;7370000;microempresarial
masculino;comercio;tienda;enciso;2;8;2016-02-16;6000000;microempresarial
masculino;industria;fabrica de;enciso;3;8;2017-06-06;5000000;microempresarial
femenino;comercio;variedades;enciso;3;8;2017-11-22;5300000;microempresarial
femenino;industria;fabrica de;enciso;2;8;2019-05-22;7500000;microempresarial
masculino;comercio;comidas rapidas;enciso;2;8;2019-06-12;8000000;microempresarial
femenino;comercio;tienda;enciso;2;8;2018-08-01;4000000;microempresarial
femenino;comercio;fabrica de;enciso;2;8;2018-03-06;7000000;microempresarial
femenino;comercio;variedades;enciso;1;8;2018-07-05;2000000;microempresarial
masculino;comercio;miscelanea;enciso;2;8;2019-02-07;3000000;microempresarial
femenino;servicio;restaurante;enciso;1;8;2017-12-29;7377000;microempresarial
femenino;servicio;tienda;enciso;2;8;2016-08-26;5000000;microempresarial
femenino;servicio;cafe e internet;enciso;1;8;2017-04-18;7000000;microempresarial
femenino;industria;fabrica de calzado;enciso;3;8;2018-02-08;7500000;microempresarial
masculino;comercio;comidas rapidas;enciso;2;8;2017-03-02;7337000;microempresarial
femenino;servicio;peluqueria;enciso;2;8;2016-08-01;6850000;microempresarial
femenino;comercio;bares;enciso;2;8;2018-07-05;7000000;microempresarial
masculino;industria;panaderia;enciso;2;8;2018-04-09;7800000;microempresarial
femenino;comercio;variedades;enciso;2;8;2018-01-16;7000000;microempresarial
femenino;comercio;variedades;enciso;2;8;2017-10-26;1000000;microempresarial
femenino;industria;fabrica de calzado;enciso;1;8;2017-11-07;73000000;microempresarial
femenino;comercio;variedades;enciso;1;60;2017-08-01;5000000;microempresarial
masculino;servicio;cafe e internet;enciso;2;8;2018-04-09;7800000;microempresarial
masculino;comercio;fabrica de calzado;enciso;3;8;2017-02-10;7377000;microempresarial
femenino;industria;fabrica de;enciso;3;16;2018-07-04;7800000;microempresarial
femenino;comercio;legumbreria;enciso;2;5;2018-04-27;4400000;microempresarial
femenino;comercio;almacen de ropa en;enciso;3;5;2017-04-07;6000000;microempresarial
masculino;industria;fabrica de;enciso;3;5;2018-02-01;6000000;microempresarial
masculino;comercio;tienda de helados;enciso;3;5;2016-03-15;6890000;microempresarial
masculino;comercio;variedades;enciso;3;5;2018-02-05;7800000;microempresarial
masculino;comercio;variedades;enciso;3;5;2017-07-24;7370000;microempresarial
femenino;comercio;comidas rapidas;enciso;3;5;2017-05-09;7000000;microempresarial
femenino;comercio;variedades;enciso;3;5;2018-06-05;1500000;microempresarial
femenino;industria;fabrica de;enciso;3;5;2018-07-13;4000000;microempresarial
femenino;comercio;almacen de ropa en;enciso;3;5;2016-06-10;6890000;microempresarial
femenino;servicio;productos de belleza;enciso;3;5;2019-01-29;8200000;microempresarial
femenino;comercio;almacen de ropa en;enciso;3;5;2018-07-03;7800000;microempresarial
femenino;servicio;peluqueria;enciso;3;5;2017-11-09;6000000;microempresarial
femenino;comercio;restaurante;enciso;3;5;2018-10-11;7800000;microempresarial
femenino;comercio;comidas rapidas;enciso;3;5;2018-04-11;7800000;microempresarial
femenino;servicio;productos de belleza;enciso;3;5;2016-05-19;1500000;microempresarial
masculino;industria;fabrica de;enciso;3;5;2017-01-31;7300000;microempresarial
masculino;industria;fabrica de;enciso;3;5;2017-04-20;7300000;microempresarial
femenino;servicio;mantenimiento en;enciso;3;5;2018-10-24;4800000;microempresarial
masculino;servicio;fabrica de helados;enciso;3;5;2018-02-27;7800000;microempresarial
masculino;servicio;mantenimiento en;enciso;3;5;2019-01-29;7000000;microempresarial
masculino;servicio;barberia;enciso;2;6;2019-01-23;8200000;microempresarial
masculino;industria;fabrica de;enciso;3;5;2017-04-07;7300000;microempresarial
femenino;comercio;distribuidora de;enciso;3;5;2018-10-03;6000000;microempresarial
masculino;comercio;almacen de ropa en;enciso;3;5;2018-04-26;5000000;microempresarial
femenino;industria;fabrica de;enciso;3;5;2017-07-31;4000000;microempresarial
masculino;comercio;fabrica de;enciso;3;5;2016-04-28;3000000;microempresarial
masculino;comercio;variedades;enciso;3;5;2016-12-20;4000000;microempresarial
masculino;industria;fabrica de;enciso;3;5;2017-05-11;4000000;microempresarial
masculino;comercio;distribuidora de;enciso;3;5;2016-12-05;6890000;microempresarial
masculino;servicio;barberia;enciso;3;5;2016-07-13;5000000;microempresarial
femenino;comercio;tienda;enciso;3;5;2017-03-30;6000000;microempresarial
femenino;industria;fabrica de;enciso;3;5;2017-12-04;3000000;microempresarial
femenino;servicio;cafe e internet;enciso;2;5;2018-11-19;7800000;microempresarial
masculino;comercio;miscelanea;enciso;3;5;2018-12-06;6000000;microempresarial
femenino;servicio;variedades;enciso;3;5;2018-07-05;4000000;microempresarial
femenino;comercio;fabrica de;enciso;3;5;2017-06-13;7300000;microempresarial
femenino;industria;fabrica de;enciso;3;5;2017-02-10;7000000;microempresarial
masculino;comercio;miscelanea;enciso;3;5;2016-08-30;4000000;microempresarial
masculino;comercio;comidas rapidas;enciso;3;5;2018-05-10;3000000;microempresarial
masculino;comercio;variedades;enciso;3;5;2018-10-11;1000000;microempresarial
masculino;agropecuaria;criadero de animales;enciso;2;5;2018-04-19;3000000;microempresarial
masculino;servicio;reciclaje;enciso;3;5;2017-05-11;15000000;juridica y cap.semilla
femenino;industria;variedades;enciso;3;5;2019-03-19;8200000;microempresarial
femenino;comercio;fabrica de;enciso;3;5;2019-01-23;8000000;microempresarial
femenino;comercio;comidas rapidas;enciso;3;5;2018-08-10;2500000;microempresarial
femenino;comercio;almacen de ropa en;enciso;3;5;2016-12-16;6800000;microempresarial
femenino;comercio;fabrica de;enciso;3;5;2017-06-07;7377000;microempresarial
femenino;servicio;peluqueria;enciso;3;5;2017-08-02;5000000;microempresarial
masculino;comercio;comidas rapidas;enciso;3;5;2018-10-03;7800000;microempresarial
femenino;servicio;recreativo educativo;enciso;3;5;2017-06-02;7000000;microempresarial
femenino;comercio;variedades;enciso;3;5;2017-07-31;7000000;microempresarial
masculino;comercio;almacen de ropa en;enciso;3;5;2016-11-08;6000000;microempresarial
masculino;servicio;cafeteria;enciso;3;5;2016-12-02;6890000;microempresarial
femenino;comercio;variedades;enciso;3;5;2017-03-22;7000000;microempresarial
femenino;industria;fabrica de;enciso;3;5;2018-07-13;3500000;microempresarial
femenino;comercio;comidas rapidas;enciso;2;5;2016-03-01;6400000;microempresarial
masculino;industria;fabrica de;enciso;3;5;2016-11-17;6890000;microempresarial
masculino;servicio;organización y;enciso;3;5;2018-08-21;6000000;microempresarial
masculino;comercio;variedades;enciso;3;5;2017-02-14;7300000;microempresarial
femenino;comercio;distribuidora de;enciso;3;5;2016-08-12;6890000;microempresarial
femenino;comercio;granero;enciso;3;5;2018-07-24;7800000;microempresarial
masculino;industria;bares;enciso;3;5;2018-02-28;19000000;empresarial ed.
femenino;servicio;comidas rapidas;enciso;3;5;2018-10-18;1500000;microempresarial
femenino;industria;fabrica de;enciso;3;5;2017-05-10;5000000;microempresarial
femenino;industria;fabrica de;enciso;3;5;2017-07-13;7377000;microempresarial
femenino;servicio;peluqueria;enciso;3;5;2017-10-19;5000000;microempresarial
masculino;industria;fabrica de;enciso;3;5;2017-09-13;4000000;microempresarial
femenino;industria;fabrica de;enciso;3;5;2016-06-28;5000000;microempresarial
masculino;comercio;legumbreria;enciso;3;5;2016-07-12;6000000;microempresarial
femenino;comercio;comidas rapidas;enciso;3;5;2018-12-13;7800000;microempresarial
masculino;comercio;variedades;enciso;3;5;2018-05-02;7800000;microempresarial
femenino;servicio;tienda;enciso;3;11;2017-04-25;700000;microempresarial
femenino;comercio;legumbreria;enciso;3;5;2019-04-29;8000000;microempresarial
femenino;comercio;variedades;enciso;2;5;2018-11-20;3000000;microempresarial
masculino;comercio;variedades;enciso;3;5;2018-05-17;7000000;microempresarial
femenino;comercio;restaurante;enciso;2;5;2017-09-12;6000000;microempresarial
masculino;comercio;restaurante;enciso;2;5;2017-08-22;28000000;empresarial ed.
femenino;servicio;restaurante;enciso;3;5;2016-05-31;4000000;microempresarial
femenino;comercio;comidas rapidas;enciso;3;5;2017-10-31;6000000;microempresarial
femenino;comercio;miscelanea;enciso;3;5;2017-03-29;3000000;microempresarial
femenino;comercio;variedades;enciso;3;5;2018-04-10;7000000;microempresarial
masculino;servicio;comidas rapidas;enciso;3;5;2016-12-14;6890000;microempresarial
femenino;servicio;mensajeria;enciso;3;5;2018-10-11;6000000;microempresarial
femenino;servicio;variedades;enciso;2;5;2016-09-21;68400000;microempresarial
masculino;comercio;comidas rapidas;enciso;3;5;2019-02-22;8000000;microempresarial
femenino;industria;fabrica de;enciso;2;2;2017-09-04;6000000;microempresarial
masculino;industria;fabrica de;enciso;3;5;2016-07-14;6890000;microempresarial
femenino;comercio;marroquineria;enciso;3;5;2017-03-17;6000000;microempresarial
femenino;comercio;almacen de ropa en;enciso;3;5;2018-08-21;2800000;microempresarial
masculino;comercio;panaderia;enciso;3;60;2017-07-26;7370000;microempresarial
femenino;comercio;variedades;enciso;2;5;2018-02-09;781000;microempresarial
masculino;comercio;floristeria;enciso;3;5;2018-08-10;5000000;microempresarial
femenino;comercio;cafeteria;enciso;3;5;2018-01-24;7800000;microempresarial
femenino;industria;fabrica de;enciso;3;5;2017-03-08;300000;microempresarial
masculino;industria;fabrica de repuestos;enciso;3;5;2017-09-12;6000000;microempresarial
femenino;servicio;mantenimiento en;enciso;3;5;2019-03-29;5000000;microempresarial
masculino;servicio;restaurante;enciso;3;5;2017-10-12;7370000;microempresarial
femenino;comercio;tienda;enciso;3;5;2019-03-13;2000000;microempresarial
masculino;servicio;fabrica de helados;enciso;3;5;2016-11-01;6890000;microempresarial
masculino;comercio;peluqueria;enciso;3;5;2018-08-22;7800000;microempresarial
femenino;comercio;almacen de ropa en;enciso;3;5;2016-08-26;6890000;microempresarial
masculino;comercio;panaderia;enciso;3;5;2016-08-09;6890000;microempresarial
femenino;comercio;cafe e internet;enciso;3;5;2016-09-23;5000000;microempresarial
masculino;comercio;distribuidora de;enciso;3;5;2016-06-20;6890000;microempresarial
masculino;comercio;panaderia;enciso;3;5;2018-09-03;5000000;microempresarial
femenino;comercio;almacen de ropa en;enciso;3;5;2017-07-13;5000000;microempresarial
femenino;comercio;taller de mecanica;enciso;1;7;2018-05-10;7800000;microempresarial
femenino;servicio;recreativo educativo;enciso;2;7;2016-11-19;20000000;juridica y cap.semilla
femenino;industria;fabrica de;enciso;3;9;2017-01-24;7377000;microempresarial
masculino;comercio;restaurante;enciso;3;9;2016-10-12;6890000;microempresarial
masculino;comercio;variedades;enciso;3;5;2016-02-16;6890000;microempresarial
femenino;comercio;comidas rapidas;enciso;3;5;2017-07-11;4000000;microempresarial
femenino;industria;fabrica de;enciso;3;5;2018-11-16;7800000;microempresarial
masculino;comercio;almacen de ropa en;enciso;3;5;2017-02-23;3000000;microempresarial
masculino;comercio;variedades;enciso;3;5;2018-03-09;2000000;microempresarial
femenino;comercio;distribuidora de;enciso;3;5;2018-12-21;7000000;microempresarial
femenino;industria;fabrica de;enciso;3;5;2016-08-29;6810000;microempresarial
masculino;comercio;fabrica de;enciso;3;5;2017-04-04;4000000;microempresarial
masculino;comercio;tienda;enciso;3;5;2019-05-16;8200000;microempresarial
masculino;comercio;variedades;enciso;3;5;2016-09-16;6000000;microempresarial
masculino;servicio;barberia;enciso;3;5;2018-05-07;4000000;microempresarial
masculino;comercio;variedades;enciso;3;5;2018-02-28;7000000;microempresarial
femenino;comercio;variedades;enciso;3;5;2017-06-08;7377000;microempresarial
masculino;servicio;barberia;enciso;3;5;2016-05-10;6800000;microempresarial
femenino;comercio;comidas rapidas;enciso;3;5;2016-10-06;4000000;microempresarial
femenino;comercio;almacen de ropa en;enciso;3;5;2017-11-20;7000000;microempresarial
masculino;servicio;fabrica de arepas;enciso;3;5;2017-04-06;7300000;microempresarial
masculino;servicio;variedades;enciso;3;5;2017-03-16;7377000;microempresarial
femenino;servicio;peluqueria;enciso;3;5;2018-03-23;3000000;microempresarial
masculino;servicio;restaurante;enciso;3;5;2017-02-06;3500000;microempresarial
femenino;comercio;variedades;enciso;3;5;2018-06-18;4000000;microempresarial
masculino;servicio;tienda;enciso;3;5;2018-04-04;1100000;microempresarial
masculino;servicio;comidas rapidas;enciso;3;5;2018-03-08;1000000;microempresarial
femenino;industria;fabrica de;enciso;3;5;2017-05-15;6000000;microempresarial
masculino;servicio;variedades;enciso;3;5;2017-07-07;6000000;microempresarial
femenino;industria;fabrica de;enciso;3;5;2017-03-27;7377000;microempresarial
femenino;comercio;tienda;enciso;3;5;2018-03-02;3500000;microempresarial
masculino;industria;fabrica de alimentos;enciso;3;5;2018-12-04;5500000;microempresarial
masculino;comercio;charcuteria;enciso;3;5;2017-02-09;7377000;microempresarial
femenino;servicio;variedades;enciso;3;5;2018-03-08;7000000;microempresarial
femenino;comercio;legumbreria;enciso;3;5;2018-08-03;7800000;microempresarial
masculino;servicio;tienda;enciso;3;5;2017-04-28;1200000;microempresarial
masculino;industria;cerrajeria;enciso;3;5;2017-02-06;1000000;microempresarial
femenino;industria;fabrica de calzado;enciso;3;5;2017-10-12;7000000;microempresarial
femenino;servicio;papeleria;enciso;3;5;2019-01-28;8000000;microempresarial
femenino;comercio;tienda de helados;enciso;3;5;2017-03-13;1200000;microempresarial
femenino;comercio;fabrica de;enciso;3;5;2018-04-19;7800000;microempresarial
femenino;servicio;comidas rapidas;enciso;3;5;2017-12-13;6000000;microempresarial
femenino;industria;marroquineria;enciso;3;16;2017-09-26;7000000;microempresarial
femenino;servicio;billares;enciso;1;1;2018-07-13;6000000;microempresarial
masculino;comercio;fabrica de;enciso;2;1;2017-06-20;7000000;microempresarial
masculino;industria;fabrica de calzado;enciso;2;1;2018-06-22;5500000;microempresarial
femenino;comercio;tienda;enciso;2;1;2016-11-23;5000000;microempresarial
masculino;comercio;comidas rapidas;enciso;2;1;2018-08-09;5500000;microempresarial
femenino;comercio;almacen de ropa en;enciso;2;1;2016-06-10;3000000;microempresarial
femenino;servicio;comidas rapidas;enciso;2;1;2017-02-07;7000000;microempresarial
femenino;servicio;comidas rapidas;enciso;2;1;2017-05-22;7000000;microempresarial
femenino;comercio;comidas rapidas;enciso;2;1;2018-09-14;4000000;microempresarial
masculino;comercio;venta de repuestos;enciso;2;1;2018-02-09;6000000;microempresarial
masculino;comercio;tienda;enciso;1;1;2018-04-16;7800000;microempresarial
femenino;servicio;peluqueria;enciso;2;1;2017-03-28;7377000;microempresarial
femenino;comercio;papeleria;enciso;2;1;2017-08-09;7000000;microempresarial
masculino;comercio;variedades;enciso;1;1;2018-06-27;800000;microempresarial
masculino;servicio;mantenimiento en;enciso;2;1;2016-03-02;6800000;microempresarial
masculino;servicio;variedades;enciso;2;1;2018-08-29;7800000;microempresarial
femenino;industria;fabrica de;enciso;2;1;2018-11-02;1500000;microempresarial
masculino;comercio;comidas rapidas;enciso;2;1;2019-05-23;6500000;microempresarial
femenino;comercio;variedades;enciso;2;1;2016-03-01;6800000;microempresarial
femenino;servicio;fabrica de juegos;enciso;2;1;2018-03-08;2000000;microempresarial
femenino;comercio;variedades;enciso;2;1;2018-06-06;7800000;microempresarial
femenino;industria;fabrica de;enciso;2;1;2018-07-10;7000000;microempresarial
femenino;comercio;tienda;enciso;2;1;2017-09-26;7300000;microempresarial
femenino;servicio;papeleria;enciso;2;1;2017-03-02;6000000;microempresarial
masculino;comercio;ferreteria;enciso;2;1;2019-05-10;5000000;microempresarial
femenino;comercio;variedades;enciso;2;1;2018-09-10;1500000;microempresarial
femenino;comercio;tienda;enciso;2;1;2017-07-27;5000000;microempresarial
femenino;comercio;tienda;enciso;2;1;2018-12-17;7000000;microempresarial
femenino;comercio;tienda;enciso;2;1;2018-04-12;6000000;microempresarial
masculino;comercio;variedades;enciso;2;1;2018-10-03;3000000;microempresarial
femenino;comercio;tienda;enciso;1;1;2016-06-22;6000000;microempresarial
masculino;industria;fabrica de calzado;enciso;3;1;2017-04-07;5000000;microempresarial
masculino;comercio;peluqueria;enciso;2;1;2018-03-02;5000000;microempresarial
femenino;servicio;peluqueria;enciso;2;1;2017-03-22;5300000;microempresarial
masculino;servicio;variedades;enciso;2;1;2017-07-21;7370000;microempresarial
femenino;comercio;variedades;enciso;1;1;2018-03-06;5000000;microempresarial
masculino;industria;fabrica de;enciso;2;1;2017-05-12;3000000;microempresarial
femenino;industria;fabrica de;enciso;2;1;2017-07-21;1500000;microempresarial
femenino;comercio;tienda;enciso;1;1;2017-10-26;7377000;microempresarial
femenino;comercio;variedades;enciso;2;1;2016-10-28;4000000;microempresarial
femenino;industria;variedades;enciso;2;1;2018-10-26;6000000;microempresarial
femenino;servicio;publicidad y;enciso;2;1;2018-06-22;4000000;microempresarial
femenino;comercio;fabrica de;enciso;2;1;2017-11-27;7300000;microempresarial
femenino;industria;cerrajeria;enciso;1;1;2018-10-22;7800000;microempresarial
masculino;comercio;variedades;enciso;2;1;2018-02-21;1000000;microempresarial
femenino;comercio;venta de calzado;enciso;2;1;2017-10-26;1500000;microempresarial
masculino;industria;taller de mecanica;enciso;2;1;2018-06-22;780000;microempresarial
masculino;servicio;barberia;enciso;2;1;2018-05-11;7800000;microempresarial
femenino;comercio;comidas rapidas;enciso;2;1;2018-09-05;4000000;microempresarial
masculino;industria;fabrica de;enciso;1;1;2018-07-10;6000000;microempresarial
femenino;comercio;tienda;manrique central no. 2;2;1;2016-08-22;6890000;microempresarial
femenino;comercio;comidas rapidas;manrique central no. 2;1;1;2018-06-07;7000000;microempresarial
femenino;industria;fabrica de;manrique central no. 2;1;1;2018-01-24;7800000;microempresarial
femenino;comercio;almacen de ropa en;manrique central no. 2;2;1;2017-07-13;7000000;microempresarial
masculino;comercio;variedades;manrique central no. 2;2;1;2018-06-05;2400000;microempresarial
masculino;comercio;tienda;manrique central no. 2;2;1;2018-11-20;6000000;microempresarial
femenino;industria;fabrica de calzado;manrique central no. 2;2;1;2018-06-05;7800000;microempresarial
femenino;comercio;mantenimiento en;manrique central no. 2;2;1;2017-07-26;7000000;microempresarial
masculino;comercio;granero;manrique central no. 2;2;1;2017-07-27;5000000;microempresarial
masculino;comercio;variedades;manrique central no. 2;2;1;2018-11-13;6690000;microempresarial
femenino;servicio;papeleria;manrique central no. 2;2;1;2018-07-10;7000000;microempresarial
femenino;servicio;tienda;manrique central no. 2;1;1;2017-11-07;7300000;microempresarial
masculino;comercio;distribuidora de;manrique central no. 2;1;1;2018-11-14;7800000;microempresarial
masculino;comercio;comidas rapidas;manrique central no. 2;2;1;2017-03-31;2700000;microempresarial
femenino;comercio;comidas rapidas;manrique central no. 2;2;1;2017-11-30;7300000;microempresarial
femenino;comercio;papeleria;manrique central no. 2;2;1;2016-12-21;6890000;microempresarial
femenino;servicio;recreativo educativo;manrique central no. 2;1;1;2016-10-28;6000000;microempresarial
femenino;industria;fabrica de alimentos;manrique central no. 2;1;1;2016-08-29;6800000;microempresarial
masculino;comercio;tienda;manrique central no. 2;2;1;2016-05-26;6890000;microempresarial
masculino;comercio;almacen de ropa en;manrique central no. 2;1;1;2018-03-15;4000000;microempresarial
femenino;servicio;comidas rapidas;manrique central no. 2;1;1;2016-04-05;2000000;microempresarial
femenino;servicio;mantenimiento en;manrique central no. 2;1;1;2018-01-25;2000000;microempresarial
masculino;servicio;variedades;manrique central no. 2;2;1;2018-10-25;7800000;microempresarial
femenino;comercio;papeleria;manrique central no. 2;2;1;2017-03-14;5000000;microempresarial
femenino;comercio;almacen de ropa en;manrique central no. 2;2;1;2019-03-28;8200000;microempresarial
femenino;comercio;comidas rapidas;manrique central no. 2;2;1;2017-08-03;21000000;microempresarial
femenino;comercio;fabrica de alimentos;manrique central no. 2;2;1;2018-04-05;7600000;microempresarial
femenino;comercio;panaderia;manrique central no. 2;2;1;2018-05-30;4000000;microempresarial
masculino;industria;fabrica de;manrique central no. 2;3;15;2017-10-24;7370000;microempresarial
femenino;comercio;comidas rapidas;manrique central no. 2;3;15;2017-12-12;7300000;microempresarial
masculino;servicio;variedades;manrique central no. 2;3;15;2016-01-06;4000000;microempresarial
femenino;comercio;miscelanea;manrique central no. 2;3;15;2017-02-03;7000000;microempresarial
femenino;servicio;peluqueria;manrique central no. 2;3;15;2017-07-28;7000000;microempresarial
femenino;comercio;variedades;manrique central no. 2;2;15;2018-06-20;3800000;microempresarial
femenino;comercio;variedades;manrique central no. 2;3;15;2017-02-03;6890000;microempresarial
masculino;servicio;productos de belleza;manrique central no. 2;3;15;2016-10-28;4615000;microempresarial
femenino;servicio;peluqueria;manrique central no. 2;3;15;2017-11-01;7377000;microempresarial
femenino;industria;fabrica de colchones;manrique central no. 2;3;15;2018-07-03;7800000;microempresarial
femenino;comercio;variedades;manrique central no. 2;3;15;2017-09-29;3000000;microempresarial
femenino;comercio;comidas rapidas;manrique central no. 2;3;15;2018-02-13;6000000;microempresarial
masculino;comercio;tienda;manrique central no. 2;3;15;2019-03-13;8281160;microempresarial
femenino;comercio;recreativo educativo;manrique central no. 2;3;15;2019-05-27;8281000;microempresarial
masculino;comercio;charcuteria;manrique central no. 2;2;15;2018-11-16;1000000;microempresarial
masculino;servicio;taller de mecanica;manrique central no. 2;3;15;2018-01-24;3000000;microempresarial
masculino;comercio;tienda;manrique central no. 2;3;15;2016-02-15;6800000;microempresarial
femenino;comercio;comidas rapidas;manrique central no. 2;3;15;2019-01-22;8200000;microempresarial
femenino;industria;fabrica de;manrique central no. 2;3;15;2016-02-20;2000000;microempresarial
masculino;servicio;variedades;manrique central no. 2;2;15;2019-05-24;8281000;microempresarial
femenino;comercio;fabrica de alimentos;manrique central no. 2;2;15;2018-11-14;7000000;microempresarial
masculino;industria;fabrica de;manrique central no. 2;3;15;2017-04-18;5000000;microempresarial
masculino;comercio;variedades;manrique central no. 2;3;15;2018-03-05;782000;microempresarial
femenino;comercio;comidas rapidas;manrique central no. 2;3;15;2016-08-30;6890000;microempresarial
femenino;industria;fabrica de velas;manrique central no. 2;3;15;2016-11-10;6890000;microempresarial
masculino;servicio;tienda;manrique central no. 2;3;15;2019-05-20;5000000;microempresarial
femenino;servicio;restaurante;manrique central no. 2;3;15;2016-07-15;6890000;microempresarial
masculino;comercio;variedades;manrique central no. 2;3;15;2018-04-30;7000000;microempresarial
femenino;comercio;variedades;manrique central no. 2;3;15;2018-03-07;7000000;microempresarial
masculino;servicio;comidas rapidas;manrique central no. 2;2;15;2017-11-17;4000000;microempresarial
femenino;comercio;comidas rapidas;manrique central no. 2;3;15;2017-10-26;7000000;microempresarial
masculino;comercio;comidas rapidas;manrique central no. 2;3;15;2018-07-09;3000000;microempresarial
femenino;comercio;almacen de ropa en;manrique central no. 2;3;15;2019-02-05;6000000;microempresarial
masculino;comercio;comidas rapidas;manrique central no. 2;3;15;2018-04-27;2000000;microempresarial
femenino;servicio;peluqueria;manrique central no. 2;3;7;2019-02-28;7500000;microempresarial
femenino;comercio;variedades;manrique central no. 2;2;15;2017-08-28;7000000;microempresarial
femenino;comercio;fabrica de calzado;manrique central no. 2;2;15;2019-05-06;8000000;microempresarial
femenino;comercio;almacen de ropa en;manrique central no. 2;3;15;2018-04-09;3500000;microempresarial
masculino;industria;carniceria;manrique central no. 2;3;15;2017-06-27;7377000;microempresarial
femenino;comercio;papeleria;manrique central no. 2;2;15;2018-07-27;2500000;microempresarial
femenino;industria;fabrica de;manrique central no. 2;3;15;2017-08-29;6500000;microempresarial
femenino;industria;fabrica de;manrique central no. 2;3;15;2018-04-04;6000000;microempresarial
femenino;industria;fabrica de;manrique central no. 2;3;15;2017-01-27;3000000;microempresarial
masculino;servicio;fabrica de;manrique central no. 2;3;15;2016-01-14;6800000;microempresarial
femenino;comercio;comidas rapidas;manrique central no. 2;2;15;2017-12-18;2000000;microempresarial
femenino;comercio;granero;manrique central no. 2;2;15;2019-05-14;8288000;microempresarial
femenino;industria;fabrica de;manrique central no. 2;2;15;2018-11-16;782000;microempresarial
femenino;comercio;peluqueria;manrique central no. 2;2;15;2017-06-27;4000000;microempresarial
femenino;industria;fabrica de;manrique central no. 2;3;15;2018-12-05;3000000;microempresarial
femenino;comercio;tienda de helados;manrique central no. 2;3;15;2017-10-02;7000000;microempresarial
masculino;industria;fabrica de;manrique central no. 2;2;15;2016-03-02;4000000;microempresarial
masculino;comercio;comidas rapidas;manrique central no. 2;2;15;2018-06-08;7800000;microempresarial
femenino;agropecuaria;criadero de animales;manrique central no. 2;1;15;2016-05-31;4000000;microempresarial
masculino;industria;fabrica de;manrique central no. 2;2;15;2017-03-30;6000000;microempresarial
femenino;comercio;almacen de ropa en;manrique central no. 2;3;15;2017-12-05;7000000;microempresarial
masculino;comercio;tienda;manrique central no. 2;2;15;2018-09-05;7800000;microempresarial
femenino;industria;fabrica de alimentos;manrique central no. 2;3;15;2017-10-05;3000000;microempresarial
femenino;industria;fabrica de;manrique central no. 2;1;15;2016-04-07;6890000;microempresarial
masculino;industria;panaderia;manrique central no. 2;3;15;2017-01-19;7000000;microempresarial
masculino;servicio;recreativo educativo;manrique central no. 2;3;15;2016-10-28;2000000;microempresarial
masculino;servicio;taller de electronica;manrique central no. 2;2;15;2017-04-27;5000000;microempresarial
masculino;servicio;comidas rapidas;manrique central no. 2;3;15;2016-07-08;6890000;microempresarial
femenino;comercio;restaurante;manrique central no. 2;3;15;2017-06-06;7377000;microempresarial
masculino;comercio;fabrica de alimentos;manrique central no. 2;3;15;2017-05-04;7000000;microempresarial
femenino;comercio;tienda;manrique central no. 2;3;15;2018-05-22;7800000;microempresarial
femenino;comercio;fabrica de alimentos;manrique central no. 2;3;15;2018-11-26;7000000;microempresarial
masculino;servicio;taller de mecanica;manrique central no. 2;3;15;2016-08-01;6000000;microempresarial
femenino;comercio;tienda;manrique central no. 2;3;15;2019-06-05;7500000;microempresarial
masculino;comercio;restaurante;manrique central no. 2;3;15;2018-03-12;7000000;microempresarial
masculino;servicio;barberia;manrique central no. 2;2;15;2017-06-02;5000000;microempresarial
femenino;servicio;variedades;manrique central no. 2;3;15;2018-07-04;4000000;microempresarial
femenino;servicio;comidas rapidas;manrique central no. 2;3;15;2016-06-14;5000000;microempresarial
masculino;industria;panaderia;manrique central no. 2;3;15;2018-11-22;7800000;microempresarial
femenino;comercio;legumbreria;manrique central no. 2;3;15;2017-12-22;4000000;microempresarial
femenino;comercio;fabrica de;manrique central no. 2;3;15;2016-01-28;2000000;microempresarial
femenino;comercio;almacen de ropa en;manrique central no. 2;3;15;2017-07-17;7300000;microempresarial
femenino;comercio;comidas rapidas;manrique central no. 2;3;15;2018-02-14;7812000;microempresarial
masculino;comercio;tienda;manrique central no. 2;3;15;2019-03-27;5000000;microempresarial
masculino;comercio;fabrica de ceramica;manrique central no. 2;3;15;2017-04-24;7377170;microempresarial
femenino;servicio;peluqueria;manrique central no. 2;3;15;2018-03-15;7800000;microempresarial
femenino;comercio;carniceria;manrique central no. 2;3;15;2017-04-19;7370000;microempresarial
masculino;industria;fabrica de repuestos;manrique central no. 2;3;15;2017-12-29;7300000;microempresarial
femenino;servicio;fabrica de;manrique central no. 2;3;15;2019-06-25;5000000;microempresarial
masculino;industria;panaderia;manrique central no. 2;2;15;2017-06-30;7300000;microempresarial
masculino;servicio;fotografia;manrique central no. 2;2;15;2016-01-28;4500000;microempresarial
masculino;industria;fabrica de;manrique central no. 2;3;15;2018-08-08;7800000;microempresarial
femenino;servicio;peluqueria;manrique central no. 2;2;15;2016-10-24;2000000;microempresarial
femenino;industria;fabrica de;manrique central no. 2;2;15;2017-10-31;7000000;microempresarial
femenino;comercio;comidas rapidas;manrique central no. 2;2;15;2017-07-13;7000000;microempresarial
masculino;servicio;recreativo educativo;manrique central no. 2;2;15;2017-01-13;16200000;juridica y cap.semilla
femenino;comercio;peluqueria;manrique central no. 2;3;15;2017-04-28;3377000;microempresarial
femenino;comercio;productos de belleza;manrique central no. 2;3;15;2016-12-13;6890000;microempresarial
femenino;comercio;licorera;manrique central no. 2;2;15;2019-01-30;5000000;microempresarial
femenino;servicio;variedades;manrique central no. 2;3;15;2017-11-03;7000000;microempresarial
femenino;comercio;almacen de ropa en;manrique central no. 2;3;15;2017-10-09;7000000;microempresarial
femenino;industria;fabrica de;manrique central no. 2;3;15;2016-06-08;6890000;microempresarial
masculino;comercio;almacen de ropa en;manrique central no. 2;2;15;2017-04-25;7300000;microempresarial
femenino;industria;fabrica de;manrique central no. 2;3;15;2019-01-28;8000000;microempresarial
femenino;comercio;almacen de ropa en;manrique central no. 2;3;15;2019-05-09;8281000;microempresarial
femenino;industria;fabrica de;manrique central no. 2;3;15;2017-11-27;4000000;microempresarial
femenino;comercio;variedades;manrique central no. 2;3;15;2018-06-18;7800000;microempresarial
masculino;industria;fabrica de;manrique central no. 2;2;15;2018-10-24;7800000;microempresarial
femenino;industria;fabrica de;manrique central no. 2;3;15;2017-03-29;7377000;microempresarial
femenino;comercio;variedades;manrique central no. 2;3;15;2018-12-06;1000000;microempresarial
masculino;comercio;almacen de ropa en;manrique central no. 2;3;15;2017-04-06;5000000;microempresarial
masculino;industria;fabrica de;manrique central no. 2;3;15;2016-05-12;6890000;microempresarial
masculino;industria;fabrica de;manrique central no. 2;2;15;2017-05-26;2000000;microempresarial
femenino;industria;fabrica de;manrique central no. 2;2;15;2018-04-04;6700000;microempresarial
masculino;industria;fabrica de;manrique central no. 2;3;15;2018-11-19;7800000;microempresarial
masculino;servicio;publicidad y;manrique central no. 2;3;15;2016-12-13;7583994;empresarial ed.
masculino;comercio;fabrica de helados;manrique central no. 2;3;15;2017-10-04;7300000;microempresarial
masculino;servicio;comidas rapidas;manrique central no. 2;2;15;2016-02-23;6800000;microempresarial
masculino;servicio;variedades;manrique central no. 2;3;15;2017-08-01;7000000;microempresarial
femenino;comercio;distribuidora de;manrique central no. 2;3;15;2018-05-24;7800000;microempresarial
femenino;comercio;granero;manrique central no. 2;2;5;2019-04-05;4000000;microempresarial
masculino;comercio;almacen de ropa en;manrique central no. 2;2;5;2018-11-07;4000000;microempresarial
femenino;comercio;tienda;manrique central no. 2;2;4;2017-05-25;7377000;microempresarial
femenino;comercio;charcuteria;manrique central no. 2;1;4;2016-06-03;4100000;microempresarial
femenino;comercio;variedades;manrique central no. 2;2;4;2017-03-13;1000000;microempresarial
masculino;comercio;granero;manrique central no. 2;2;4;2016-11-29;1000000;microempresarial
femenino;industria;fabrica de;manrique central no. 2;1;4;2018-05-31;5000000;microempresarial
femenino;industria;fabrica de colchones;manrique central no. 2;1;4;2019-02-04;7800000;microempresarial
femenino;comercio;variedades;manrique central no. 2;2;3;2019-01-30;4000000;microempresarial
femenino;comercio;cafeteria;manrique central no. 2;2;4;2017-09-27;7000000;microempresarial
femenino;servicio;cafeteria;manrique central no. 2;3;10;2016-05-06;6890000;microempresarial
masculino;comercio;variedades;manrique central no. 2;3;10;2018-09-24;2000000;microempresarial
femenino;servicio;mantenimiento en;manrique central no. 2;1;10;2017-01-30;4890000;microempresarial
femenino;comercio;variedades;manrique central no. 2;3;10;2018-03-08;5000000;microempresarial
masculino;comercio;tienda de helados;manrique central no. 2;3;10;2016-08-22;6890000;microempresarial
masculino;comercio;comidas rapidas;manrique central no. 2;1;10;2017-07-25;3000000;microempresarial
femenino;comercio;variedades;manrique central no. 2;3;10;2017-06-28;5000000;microempresarial
femenino;comercio;almacen de ropa en;manrique central no. 2;3;10;2017-08-04;7300000;microempresarial
masculino;agropecuaria;distribuidora de;manrique central no. 2;3;10;2018-02-19;3050000;microempresarial
femenino;servicio;fabrica de alimentos;manrique central no. 2;3;10;2017-08-23;4000000;microempresarial
masculino;industria;fabrica de;manrique central no. 2;2;9;2019-03-18;8000000;microempresarial
femenino;industria;fabrica de repuestos;manrique central no. 2;2;9;2018-05-30;7800000;microempresarial
femenino;comercio;variedades;manrique central no. 2;1;9;2018-10-25;5000000;microempresarial
masculino;industria;fabrica de;manrique central no. 2;2;9;2018-12-11;7000000;microempresarial
femenino;industria;fabrica de repuestos;manrique central no. 2;2;9;2017-01-31;3000000;microempresarial
femenino;industria;fabrica de;manrique central no. 2;1;9;2017-01-19;7377000;microempresarial
masculino;comercio;cerrajeria;manrique central no. 2;1;13;2019-05-22;8000000;microempresarial
femenino;comercio;comidas rapidas;manrique central no. 2;1;13;2017-11-29;7000000;microempresarial
masculino;servicio;peluqueria;manrique central no. 2;1;13;2018-12-13;7800000;microempresarial
femenino;comercio;restaurante;manrique central no. 2;1;13;2017-03-14;7300000;microempresarial
femenino;comercio;almacen de ropa en;manrique central no. 2;2;13;2017-02-07;7300000;microempresarial
femenino;comercio;almacen de ropa en;manrique central no. 2;2;13;2017-10-11;5000000;microempresarial
femenino;servicio;comidas rapidas;manrique central no. 2;2;13;2016-06-09;6000000;microempresarial
femenino;comercio;variedades;manrique central no. 2;2;13;2018-09-14;2000000;microempresarial
femenino;industria;fabrica de;manrique central no. 2;2;13;2018-04-05;7800000;microempresarial
femenino;comercio;ferreteria;manrique central no. 2;2;13;2016-07-18;6890000;microempresarial
masculino;servicio;legumbreria;manrique central no. 2;1;13;2018-01-19;4000000;microempresarial
femenino;industria;fabrica de;manrique central no. 2;2;13;2016-04-19;6800000;microempresarial
femenino;comercio;variedades;manrique central no. 2;1;13;2018-03-14;1000000;microempresarial
femenino;industria;fabrica de;manrique central no. 2;2;13;2018-08-01;800000;microempresarial
femenino;servicio;tienda de helados;manrique central no. 2;2;13;2018-01-16;4000000;microempresarial
femenino;comercio;ferreteria;manrique central no. 2;2;13;2019-06-25;8000000;microempresarial
femenino;comercio;fabrica de calzado;manrique central no. 2;1;13;2018-05-03;4000000;microempresarial
femenino;comercio;variedades;manrique central no. 2;2;13;2017-11-17;7377170;microempresarial
masculino;servicio;barberia;manrique central no. 2;1;13;2017-10-13;5200000;microempresarial
masculino;servicio;distribuidora de;manrique central no. 2;1;13;2019-05-02;3000000;microempresarial
femenino;industria;fabrica de;manrique central no. 2;1;13;2016-11-03;6800000;microempresarial
femenino;comercio;variedades;manrique central no. 2;1;13;2018-10-11;3000000;microempresarial
masculino;comercio;legumbreria;manrique central no. 2;1;13;2017-12-22;4400000;microempresarial
femenino;comercio;variedades;manrique central no. 2;2;13;2017-12-21;7300000;microempresarial
femenino;servicio;tienda;manrique central no. 2;2;13;2017-12-21;6500000;microempresarial
masculino;agropecuaria;variedades;manrique central no. 2;1;13;2018-10-24;1000000;microempresarial
femenino;comercio;panaderia;manrique central no. 2;1;13;2018-02-15;5000000;microempresarial
femenino;industria;fabrica de alimentos;manrique central no. 2;1;13;2018-04-18;5000000;microempresarial
femenino;comercio;almacen de ropa en;manrique central no. 2;2;13;2017-07-26;7000000;microempresarial
femenino;comercio;tienda;manrique central no. 2;1;13;2017-04-05;7377000;microempresarial
masculino;servicio;barberia;manrique central no. 2;1;13;2017-08-14;7370000;microempresarial
femenino;comercio;charcuteria;manrique central no. 2;2;13;2018-06-12;7800000;microempresarial
masculino;servicio;ebanistaria;manrique central no. 2;2;13;2017-04-21;7377000;microempresarial
femenino;industria;fabrica de;manrique central no. 2;2;13;2016-10-10;6890000;microempresarial
femenino;servicio;fabrica de;manrique central no. 2;1;13;2018-10-26;5000000;microempresarial
masculino;comercio;mantenimiento en;manrique central no. 2;2;13;2018-06-12;2500000;microempresarial
femenino;industria;fabrica de;manrique central no. 2;1;13;2018-07-09;4000000;microempresarial
femenino;comercio;variedades;manrique central no. 2;1;13;2017-01-31;5500000;microempresarial
masculino;comercio;tienda;manrique central no. 2;1;13;2019-05-20;8200000;microempresarial
masculino;industria;fabrica de;manrique central no. 2;2;13;2018-05-10;4000000;microempresarial
femenino;industria;fabrica de;manrique central no. 2;1;13;2018-03-01;5500000;microempresarial
femenino;comercio;tienda;manrique central no. 2;1;13;2017-11-16;3600000;microempresarial
femenino;comercio;restaurante;manrique central no. 2;2;13;2018-02-09;6000000;microempresarial
femenino;comercio;tienda;manrique central no. 2;1;13;2016-02-06;3000000;microempresarial
femenino;comercio;almacen de ropa en;manrique central no. 2;2;13;2019-04-30;8281000;microempresarial
masculino;servicio;fotografia;manrique central no. 2;2;13;2018-06-01;7800000;microempresarial
masculino;comercio;almacen de ropa en;manrique central no. 2;2;13;2019-02-04;8200000;microempresarial
femenino;comercio;variedades;manrique central no. 2;2;13;2018-03-16;7800000;microempresarial
masculino;industria;fabrica de calzado;manrique central no. 2;2;6;2016-06-07;6000000;microempresarial
masculino;industria;carpinteria;manrique central no. 2;2;6;2017-11-27;4000000;microempresarial
femenino;servicio;peluqueria;manrique central no. 2;2;6;2018-03-14;7800000;microempresarial
femenino;comercio;tienda;manrique central no. 2;2;6;2018-04-12;7800000;microempresarial
femenino;servicio;peluqueria;manrique central no. 2;3;6;2018-07-03;7000000;microempresarial
femenino;servicio;cafeteria;manrique central no. 2;1;6;2018-01-03;5000000;microempresarial
femenino;industria;fabrica de;manrique central no. 2;2;6;2019-05-22;4000000;microempresarial
femenino;comercio;venta de;manrique central no. 2;2;8;2016-04-21;6890000;microempresarial
masculino;comercio;variedades;manrique central no. 2;2;6;2016-11-17;6800000;microempresarial
femenino;industria;fabrica de;manrique central no. 2;2;6;2019-04-01;2200000;microempresarial
femenino;servicio;comidas rapidas;manrique central no. 2;2;6;2017-02-23;5000000;microempresarial
femenino;industria;variedades;manrique central no. 2;2;6;2016-11-11;2000000;microempresarial
masculino;servicio;taller de mecanica;manrique central no. 2;2;6;2019-01-04;7000000;microempresarial
femenino;industria;fabrica de;manrique central no. 2;2;6;2019-05-20;6000000;microempresarial
masculino;comercio;taller de mecanica;manrique central no. 2;2;6;2016-07-11;4000000;microempresarial
masculino;comercio;joyeria;manrique central no. 2;2;6;2016-10-19;3000000;microempresarial
femenino;industria;fabrica de;manrique central no. 2;2;6;2018-10-31;5500000;microempresarial
masculino;comercio;fabrica de calzado;manrique central no. 2;2;6;2019-06-18;4500000;microempresarial
femenino;comercio;almacen de ropa en;manrique central no. 2;2;6;2018-06-13;7800000;microempresarial
femenino;comercio;variedades;manrique central no. 2;2;6;2017-11-02;4000000;microempresarial
femenino;comercio;variedades;manrique central no. 2;2;6;2016-07-07;6800000;microempresarial
femenino;comercio;variedades;manrique central no. 2;2;6;2018-11-20;6000000;microempresarial
masculino;industria;carpinteria;manrique central no. 2;2;6;2017-11-20;7000000;microempresarial
femenino;servicio;comidas rapidas;manrique central no. 2;2;6;2016-11-03;4000000;microempresarial
masculino;servicio;montallantas;manrique central no. 2;2;6;2017-10-26;5000000;microempresarial
masculino;comercio;fabrica de muebles;manrique central no. 2;2;6;2018-04-03;6000000;microempresarial
femenino;comercio;almacen de ropa en;manrique central no. 2;2;7;2019-02-13;5000000;microempresarial
femenino;servicio;almacen de ropa en;manrique central no. 2;2;7;2019-01-29;2250000;microempresarial
masculino;servicio;tienda naturista;manrique central no. 2;2;6;2017-01-23;7300000;microempresarial
masculino;comercio;tienda;manrique central no. 2;2;6;2018-09-27;5000000;microempresarial
masculino;industria;fabrica de;manrique central no. 2;2;6;2018-04-23;7800000;microempresarial
masculino;comercio;fabrica de alimentos;manrique central no. 2;2;6;2016-09-21;3000000;microempresarial
femenino;servicio;bares;manrique central no. 2;2;6;2017-10-24;7377000;microempresarial
femenino;servicio;variedades;manrique central no. 2;1;14;2017-02-02;7000000;microempresarial
femenino;servicio;criadero de animales;manrique central no. 2;2;50;2017-04-05;5000000;microempresarial
femenino;comercio;cafeteria;manrique central no. 2;3;12;2016-08-24;6800000;microempresarial
femenino;comercio;miscelanea;manrique central no. 2;3;12;2019-06-11;5800000;microempresarial
femenino;servicio;comidas rapidas;manrique central no. 2;3;12;2017-02-23;7300000;microempresarial
femenino;comercio;productos de belleza;manrique central no. 2;3;12;2016-09-30;6000000;microempresarial
masculino;comercio;variedades;manrique central no. 2;3;12;2017-08-11;7200000;microempresarial
femenino;industria;tienda;manrique central no. 2;3;12;2018-05-09;2000000;microempresarial
masculino;comercio;variedades;manrique central no. 2;3;12;2018-02-15;1000000;microempresarial
femenino;comercio;tienda;manrique central no. 2;3;12;2016-06-10;4000000;microempresarial
femenino;comercio;cafeteria;manrique central no. 2;3;12;2018-03-20;5000000;microempresarial
masculino;comercio;papeleria;manrique central no. 2;3;12;2018-02-05;7000000;microempresarial
femenino;servicio;restaurante;manrique central no. 2;3;12;2017-09-29;6000000;microempresarial
masculino;servicio;mantenimiento en;manrique central no. 2;3;12;2016-05-10;6890000;microempresarial
masculino;comercio;almacen de ropa en;manrique central no. 2;3;12;2018-11-08;3000000;microempresarial
femenino;comercio;tienda;manrique central no. 2;3;12;2018-01-23;7500000;microempresarial
femenino;servicio;mantenimiento en;manrique central no. 2;3;12;2017-03-02;6000000;microempresarial
femenino;comercio;productos de belleza;manrique central no. 2;3;12;2018-08-02;7000000;microempresarial
femenino;comercio;almacen de ropa en;manrique central no. 2;3;12;2016-08-22;6890000;microempresarial
femenino;comercio;legumbreria;manrique central no. 2;3;12;2017-02-01;3000000;microempresarial
femenino;servicio;peluqueria;manrique central no. 2;3;12;2016-03-15;6890000;microempresarial
femenino;servicio;productos de belleza;santa cruz;3;12;2016-09-05;6890000;microempresarial
femenino;comercio;tienda;santa cruz;3;12;2016-07-14;700000;microempresarial
femenino;servicio;variedades;santa cruz;2;12;2017-07-11;5000000;microempresarial
femenino;industria;publicidad y;santa cruz;1;7;2016-07-19;6890000;microempresarial
masculino;comercio;tienda;santa cruz;3;12;2017-10-04;5000000;microempresarial
femenino;servicio;peluqueria;santa cruz;1;1;2018-10-03;4000000;microempresarial
femenino;servicio;peluqueria;santa cruz;1;1;2017-03-23;7300000;microempresarial
masculino;industria;cerrajeria;santa cruz;1;1;2018-03-20;7800000;microempresarial
femenino;comercio;comidas rapidas;santa cruz;1;1;2018-10-31;1000000;microempresarial
femenino;comercio;variedades;santa cruz;1;1;2018-07-25;3000000;microempresarial
femenino;servicio;fotografia;santa cruz;1;1;2017-04-21;5000000;microempresarial
femenino;comercio;restaurante;santa cruz;1;1;2019-02-21;8281000;microempresarial
femenino;comercio;variedades;santa cruz;1;1;2016-10-06;6890000;microempresarial
femenino;comercio;almacen de ropa en;santa cruz;1;1;2018-06-07;2000000;microempresarial
femenino;comercio;comidas rapidas;santa cruz;1;1;2019-02-13;8280000;microempresarial
femenino;servicio;peluqueria;santa cruz;1;1;2018-11-21;4500000;microempresarial
femenino;comercio;tienda;santa cruz;1;1;2018-08-01;2000000;microempresarial
femenino;industria;fabrica de;santa cruz;1;1;2018-06-07;7800000;microempresarial
femenino;industria;fabrica de;santa cruz;1;1;2016-09-20;6800000;microempresarial
masculino;industria;fabrica de alimentos;santa cruz;1;1;2018-11-20;7800000;microempresarial
femenino;comercio;restaurante;santa cruz;1;1;2018-04-04;2000000;microempresarial
masculino;comercio;tienda;santa cruz;3;10;2016-02-02;6800000;microempresarial
masculino;comercio;marroquineria;santa cruz;3;10;2017-03-22;7700000;microempresarial
masculino;comercio;venta de repuestos;santa cruz;3;10;2018-08-22;7800000;microempresarial
masculino;comercio;alquiler de peliculas;santa cruz;3;10;2018-11-19;6500000;microempresarial
masculino;comercio;variedades;santa cruz;3;10;2017-06-28;6000000;microempresarial
masculino;comercio;ferreteria;santa cruz;2;10;2019-01-25;8280000;microempresarial
masculino;servicio;variedades;santa cruz;3;10;2016-01-29;6800000;microempresarial
masculino;servicio;comidas rapidas;santa cruz;3;10;2019-03-05;8200000;microempresarial
masculino;comercio;mantenimiento en;santa cruz;1;10;2016-02-23;3000000;microempresarial
femenino;industria;fabrica de;santa cruz;3;10;2016-10-03;4100000;microempresarial
femenino;servicio;peluqueria;santa cruz;1;10;2016-11-02;4000000;microempresarial
masculino;servicio;mantenimiento en;santa cruz;3;10;2016-01-18;6890000;microempresarial
masculino;comercio;almacen de ropa en;santa cruz;3;10;2018-04-25;7800000;microempresarial
femenino;comercio;almacen de ropa en;santa cruz;1;10;2018-10-03;7800000;microempresarial
femenino;comercio;papeleria;santa cruz;2;10;2018-08-06;5000000;microempresarial
masculino;comercio;venta de calzado;santa cruz;2;10;2016-01-27;6890000;microempresarial
femenino;comercio;panaderia;santa cruz;3;10;2018-05-03;5500000;microempresarial
femenino;comercio;fabrica de alimentos;santa cruz;3;10;2017-12-14;7300000;microempresarial
masculino;comercio;mantenimiento en;santa cruz;2;10;2016-01-22;5000000;microempresarial
femenino;comercio;fabrica de arepas;santa cruz;2;10;2016-02-06;1500000;microempresarial
femenino;servicio;fabrica de;santa cruz;2;10;2016-01-21;3000000;microempresarial
femenino;comercio;variedades;santa cruz;2;10;2016-02-09;6890000;microempresarial
masculino;comercio;variedades;santa cruz;3;10;2018-05-29;2300000;microempresarial
masculino;comercio;variedades;santa cruz;2;10;2017-10-02;1000000;microempresarial
masculino;comercio;drogueria;santa cruz;2;10;2016-09-22;28000000;empresarial ed.
femenino;comercio;variedades;santa cruz;3;10;2016-02-18;3000000;microempresarial
masculino;industria;fabrica de;santa cruz;2;15;2017-06-08;7300000;microempresarial
femenino;comercio;tienda;santa cruz;3;15;2019-05-03;6000000;microempresarial
masculino;comercio;restaurante;santa cruz;2;15;2017-09-26;7000000;microempresarial
masculino;comercio;variedades;santa cruz;2;15;2018-03-05;2000000;microempresarial
femenino;industria;fabrica de;santa cruz;3;15;2018-04-09;3500000;microempresarial
masculino;comercio;restaurante;santa cruz;3;15;2017-06-20;4000000;microempresarial
femenino;comercio;restaurante;santa cruz;2;15;2017-08-24;7000000;microempresarial
masculino;comercio;almacen de ropa en;santa cruz;3;15;2017-04-26;7300000;microempresarial
masculino;comercio;distribuidora de;santa cruz;2;15;2019-06-13;8200000;microempresarial
masculino;comercio;legumbreria;santa cruz;1;3;2016-12-05;5000000;microempresarial
femenino;comercio;tienda;santa cruz;1;3;2018-07-06;2000000;microempresarial
femenino;industria;fabrica de;santa cruz;1;3;2016-11-19;6000000;microempresarial
femenino;servicio;productos de belleza;santa cruz;1;3;2017-05-12;6000000;microempresarial
femenino;servicio;comidas rapidas;santa cruz;1;3;2018-02-16;7000000;microempresarial
masculino;servicio;barberia;santa cruz;1;3;2018-07-09;7800000;microempresarial
femenino;comercio;fabrica de helados;santa cruz;1;3;2019-05-30;4000000;microempresarial
femenino;agropecuaria;floristeria;santa cruz;2;60;2018-04-06;7000000;microempresarial
femenino;comercio;almacen de ropa en;santa cruz;1;6;2017-04-25;3000000;microempresarial
femenino;comercio;variedades;santa cruz;1;6;2017-11-21;7300000;microempresarial
femenino;industria;fabrica de;santa cruz;1;6;2018-02-09;7800000;microempresarial
femenino;comercio;variedades;santa cruz;1;6;2017-02-28;7300000;microempresarial
femenino;comercio;variedades;santa cruz;1;6;2018-05-29;3500000;microempresarial
femenino;comercio;panaderia;santa cruz;1;6;2018-12-06;7812000;microempresarial
femenino;industria;comidas rapidas;santa cruz;1;6;2018-02-09;3050000;microempresarial
femenino;industria;fabrica de;santa cruz;1;6;2016-04-27;6890000;microempresarial
femenino;comercio;almacen de ropa en;santa cruz;1;6;2018-04-12;1200000;microempresarial
masculino;comercio;comidas rapidas;santa cruz;1;6;2018-08-09;7800000;microempresarial
femenino;industria;fabrica de;santa cruz;1;6;2018-04-12;3000000;microempresarial
masculino;comercio;recreativo educativo;santa cruz;1;6;2017-06-15;2000000;microempresarial
masculino;comercio;tienda;santa cruz;1;6;2017-05-11;2000000;microempresarial
femenino;industria;deposito de;santa cruz;1;6;2019-04-08;8200000;microempresarial
masculino;servicio;recreativo educativo;santa cruz;3;6;2016-03-07;6890000;microempresarial
femenino;servicio;bares;santa cruz;1;6;2018-01-31;7300000;microempresarial
femenino;comercio;panaderia;santa cruz;1;6;2016-12-26;5000000;microempresarial
femenino;servicio;licorera;santa cruz;1;6;2016-09-29;4000000;microempresarial
femenino;agropecuaria;viveros;santa cruz;1;6;2016-12-13;6000000;microempresarial
masculino;industria;fabrica de calzado;santa cruz;2;6;2017-01-30;7377000;microempresarial
femenino;comercio;tienda;santa cruz;1;1;2019-02-22;5000000;microempresarial
femenino;comercio;variedades;santa cruz;1;1;2019-02-01;1500000;microempresarial
femenino;servicio;productos de belleza;santa cruz;3;12;2016-02-05;6000000;microempresarial
femenino;comercio;papeleria;santa cruz;3;12;2016-06-22;1000000;microempresarial
femenino;comercio;variedades;santa cruz;3;12;2016-10-11;6890000;microempresarial
masculino;servicio;recreativo educativo;santa cruz;2;12;2016-03-09;6800000;microempresarial
femenino;industria;fabrica de;santa cruz;3;12;2018-05-22;7000000;microempresarial
femenino;servicio;peluqueria;santa cruz;3;12;2018-07-05;7800000;microempresarial
masculino;comercio;miscelanea;santa cruz;3;12;2018-07-18;1000000;microempresarial
femenino;servicio;comidas rapidas;santa cruz;2;12;2017-08-03;35000000;microempresarial
femenino;comercio;joyeria;santa cruz;2;12;2017-10-31;6400000;microempresarial
femenino;industria;fabrica de;santa cruz;3;12;2019-01-09;7800000;microempresarial
masculino;comercio;variedades;santa cruz;3;12;2016-05-02;6890000;microempresarial
masculino;comercio;comidas rapidas;santa cruz;2;12;2018-08-02;7800000;microempresarial
femenino;industria;fabrica de alimentos;santa cruz;3;12;2017-07-24;7370000;microempresarial
femenino;industria;fabrica de;santa cruz;2;13;2018-12-21;5000000;microempresarial
masculino;industria;cerrajeria;santa cruz;1;12;2018-08-31;7000000;microempresarial
femenino;servicio;peluqueria;santa cruz;3;12;2017-09-08;7000000;microempresarial
masculino;industria;fabrica de repuestos;santa cruz;2;12;2018-07-09;7800000;microempresarial
femenino;industria;fabrica de;santa cruz;3;12;2018-02-27;5000000;microempresarial
masculino;comercio;ebanistaria;santa cruz;3;12;2018-10-11;7800000;microempresarial
femenino;comercio;tienda;santa cruz;2;12;2016-04-11;4136000;microempresarial
femenino;servicio;peluqueria;santa cruz;2;12;2017-06-15;7377000;microempresarial
masculino;industria;fabrica de calzado;santa cruz;3;12;2018-01-25;7800000;microempresarial
femenino;comercio;variedades;santa cruz;3;12;2018-11-15;800000;microempresarial
masculino;comercio;legumbreria;santa cruz;3;12;2018-05-22;3000000;microempresarial
masculino;comercio;legumbreria;santa cruz;1;12;2016-03-29;4000000;microempresarial
femenino;comercio;variedades;santa cruz;3;12;2016-03-02;4500000;microempresarial
femenino;industria;fabrica de velas;santa cruz;3;12;2017-03-28;6000000;microempresarial
masculino;industria;fabrica de colchones;santa cruz;2;12;2018-02-20;7300000;microempresarial
femenino;industria;fabrica de;santa cruz;2;12;2017-04-07;6000000;microempresarial
femenino;industria;fabrica de;santa cruz;3;12;2017-02-23;4500000;microempresarial
femenino;comercio;restaurante;santa cruz;2;12;2017-12-04;7370000;microempresarial
femenino;comercio;variedades;santa cruz;3;12;2018-01-24;7800000;microempresarial
femenino;servicio;fabrica de;santa cruz;3;12;2016-02-15;4000000;microempresarial
femenino;comercio;variedades;santa cruz;2;12;2018-03-09;7812000;microempresarial
masculino;industria;fabrica de;santa cruz;3;12;2016-04-21;6890000;microempresarial
masculino;servicio;comidas rapidas;santa cruz;1;12;2018-01-31;4000000;microempresarial
femenino;comercio;variedades;santa cruz;3;12;2018-02-15;7500000;microempresarial
femenino;comercio;fabrica de;santa cruz;3;12;2018-02-09;7800000;microempresarial
femenino;industria;fabrica de;santa cruz;3;12;2017-03-09;7370000;microempresarial
masculino;comercio;variedades;santa cruz;2;12;2018-10-26;5000000;microempresarial
femenino;comercio;tienda;santa cruz;3;12;2019-03-13;8281000;microempresarial
masculino;comercio;fabrica de alimentos;santa cruz;2;12;2017-10-02;7370000;microempresarial
masculino;comercio;variedades;santa cruz;3;12;2018-06-06;7800000;microempresarial
femenino;industria;fabrica de;santa cruz;3;12;2016-03-04;5000000;microempresarial
masculino;comercio;restaurante;santa cruz;3;12;2017-10-03;7300000;microempresarial
femenino;comercio;ferreteria;santa cruz;1;12;2016-02-25;6890000;microempresarial
femenino;comercio;variedades;santa cruz;3;12;2018-10-29;7812000;microempresarial
femenino;servicio;peluqueria;santa cruz;3;12;2018-10-11;7800000;microempresarial
masculino;comercio;variedades;santa cruz;3;12;2016-08-16;6000000;microempresarial
masculino;comercio;tienda de helados;santa cruz;3;12;2016-03-15;6800000;microempresarial
masculino;comercio;peluqueria;santa cruz;3;12;2016-08-05;6890000;microempresarial
masculino;comercio;variedades;santa cruz;3;12;2017-08-23;6000000;microempresarial
femenino;comercio;variedades;santa cruz;1;12;2018-11-15;7000000;microempresarial
masculino;industria;restaurante;santa cruz;3;12;2018-02-15;5000000;microempresarial
femenino;industria;fabrica de;santa cruz;3;12;2017-10-03;7377000;microempresarial
femenino;comercio;legumbreria;santa cruz;3;12;2017-10-11;5000000;microempresarial
masculino;comercio;restaurante;santa cruz;3;12;2018-03-23;3200000;microempresarial
masculino;servicio;comidas rapidas;santa cruz;3;12;2017-10-20;73770000;microempresarial
femenino;agropecuaria;criadero de animales;santa cruz;2;12;2016-06-14;6890000;microempresarial
masculino;comercio;tienda;santa cruz;3;12;2018-01-19;7300000;microempresarial
femenino;comercio;variedades;santa cruz;2;12;2017-10-31;2000000;microempresarial
femenino;industria;fabrica de;santa cruz;3;12;2018-03-01;4000000;microempresarial
femenino;servicio;peluqueria;santa cruz;3;12;2018-06-20;7800000;microempresarial
masculino;comercio;variedades;santa cruz;3;12;2016-11-18;5000000;microempresarial
masculino;industria;fabrica de;santa cruz;3;12;2018-07-30;7800000;microempresarial
masculino;industria;fabrica de;santa cruz;3;12;2016-06-17;6890000;microempresarial
femenino;comercio;comidas rapidas;santa cruz;3;12;2019-05-06;7500000;microempresarial
femenino;servicio;fabrica de;santa cruz;2;12;2016-05-19;4000000;microempresarial
femenino;servicio;peluqueria;santa cruz;2;12;2019-04-04;6500000;microempresarial
masculino;comercio;legumbreria;santa cruz;1;12;2017-09-20;4000000;microempresarial
masculino;agropecuaria;variedades;santa cruz;2;12;2016-09-06;68900000;microempresarial
femenino;comercio;almacen de ropa en;santa cruz;1;12;2019-01-25;2500000;microempresarial
masculino;servicio;variedades;santa cruz;3;12;2017-04-26;4300000;microempresarial
femenino;industria;variedades;santa cruz;2;12;2016-01-28;6890000;microempresarial
femenino;servicio;restaurante;santa cruz;3;12;2017-06-12;7370000;microempresarial
masculino;industria;fabrica de;santa cruz;3;12;2016-03-10;6800000;microempresarial
masculino;servicio;cafe e internet;santa cruz;3;12;2016-05-10;233925;microempresarial
femenino;servicio;productos de belleza;santa cruz;3;12;2018-09-24;6250000;microempresarial
femenino;servicio;variedades;santa cruz;3;12;2017-05-30;6000000;microempresarial
femenino;comercio;variedades;santa cruz;3;12;2018-10-29;2000000;microempresarial
femenino;comercio;tienda;santa cruz;1;12;2016-06-07;5000000;microempresarial
masculino;comercio;marroquineria;santa cruz;2;12;2017-11-01;7300000;microempresarial
femenino;industria;fabrica de;santa cruz;3;12;2018-05-28;5000000;microempresarial
masculino;comercio;lenceria para el;santa cruz;3;12;2018-05-25;7800000;microempresarial
femenino;comercio;peluqueria;santa cruz;2;12;2017-06-20;7000000;microempresarial
femenino;comercio;variedades;santa cruz;3;12;2017-09-05;7300000;microempresarial
femenino;industria;fabrica de;santa cruz;2;12;2018-04-25;7000000;microempresarial
masculino;industria;fabrica de arepas;santa cruz;3;12;2016-04-21;6800000;microempresarial
masculino;comercio;fabrica de alimentos;santa cruz;2;12;2016-08-02;4000000;microempresarial
masculino;comercio;variedades;santa cruz;2;14;2018-04-24;3345000;microempresarial
masculino;industria;tienda;santa cruz;2;80;2018-06-27;6800000;microempresarial
femenino;comercio;almacen de ropa en;santa cruz;2;2;2017-10-09;7377000;microempresarial
femenino;comercio;distribuidora de;santa cruz;2;2;2017-07-25;6500000;microempresarial
femenino;industria;variedades;santa cruz;2;2;2016-08-25;6800000;microempresarial
masculino;comercio;tienda;santa cruz;1;2;2016-05-26;6800000;microempresarial
masculino;industria;fabrica de;santa cruz;2;2;2016-05-18;2500000;microempresarial
femenino;comercio;variedades;santa cruz;2;2;2017-08-11;7377000;microempresarial
femenino;servicio;peluqueria;santa cruz;2;80;2016-10-31;6890000;microempresarial
femenino;comercio;venta de calzado;santa cruz;2;2;2017-02-03;7377000;microempresarial
femenino;comercio;restaurante;santa cruz;1;2;2017-05-09;7000000;microempresarial
femenino;comercio;variedades;santa cruz;2;2;2018-08-01;6000000;microempresarial
femenino;industria;fabrica de;santa cruz;2;2;2016-08-31;6000000;microempresarial
femenino;industria;fabrica de;santa cruz;2;2;2018-07-04;7800000;microempresarial
femenino;servicio;mensajeria;santa cruz;2;2;2019-04-23;6000000;microempresarial
masculino;industria;fabrica de;santa cruz;1;2;2018-03-06;4000000;microempresarial
masculino;comercio;almacen de ropa en;santa cruz;2;2;2018-08-02;5000000;microempresarial
femenino;comercio;variedades;santa cruz;2;2;2017-08-31;3000000;microempresarial
masculino;industria;fabrica de;santa cruz;2;2;2018-06-22;7800000;microempresarial
masculino;servicio;mantenimiento en;santa cruz;2;2;2018-10-29;7000000;microempresarial
femenino;servicio;jardineria;santa cruz;2;2;2017-06-12;7377000;microempresarial
femenino;comercio;tienda;santa cruz;2;2;2017-05-22;7000000;microempresarial
masculino;industria;fabrica de;santa cruz;2;2;2018-11-20;7800000;microempresarial
femenino;industria;fabrica de;santa cruz;2;2;2016-11-01;6890000;microempresarial
femenino;comercio;tienda;santa cruz;2;2;2019-04-08;6000000;microempresarial
femenino;servicio;tienda;santa cruz;2;2;2017-09-04;5000000;microempresarial
femenino;comercio;tienda;santa cruz;2;2;2016-08-08;3500000;microempresarial
femenino;comercio;variedades;santa cruz;2;2;2017-02-21;7300000;microempresarial
femenino;comercio;variedades;santa cruz;2;2;2017-05-23;7000000;microempresarial
femenino;industria;fabrica de;santa cruz;2;2;2017-01-06;5000000;microempresarial
masculino;industria;cerrajeria;santa cruz;2;2;2018-03-21;7800000;microempresarial
femenino;comercio;papeleria;santa cruz;2;2;2017-07-25;5000000;microempresarial
femenino;industria;fabrica de;santa cruz;2;2;2018-09-14;4500000;microempresarial
masculino;industria;fabrica de;santa cruz;2;2;2016-06-13;6000000;microempresarial
femenino;comercio;almacen de ropa en;santa cruz;2;2;2018-08-03;4500000;microempresarial
femenino;comercio;comidas rapidas;santa cruz;2;2;2016-12-07;4000000;microempresarial
femenino;industria;fabrica de alimentos;santa cruz;2;2;2016-06-03;4000000;microempresarial
femenino;comercio;almacen de ropa en;santa cruz;2;2;2018-01-22;7800000;microempresarial
femenino;servicio;peluqueria;santa cruz;1;2;2019-05-09;2500000;microempresarial
masculino;comercio;variedades;santa cruz;2;2;2018-03-13;2000000;microempresarial
masculino;comercio;almacen de ropa en;santa cruz;2;2;2018-06-07;7800000;microempresarial
masculino;servicio;mantenimiento en;santa cruz;2;2;2019-06-28;5000000;microempresarial
femenino;servicio;peluqueria;santa cruz;2;2;2018-03-20;7800000;microempresarial
masculino;comercio;panaderia;santa cruz;2;2;2018-10-24;7000000;microempresarial
femenino;comercio;almacen de ropa en;santa cruz;2;2;2017-12-12;6500000;microempresarial
masculino;comercio;variedades;santa cruz;2;2;2017-04-19;7370000;microempresarial
femenino;comercio;variedades;santa cruz;2;2;2016-04-08;4136000;microempresarial
femenino;servicio;variedades;santa cruz;2;2;2017-10-26;7300000;microempresarial
femenino;comercio;miscelanea;santa cruz;2;2;2018-04-25;7800000;microempresarial
femenino;comercio;fabrica de;santa cruz;2;2;2018-06-21;6000000;microempresarial
femenino;industria;fabrica de;santa cruz;2;2;2016-12-06;6800000;microempresarial
masculino;comercio;variedades;santa cruz;3;2;2018-05-04;7800000;microempresarial
femenino;comercio;restaurante;santa cruz;2;2;2016-12-01;6890000;microempresarial
femenino;comercio;tienda;santa cruz;1;16;2019-04-22;4500000;microempresarial
femenino;comercio;productos de belleza;santa cruz;2;2;2018-10-31;7000000;microempresarial
masculino;comercio;comidas rapidas;santa cruz;2;2;2018-09-24;5000000;microempresarial
masculino;industria;fabrica de;santa cruz;1;2;2016-12-13;6890000;microempresarial
femenino;industria;fabrica de;santa cruz;2;4;2019-03-27;3000000;microempresarial
femenino;servicio;servicios;santa cruz;3;8;2018-05-07;3000000;microempresarial
masculino;comercio;variedades;santa cruz;3;8;2018-04-26;7800000;microempresarial
femenino;comercio;tienda;santa cruz;2;8;2018-05-31;5000000;microempresarial
masculino;servicio;variedades;santa cruz;3;8;2017-10-31;5000000;microempresarial
masculino;servicio;variedades;santa cruz;3;8;2017-12-12;3000000;microempresarial
femenino;comercio;almacen de ropa en;santa cruz;3;8;2016-11-16;6800000;microempresarial
femenino;comercio;tienda;santa cruz;2;8;2016-06-27;4000000;microempresarial
femenino;industria;fabrica de;santa cruz;2;8;2017-05-05;6000000;microempresarial
femenino;comercio;tienda;santa cruz;2;8;2017-12-20;5000000;microempresarial
femenino;comercio;fabrica de;santa cruz;2;8;2018-02-19;7000000;microempresarial
femenino;industria;fabrica de;santa cruz;2;8;2016-08-25;3000000;microempresarial
femenino;comercio;almacen de ropa en;santa cruz;2;8;2016-08-19;6800000;microempresarial
femenino;comercio;tienda;santa cruz;2;8;2017-11-24;7370000;microempresarial
femenino;servicio;fabrica de;santa cruz;2;8;2017-06-08;6000000;microempresarial
femenino;comercio;tienda;santa cruz;2;8;2018-10-31;7000000;microempresarial
femenino;servicio;peluqueria;santa cruz;2;8;2018-10-25;5000000;microempresarial
masculino;comercio;variedades;santa cruz;2;8;2018-04-25;5000000;microempresarial
femenino;servicio;tienda;santa cruz;2;8;2016-10-07;5000000;microempresarial
femenino;comercio;comidas rapidas;santa cruz;2;8;2018-05-22;7812000;microempresarial
femenino;comercio;variedades;santa cruz;1;8;2018-07-19;7800000;microempresarial
femenino;comercio;variedades;santa cruz;2;8;2019-05-24;8281000;microempresarial
femenino;comercio;tienda de helados;santa cruz;2;8;2018-12-14;4000000;microempresarial
femenino;industria;fabrica de;santo domingo savio;2;8;2018-05-31;7800000;microempresarial
femenino;comercio;comidas rapidas;santo domingo savio;2;8;2018-04-20;2000000;microempresarial
femenino;industria;fabrica de;santo domingo savio;2;8;2018-08-02;5200000;microempresarial
masculino;comercio;legumbreria;santo domingo savio;1;8;2016-09-23;6890000;microempresarial
masculino;comercio;tienda;santo domingo savio;2;8;2018-06-27;7800000;microempresarial
femenino;comercio;tienda;santo domingo savio;3;60;2018-02-28;7800000;microempresarial
femenino;industria;fabrica de;santo domingo savio;2;60;2017-04-26;7000000;microempresarial
femenino;comercio;distribuidora de;santo domingo savio;2;60;2018-01-17;19500000;microempresarial
masculino;servicio;barberia;santo domingo savio;1;60;2018-08-24;7800000;microempresarial
femenino;comercio;almacen de ropa en;santo domingo savio;1;60;2018-07-17;6000000;microempresarial
masculino;comercio;ebanistaria;santo domingo savio;2;60;2017-08-11;5000000;microempresarial
femenino;industria;fabrica de;santo domingo savio;3;60;2018-05-30;7800000;microempresarial
masculino;comercio;venta de calzado;santo domingo savio;2;60;2019-06-11;8200000;microempresarial
femenino;servicio;peluqueria;santo domingo savio;2;60;2018-04-30;6000000;microempresarial
femenino;comercio;fabrica de;santo domingo savio;2;60;2018-06-08;6000000;microempresarial
femenino;servicio;productos de mar;santo domingo savio;2;60;2018-10-11;7800000;microempresarial
femenino;comercio;variedades;santo domingo savio;2;60;2016-06-15;5000000;microempresarial
femenino;comercio;almacen de ropa en;santo domingo savio;2;60;2018-06-06;5000000;microempresarial
femenino;comercio;papeleria;santo domingo savio;2;60;2017-09-26;7370000;microempresarial
femenino;industria;fabrica de;santo domingo savio;2;60;2018-12-13;7800000;microempresarial
masculino;servicio;lavadero de;santo domingo savio;2;60;2017-09-06;7300000;microempresarial
femenino;servicio;papeleria;santo domingo savio;2;60;2016-07-25;5500000;microempresarial
masculino;comercio;comidas rapidas;santo domingo savio;2;60;2018-03-21;4000000;microempresarial
femenino;comercio;almacen de ropa en;santo domingo savio;2;60;2016-08-24;3000000;microempresarial
femenino;comercio;restaurante;santo domingo savio;1;60;2019-02-14;4000000;microempresarial
masculino;comercio;recreativo educativo;santo domingo savio;2;60;2018-12-19;3000000;microempresarial
femenino;industria;fabrica de;santo domingo savio;2;60;2016-12-16;6890000;microempresarial
femenino;comercio;variedades;santo domingo savio;3;8;2018-02-13;7800000;microempresarial
masculino;servicio;barberia;santo domingo savio;3;8;2018-05-11;5000000;microempresarial
femenino;comercio;fabrica de;santo domingo savio;2;9;2018-05-10;7800000;microempresarial
femenino;servicio;barberia;santo domingo savio;3;9;2016-08-04;5000000;microempresarial
masculino;comercio;legumbreria;santo domingo savio;1;9;2017-10-30;7000000;microempresarial
masculino;servicio;mantenimiento en;santo domingo savio;2;9;2017-11-01;7000000;microempresarial
masculino;comercio;recreativo educativo;santo domingo savio;2;9;2016-09-06;6000000;microempresarial
femenino;comercio;tienda;santo domingo savio;3;9;2018-02-14;7800000;microempresarial
masculino;comercio;tienda;santo domingo savio;3;9;2017-10-25;7370000;microempresarial
masculino;agropecuaria;sembrados;santo domingo savio;2;9;2016-09-06;6890000;microempresarial
femenino;comercio;variedades;santo domingo savio;3;9;2017-08-28;7000000;microempresarial
femenino;comercio;variedades;santo domingo savio;3;9;2018-01-05;7377000;microempresarial
masculino;comercio;comidas rapidas;santo domingo savio;2;9;2016-05-23;6890000;microempresarial
masculino;industria;fabrica de calzado;santo domingo savio;3;9;2019-01-15;8281000;microempresarial
masculino;industria;fabrica de productos;santo domingo savio;3;9;2017-08-29;7377000;microempresarial
femenino;industria;fabrica de;santo domingo savio;3;9;2018-09-14;7500000;microempresarial
masculino;comercio;fabrica de;santo domingo savio;3;9;2018-08-22;7000000;microempresarial
femenino;comercio;variedades;santo domingo savio;3;9;2018-04-24;1000000;microempresarial
femenino;industria;fabrica de;santo domingo savio;3;9;2019-02-08;8281000;microempresarial
femenino;industria;fabrica de;santo domingo savio;3;9;2018-07-10;5000000;microempresarial
masculino;servicio;carniceria;santo domingo savio;2;9;2017-09-14;7000000;microempresarial
femenino;comercio;tienda;santo domingo savio;3;9;2018-04-13;5000000;microempresarial
masculino;comercio;tienda de helados;santo domingo savio;3;9;2018-07-13;4500000;microempresarial
masculino;comercio;variedades;santo domingo savio;1;9;2017-09-07;8000000;microempresarial
femenino;comercio;variedades;santo domingo savio;3;9;2016-12-28;6890000;microempresarial
masculino;comercio;comidas rapidas;santo domingo savio;2;9;2018-04-23;3500000;microempresarial
femenino;servicio;tienda;santo domingo savio;3;9;2017-06-30;5000000;microempresarial
masculino;comercio;fabrica de calzado;santo domingo savio;2;9;2019-04-09;8000000;microempresarial
masculino;servicio;comidas rapidas;santo domingo savio;3;9;2017-05-26;7000000;microempresarial
femenino;servicio;comidas rapidas;santo domingo savio;3;9;2016-07-12;6890000;microempresarial
femenino;comercio;distribuidora de;santo domingo savio;3;9;2019-06-07;7000000;microempresarial
masculino;servicio;tienda;santo domingo savio;2;9;2016-08-12;28267614;empresarial ed.
femenino;servicio;variedades;santo domingo savio;3;9;2018-02-21;7800000;microempresarial
masculino;industria;fabrica de;santo domingo savio;3;9;2018-10-11;7800000;microempresarial
femenino;comercio;comidas rapidas;santo domingo savio;3;9;2018-05-11;1200000;microempresarial
femenino;servicio;peluqueria;santo domingo savio;3;9;2017-03-09;7377000;microempresarial
masculino;comercio;variedades;santo domingo savio;3;9;2018-07-13;5000000;microempresarial
femenino;industria;fabrica de;santo domingo savio;2;9;2018-02-27;7800000;microempresarial
femenino;comercio;distribuidora de;santo domingo savio;3;9;2016-10-20;6890000;microempresarial
femenino;comercio;almacen de ropa en;santo domingo savio;2;9;2017-09-13;5000000;microempresarial
masculino;comercio;comidas rapidas;santo domingo savio;2;9;2018-05-22;2500000;microempresarial
femenino;comercio;variedades;santo domingo savio;3;9;2017-10-23;7000000;microempresarial
masculino;comercio;panaderia;santo domingo savio;2;9;2018-11-06;7000000;microempresarial
femenino;comercio;tienda;santo domingo savio;3;9;2016-07-14;6890000;microempresarial
masculino;servicio;fabrica de;santo domingo savio;2;9;2017-02-08;7377000;microempresarial
femenino;industria;fabrica de;santo domingo savio;3;9;2016-11-23;4500000;microempresarial
femenino;comercio;papeleria;santo domingo savio;3;9;2016-07-08;3000000;microempresarial
femenino;comercio;tienda;santo domingo savio;3;9;2018-11-02;6000000;microempresarial
femenino;comercio;papeleria;santo domingo savio;3;9;2016-11-08;5600000;microempresarial
masculino;comercio;cafe e internet;santo domingo savio;3;9;2019-05-20;8200000;microempresarial
masculino;industria;ebanistaria;santo domingo savio;3;9;2017-09-19;7000000;microempresarial
masculino;servicio;mantenimiento en;santo domingo savio;2;9;2016-08-22;5000000;microempresarial
masculino;servicio;mantenimiento en;santo domingo savio;2;9;2018-05-16;7000000;microempresarial
femenino;comercio;variedades;santo domingo savio;3;9;2016-10-31;6800000;microempresarial
femenino;industria;fabrica de;santo domingo savio;3;9;2018-02-21;4000000;microempresarial
masculino;servicio;peluqueria;santo domingo savio;2;9;2016-08-29;5600000;microempresarial
masculino;comercio;charcuteria;santo domingo savio;2;9;2018-07-11;1000000;microempresarial
masculino;comercio;variedades;santo domingo savio;2;9;2016-08-05;5000000;microempresarial
femenino;industria;fabrica de;santo domingo savio;3;9;2017-07-17;7300000;microempresarial
masculino;comercio;variedades;santo domingo savio;2;9;2017-08-10;7000000;microempresarial
masculino;comercio;variedades;santo domingo savio;2;9;2016-12-13;68900000;microempresarial
femenino;comercio;tienda;santo domingo savio;2;9;2018-03-07;2500000;microempresarial
femenino;servicio;peluqueria;santo domingo savio;2;9;2017-11-07;4300000;microempresarial
femenino;industria;fabrica de;santo domingo savio;2;9;2019-01-22;7500000;microempresarial
femenino;comercio;tienda;santo domingo savio;2;9;2018-09-20;3000000;microempresarial
masculino;comercio;tienda;santo domingo savio;3;9;2016-03-03;1500000;microempresarial
femenino;industria;fabrica de;santo domingo savio;3;9;2016-09-22;6890000;microempresarial
femenino;comercio;tienda;santo domingo savio;2;9;2017-06-20;7377000;microempresarial
femenino;comercio;distribuidora de;santo domingo savio;2;9;2018-04-04;7800000;microempresarial
masculino;industria;fabrica de;santo domingo savio;2;9;2018-02-06;7000000;microempresarial
femenino;servicio;peluqueria;santo domingo savio;3;9;2018-06-20;7500000;microempresarial
femenino;servicio;peluqueria;santo domingo savio;2;9;2018-04-04;3500000;microempresarial
femenino;comercio;variedades;santo domingo savio;2;9;2017-11-02;1550000;microempresarial
femenino;industria;fabrica de;santo domingo savio;3;9;2019-05-15;7000000;microempresarial
femenino;industria;fabrica de;santo domingo savio;2;9;2016-11-15;6890000;microempresarial
masculino;servicio;organización y;santo domingo savio;3;9;2018-05-09;4500000;microempresarial
masculino;comercio;charcuteria;santo domingo savio;3;60;2017-03-24;7370000;microempresarial
masculino;comercio;tienda;santo domingo savio;2;9;2018-05-21;7000000;microempresarial
femenino;servicio;restaurante;santo domingo savio;2;9;2016-10-12;5000000;microempresarial
femenino;comercio;cafeteria;santo domingo savio;3;9;2017-06-30;3000000;microempresarial
femenino;servicio;peluqueria;santo domingo savio;3;9;2017-02-17;5000000;microempresarial
masculino;comercio;variedades;santo domingo savio;2;9;2018-07-06;6000000;microempresarial
femenino;industria;fabrica de;santo domingo savio;2;9;2017-03-08;5000000;microempresarial
femenino;comercio;variedades;santo domingo savio;3;9;2017-03-01;7000000;microempresarial
masculino;industria;fabrica de;santo domingo savio;2;9;2018-06-27;7800000;microempresarial
masculino;servicio;peluqueria;santo domingo savio;2;9;2018-05-15;5000000;microempresarial
femenino;comercio;restaurante;santo domingo savio;2;9;2019-02-27;8200000;microempresarial
masculino;servicio;marroquineria;santo domingo savio;2;9;2017-01-26;737717;microempresarial
femenino;comercio;papeleria;santo domingo savio;2;9;2018-10-29;7800000;microempresarial
femenino;comercio;variedades;santo domingo savio;3;9;2018-08-01;7000000;microempresarial
femenino;industria;fabrica de;santo domingo savio;2;9;2019-05-16;8000000;microempresarial
masculino;servicio;cafe e internet;santo domingo savio;2;2;2018-02-05;5000000;microempresarial
femenino;servicio;publicidad y;santo domingo savio;3;9;2018-07-10;3000000;microempresarial
femenino;comercio;joyeria;santo domingo savio;3;9;2018-03-06;3000000;microempresarial
femenino;servicio;peluqueria;santo domingo savio;2;9;2017-04-21;4000000;microempresarial
masculino;servicio;publicidad y;santo domingo savio;3;9;2018-02-02;7800000;microempresarial
masculino;comercio;tienda;santo domingo savio;3;9;2017-05-19;7370000;microempresarial
masculino;comercio;tienda;santo domingo savio;3;9;2018-02-20;5000000;microempresarial
femenino;servicio;peluqueria;santo domingo savio;3;9;2018-02-01;7000000;microempresarial
femenino;industria;fabrica de;santo domingo savio;2;9;2016-02-15;2500000;microempresarial
femenino;industria;fabrica de;santo domingo savio;3;9;2018-02-21;7800000;microempresarial
masculino;comercio;tienda;santo domingo savio;2;9;2019-05-07;8200000;microempresarial
femenino;comercio;variedades;santo domingo savio;2;9;2018-06-06;7800000;microempresarial
femenino;comercio;tienda;santo domingo savio;3;9;2017-06-02;5000000;microempresarial
femenino;industria;fabrica de;santo domingo savio;2;9;2019-01-31;5000000;microempresarial
femenino;servicio;comidas rapidas;santo domingo savio;3;9;2018-02-01;1500000;microempresarial
femenino;industria;fabrica de;santo domingo savio;2;9;2018-02-06;7000000;microempresarial
femenino;comercio;distribuidora de;santo domingo savio;3;9;2018-08-13;7377170;microempresarial
femenino;comercio;variedades;santo domingo savio;2;9;2018-06-13;7800000;microempresarial
femenino;comercio;tienda;santo domingo savio;2;9;2017-11-10;43000;microempresarial
femenino;servicio;peluqueria;santo domingo savio;3;9;2018-05-18;7800000;microempresarial
masculino;comercio;tienda;santo domingo savio;2;9;2016-09-05;6890000;microempresarial
femenino;comercio;variedades;santo domingo savio;1;9;2018-03-13;7300000;microempresarial
femenino;comercio;almacen de ropa en;santo domingo savio;3;9;2018-05-08;5000000;microempresarial
masculino;comercio;fabrica de alimentos;santo domingo savio;2;9;2018-11-19;5000000;microempresarial
femenino;industria;fabrica de;santo domingo savio;3;9;2019-01-22;5500000;microempresarial
femenino;industria;fabrica de;santo domingo savio;3;9;2017-05-16;4000000;microempresarial
femenino;industria;fabrica de;santo domingo savio;3;9;2016-12-20;4500000;microempresarial
femenino;comercio;variedades;santo domingo savio;3;9;2016-08-22;6890000;microempresarial
masculino;servicio;miscelanea;santo domingo savio;1;9;2016-07-22;6890000;microempresarial
femenino;industria;fabrica de;santo domingo savio;3;8;2018-11-19;7800000;microempresarial
femenino;comercio;variedades;santo domingo savio;2;9;2017-05-18;7377000;microempresarial
femenino;servicio;peluqueria;santo domingo savio;2;9;2018-10-11;4000000;microempresarial
femenino;comercio;fabrica de alimentos;santo domingo savio;2;9;2018-04-04;7800000;microempresarial
masculino;industria;cerrajeria;santo domingo savio;2;9;2018-05-18;2500000;microempresarial
masculino;comercio;variedades;santo domingo savio;3;9;2018-03-09;5000000;microempresarial
masculino;comercio;tienda;santo domingo savio;3;9;2018-05-11;4000000;microempresarial
masculino;servicio;fabrica de calzado;santo domingo savio;2;9;2017-06-16;1200000;microempresarial
femenino;industria;fabrica de;santo domingo savio;2;9;2018-03-16;3500000;microempresarial
masculino;comercio;almacen de ropa en;santo domingo savio;3;9;2016-09-28;6890000;microempresarial
masculino;comercio;fotografia;santo domingo savio;2;9;2017-07-05;7377000;microempresarial
femenino;servicio;variedades;santo domingo savio;2;9;2019-03-26;8000000;microempresarial
femenino;industria;fabrica de calzado;santo domingo savio;2;9;2017-09-27;3000000;microempresarial
femenino;industria;fabrica de;santo domingo savio;3;9;2019-05-28;8200000;microempresarial
femenino;comercio;cafe e internet;santo domingo savio;2;9;2017-02-06;7370000;microempresarial
femenino;comercio;fabrica de alimentos;santo domingo savio;2;9;2018-04-03;2200000;microempresarial
femenino;industria;fabrica de;santo domingo savio;3;9;2017-07-10;7000000;microempresarial
femenino;comercio;comidas rapidas;santo domingo savio;3;9;2018-04-10;1000000;microempresarial
femenino;comercio;tienda;santo domingo savio;3;9;2017-11-30;3000000;microempresarial
femenino;industria;fabrica de;santo domingo savio;3;9;2019-02-15;8200000;microempresarial
masculino;comercio;almacen de ropa en;santo domingo savio;3;9;2018-11-02;7800000;microempresarial
masculino;comercio;almacen de ropa en;santo domingo savio;3;9;2016-06-28;6890000;microempresarial
femenino;comercio;charcuteria;santo domingo savio;2;9;2017-06-29;7377000;microempresarial
femenino;industria;fabrica de;santo domingo savio;3;9;2016-09-08;6890000;microempresarial
masculino;comercio;distribuidora de;santo domingo savio;3;9;2017-11-01;7377000;microempresarial
femenino;industria;fabrica de;santo domingo savio;3;9;2017-02-02;7377000;microempresarial
femenino;servicio;peluqueria;santo domingo savio;2;9;2018-11-07;4000000;microempresarial
masculino;comercio;productos de mar;santo domingo savio;2;9;2018-04-23;1400000;microempresarial
femenino;comercio;almacen de ropa en;santo domingo savio;2;9;2018-11-09;3000000;microempresarial
masculino;comercio;restaurante;santo domingo savio;2;9;2018-08-06;7800000;microempresarial
masculino;comercio;restaurante;santo domingo savio;3;9;2017-05-24;7377000;microempresarial
femenino;comercio;variedades;santo domingo savio;2;9;2016-08-10;4000000;microempresarial
masculino;servicio;mantenimiento en;santo domingo savio;3;9;2019-03-05;8000000;microempresarial
masculino;comercio;comidas rapidas;santo domingo savio;2;9;2017-10-11;4000000;microempresarial
masculino;industria;fabrica de calzado;santo domingo savio;3;9;2017-05-19;7000000;microempresarial
femenino;comercio;restaurante;santo domingo savio;3;9;2018-03-02;4000000;microempresarial
femenino;comercio;variedades;santo domingo savio;3;9;2019-06-26;8200000;microempresarial
masculino;servicio;variedades;santo domingo savio;2;9;2018-05-18;7800000;microempresarial
masculino;industria;montallantas;santo domingo savio;3;9;2017-10-05;6800000;microempresarial
masculino;comercio;variedades;santo domingo savio;2;9;2017-08-30;5000000;microempresarial
femenino;servicio;fabrica de;santo domingo savio;3;9;2016-09-06;6890000;microempresarial
femenino;servicio;fabrica de;santo domingo savio;3;9;2018-08-30;6000000;microempresarial
masculino;comercio;variedades;santo domingo savio;3;9;2017-07-04;7377000;microempresarial
femenino;comercio;almacen de ropa en;santo domingo savio;3;9;2019-02-12;8281000;microempresarial
femenino;servicio;peluqueria;santo domingo savio;2;9;2018-03-12;7800000;microempresarial
femenino;comercio;distribuidora de;santo domingo savio;3;9;2017-08-25;7320000;microempresarial
femenino;industria;fabrica de;santo domingo savio;3;9;2017-06-05;1000000;microempresarial
femenino;comercio;tienda de helados;santo domingo savio;2;9;2017-09-28;3000000;microempresarial
femenino;comercio;tienda;santo domingo savio;3;9;2017-07-18;7300000;microempresarial
masculino;industria;fabrica de;santo domingo savio;3;9;2018-08-08;4000000;microempresarial
femenino;comercio;variedades;santo domingo savio;3;13;2016-12-07;6800000;microempresarial
masculino;comercio;variedades;santo domingo savio;2;9;2018-06-12;7300000;microempresarial
femenino;comercio;panaderia;santo domingo savio;3;9;2018-07-19;7800000;microempresarial
femenino;comercio;comidas rapidas;santo domingo savio;2;9;2018-02-07;1500000;microempresarial
femenino;servicio;variedades;santo domingo savio;3;9;2017-03-03;7377000;microempresarial
masculino;comercio;fabrica de;santo domingo savio;3;9;2016-10-06;6500000;microempresarial
masculino;comercio;cafe e internet;santo domingo savio;2;80;2016-08-25;4000000;microempresarial
femenino;industria;fabrica de;santo domingo savio;2;80;2017-05-26;7377000;microempresarial
femenino;industria;fabrica de;santo domingo savio;2;16;2018-06-22;2500000;microempresarial
femenino;comercio;comidas rapidas;santo domingo savio;2;16;2018-06-22;7000000;microempresarial
masculino;servicio;barberia;santo domingo savio;3;13;2019-05-28;8000000;microempresarial
femenino;industria;fabrica de;santo domingo savio;1;13;2017-05-18;7300000;microempresarial
femenino;comercio;almacen de ropa en;santo domingo savio;3;13;2017-07-10;7000000;microempresarial
masculino;industria;fabrica de;santo domingo savio;2;13;2018-09-03;6000000;microempresarial
femenino;comercio;distribuidora de;santo domingo savio;3;13;2018-08-16;1500000;microempresarial
masculino;comercio;taller de mecanica;santo domingo savio;3;13;2016-10-18;6400000;microempresarial
femenino;comercio;tienda;santo domingo savio;3;13;2017-06-13;7300000;microempresarial
femenino;comercio;panaderia;santo domingo savio;1;13;2019-01-18;7800000;microempresarial
femenino;servicio;cafe e internet;santo domingo savio;2;13;2016-06-29;6000000;microempresarial
femenino;comercio;variedades;santo domingo savio;3;13;2018-07-04;4000000;microempresarial
masculino;comercio;drogueria;santo domingo savio;2;13;2017-06-09;7000000;microempresarial
femenino;agropecuaria;criadero de animales;santo domingo savio;1;13;2016-10-11;4000000;microempresarial
masculino;industria;fabrica de;santo domingo savio;3;13;2016-12-07;5000000;microempresarial
femenino;comercio;comidas rapidas;santo domingo savio;2;13;2018-11-15;6000000;microempresarial
masculino;servicio;variedades;santo domingo savio;3;13;2017-03-06;7000000;microempresarial
femenino;comercio;legumbreria;santo domingo savio;2;13;2016-11-23;3000000;microempresarial
masculino;servicio;mantenimiento en;santo domingo savio;3;13;2018-05-21;6000000;microempresarial
femenino;servicio;cafe e internet;santo domingo savio;1;13;2016-02-15;6800000;microempresarial
masculino;industria;fabrica de;santo domingo savio;3;13;2018-11-06;4000000;microempresarial
femenino;comercio;comidas rapidas;santo domingo savio;3;13;2017-04-20;7377000;microempresarial
femenino;comercio;almacen de ropa en;santo domingo savio;3;13;2018-03-13;7800000;microempresarial
masculino;comercio;comidas rapidas;santo domingo savio;3;13;2018-03-06;5000000;microempresarial
femenino;comercio;carniceria;santo domingo savio;3;13;2017-03-21;7300000;microempresarial
femenino;industria;fabrica de;santo domingo savio;3;13;2017-10-13;7377000;microempresarial
femenino;comercio;comidas rapidas;santo domingo savio;2;13;2018-05-24;7000000;microempresarial
femenino;comercio;tienda;santo domingo savio;2;13;2017-09-13;4400000;credioportuno
masculino;servicio;comidas rapidas;santo domingo savio;2;13;2016-09-26;6000000;microempresarial
femenino;comercio;almacen de ropa en;santo domingo savio;2;13;2016-09-20;6000000;microempresarial
femenino;comercio;variedades;santo domingo savio;3;13;2017-09-13;4400000;credioportuno
femenino;comercio;tienda;santo domingo savio;3;13;2016-10-06;4136000;microempresarial
femenino;comercio;variedades;santo domingo savio;2;13;2017-07-10;7370000;microempresarial
masculino;servicio;fotografia;santo domingo savio;3;13;2017-10-02;4200000;microempresarial
masculino;servicio;hoteles moteles;santo domingo savio;3;13;2017-05-04;7300000;microempresarial
masculino;comercio;variedades;santo domingo savio;2;3;2018-10-24;7000000;microempresarial
femenino;comercio;cafeteria;santo domingo savio;2;3;2019-04-05;8281000;microempresarial
femenino;comercio;tienda;santo domingo savio;2;3;2019-06-11;8000000;microempresarial
femenino;industria;fabrica de;santo domingo savio;2;3;2017-04-17;2000000;microempresarial
masculino;comercio;almacen de ropa en;santo domingo savio;1;3;2018-03-06;7800000;microempresarial
femenino;comercio;tienda naturista;santo domingo savio;1;8;2018-02-16;7000000;microempresarial
femenino;servicio;papeleria;santo domingo savio;2;8;2019-05-03;5250000;microempresarial
femenino;comercio;cafeteria;santo domingo savio;1;8;2017-11-16;4400000;microempresarial
femenino;comercio;comidas rapidas;santo domingo savio;1;8;2018-07-25;2000000;microempresarial
femenino;comercio;productos de belleza;santo domingo savio;1;8;2019-01-21;1500000;microempresarial
femenino;comercio;restaurante;santo domingo savio;1;8;2017-10-18;2500000;microempresarial
femenino;servicio;variedades;santo domingo savio;1;8;2019-01-09;1800000;microempresarial
femenino;comercio;variedades;santo domingo savio;2;8;2017-07-06;7000000;microempresarial
femenino;comercio;tienda;santo domingo savio;1;8;2017-08-04;3500000;microempresarial
femenino;servicio;variedades;santo domingo savio;1;8;2017-11-20;4400000;microempresarial
femenino;servicio;productos de belleza;cabecera san antonio;1;8;2018-05-11;7800000;microempresarial
femenino;servicio;fabrica de;cabecera san antonio;2;8;2018-12-28;7800000;microempresarial
femenino;industria;fabrica de;cabecera san antonio;1;8;2018-11-28;800000;microempresarial
femenino;comercio;tienda;cabecera san antonio;1;8;2018-10-18;4000000;microempresarial
femenino;comercio;variedades;cabecera san antonio;1;8;2019-06-05;8000000;microempresarial
femenino;servicio;variedades;cabecera san antonio;1;8;2017-10-19;7370000;microempresarial
femenino;comercio;miscelanea;cabecera san antonio;2;8;2018-07-26;7800000;microempresarial
femenino;agropecuaria;criadero de animales;cabecera san antonio;2;50;2017-04-24;7300000;microempresarial
femenino;comercio;variedades;cabecera san antonio;3;5;2019-02-11;8281000;microempresarial
femenino;industria;fabrica de;cabecera san antonio;3;5;2017-11-07;7370000;microempresarial
femenino;industria;cerrajeria;cabecera san antonio;3;5;2017-05-09;5000000;microempresarial
masculino;comercio;tienda;cabecera san antonio;3;5;2018-01-15;6000000;microempresarial
femenino;comercio;almacen de ropa en;cabecera san antonio;3;5;2017-05-15;6000000;microempresarial
femenino;comercio;almacen de ropa en;cabecera san antonio;3;5;2017-01-27;6000000;microempresarial
femenino;comercio;productos de belleza;cabecera san antonio;3;5;2019-05-20;3000000;microempresarial
femenino;comercio;tienda;cabecera san antonio;3;5;2018-03-21;5500000;microempresarial
femenino;servicio;comidas rapidas;cabecera san antonio;2;4;2016-07-12;6890000;microempresarial
femenino;industria;fabrica de;cabecera san antonio;2;4;2018-03-06;3000000;microempresarial
masculino;comercio;legumbreria;cabecera san antonio;2;3;2019-02-18;8281160;microempresarial
masculino;industria;carpinteria;cabecera san antonio;2;3;2018-08-27;5000000;microempresarial
masculino;comercio;comidas rapidas;cabecera san antonio;2;3;2018-06-22;6000000;microempresarial
masculino;industria;panaderia;cabecera san antonio;1;13;2016-12-19;1000000;microempresarial
masculino;servicio;peluqueria;cabecera san antonio;2;10;2017-10-30;7300000;microempresarial
femenino;industria;fabrica de repuestos;cabecera san antonio;3;7;2017-09-20;3000000;microempresarial
femenino;comercio;almacen de ropa en;cabecera san antonio;3;10;2017-10-05;7000000;microempresarial
masculino;industria;panaderia;cabecera san antonio;3;10;2017-11-07;4300000;microempresarial
masculino;comercio;venta de calzado;cabecera san antonio;1;10;2016-11-17;1500000;microempresarial
masculino;comercio;drogueria;cabecera san antonio;3;10;2018-05-28;6000000;microempresarial
masculino;comercio;variedades;cabecera san antonio;3;10;2018-05-11;1500000;microempresarial
femenino;servicio;mantenimiento en;cabecera san antonio;3;10;2018-09-21;7800000;microempresarial
masculino;industria;fabrica de;cabecera san antonio;3;10;2017-11-30;1500000;microempresarial
femenino;industria;fabrica de;cabecera san antonio;2;10;2018-07-12;7800000;microempresarial
femenino;industria;fabrica de;cabecera san antonio;3;90;2017-11-07;3000000;microempresarial
femenino;servicio;peluqueria;cabecera san antonio;3;10;2018-01-25;4400000;microempresarial
femenino;comercio;comidas rapidas;cabecera san antonio;3;10;2018-07-12;7000000;microempresarial
masculino;comercio;tienda;cabecera san antonio;3;10;2018-04-26;7000000;microempresarial
femenino;comercio;variedades;cabecera san antonio;3;10;2018-12-18;7000000;microempresarial
femenino;industria;fabrica de;cabecera san antonio;2;10;2016-11-22;3000000;microempresarial
masculino;comercio;fabrica de alimentos;cabecera san antonio;3;10;2018-10-18;2000000;microempresarial
masculino;servicio;restaurante;cabecera san antonio;3;10;2017-07-07;7370000;microempresarial
femenino;industria;fabrica de calzado;cabecera san antonio;3;10;2019-01-09;8200000;microempresarial
masculino;comercio;tienda;cabecera san antonio;3;10;2018-05-11;3600000;microempresarial
masculino;comercio;papeleria;cabecera san antonio;3;90;2018-08-01;4000000;microempresarial
femenino;comercio;variedades;cabecera san antonio;2;90;2017-03-02;7000000;microempresarial
femenino;comercio;tienda;cabecera san antonio;3;10;2018-02-21;4400000;microempresarial
masculino;industria;fabrica de;cabecera san antonio;3;10;2018-06-07;7800000;microempresarial
femenino;comercio;variedades;cabecera san antonio;3;10;2016-11-30;5000000;microempresarial
femenino;comercio;cafeteria;cabecera san antonio;3;10;2017-06-29;5000000;microempresarial
femenino;comercio;tienda;cabecera san antonio;2;10;2016-07-14;6000000;microempresarial
masculino;servicio;mantenimiento en;cabecera san antonio;2;10;2017-07-26;7000000;microempresarial
masculino;industria;fabrica de;cabecera san antonio;3;90;2016-08-19;3500000;microempresarial
masculino;comercio;variedades;cabecera san antonio;3;10;2018-11-09;3000000;microempresarial
masculino;industria;reciclaje;cabecera san antonio;3;10;2018-05-31;6000000;microempresarial
femenino;comercio;variedades;cabecera san antonio;2;8;2018-05-22;4400000;microempresarial
masculino;servicio;variedades;cabecera san antonio;3;10;2019-02-18;8281000;microempresarial
masculino;comercio;variedades;cabecera san antonio;2;10;2017-11-17;4000000;microempresarial
femenino;comercio;restaurante;cabecera san antonio;3;10;2017-06-08;7300000;microempresarial
femenino;servicio;barberia;cabecera san antonio;3;10;2018-02-28;7000000;microempresarial
femenino;comercio;comidas rapidas;cabecera san antonio;3;10;2018-10-24;5000000;microempresarial
masculino;comercio;variedades;cabecera san antonio;2;90;2016-04-15;6890000;microempresarial
masculino;servicio;comidas rapidas;cabecera san antonio;3;10;2016-07-12;6000000;microempresarial
femenino;servicio;variedades;cabecera san antonio;2;10;2017-12-22;4400000;microempresarial
femenino;comercio;comidas rapidas;cabecera san antonio;2;10;2017-07-11;7000000;microempresarial
femenino;industria;fabrica de productos;cabecera san antonio;2;10;2016-04-22;6890000;microempresarial
femenino;comercio;comidas rapidas;cabecera san antonio;3;10;2018-11-06;4000000;microempresarial
femenino;comercio;comidas rapidas;cabecera san antonio;3;10;2018-04-23;800000;microempresarial
masculino;comercio;charcuteria;cabecera san antonio;2;16;2018-04-17;7800000;microempresarial
masculino;comercio;panaderia;cabecera san antonio;2;16;2019-02-04;2500000;microempresarial
femenino;servicio;restaurante;cabecera san antonio;2;16;2019-05-14;7000000;microempresarial
masculino;servicio;taller de mecanica;cabecera san antonio;2;16;2018-03-23;7800000;microempresarial
femenino;comercio;almacen de ropa en;cabecera san antonio;2;16;2017-01-17;6000000;microempresarial
femenino;industria;fabrica de;cabecera san antonio;2;16;2017-11-07;3000000;microempresarial
femenino;comercio;comidas rapidas;cabecera san antonio;2;16;2018-03-23;1500000;microempresarial
masculino;comercio;tienda;cabecera san antonio;1;8;2019-03-06;8000000;microempresarial
masculino;servicio;variedades;cabecera san antonio;3;11;2016-12-14;20000000;empresarial ed.
femenino;servicio;legumbreria;cabecera san antonio;3;11;2016-09-13;6890000;microempresarial
masculino;servicio;recreativo educativo;cabecera san antonio;1;8;2018-07-10;1000000;microempresarial
femenino;servicio;restaurante;cabecera san antonio;1;8;2016-10-03;4000000;microempresarial
masculino;comercio;variedades;cabecera san antonio;1;8;2018-03-15;2000000;microempresarial
femenino;comercio;variedades;cabecera san antonio;1;8;2018-03-23;7800000;microempresarial
femenino;comercio;tienda;cabecera san antonio;1;8;2016-04-05;6890000;microempresarial
femenino;comercio;almacen de ropa en;cabecera san antonio;2;8;2017-05-15;5000000;microempresarial
femenino;servicio;carniceria;cabecera san antonio;1;8;2017-10-18;5000000;microempresarial
masculino;comercio;charcuteria;cabecera san antonio;1;8;2016-04-05;4000000;microempresarial
masculino;comercio;tienda;cabecera san antonio;1;8;2018-06-27;4500000;microempresarial
femenino;servicio;peluqueria;cabecera san antonio;2;8;2017-09-01;4400000;microempresarial
femenino;industria;deposito de;cabecera san antonio;1;8;2017-02-06;7377000;microempresarial
femenino;servicio;tienda de helados;cabecera san antonio;1;8;2016-08-18;3000000;microempresarial
femenino;comercio;variedades;cabecera san antonio;1;8;2017-09-27;2000000;microempresarial
masculino;comercio;granero;cabecera san antonio;1;8;2017-04-26;4400000;microempresarial
femenino;industria;fabrica de;cabecera san antonio;1;8;2017-02-22;5000000;microempresarial
femenino;comercio;tienda;cabecera san antonio;1;8;2017-06-13;7000000;microempresarial
femenino;comercio;comidas rapidas;cabecera san antonio;1;8;2017-07-17;4000000;microempresarial
masculino;comercio;tienda;cabecera san antonio;1;8;2019-03-13;8280000;microempresarial
femenino;industria;fabrica de;cabecera san antonio;1;8;2017-02-09;4000000;microempresarial
femenino;servicio;tienda;cabecera san antonio;1;8;2016-06-15;3000000;microempresarial
femenino;comercio;tienda;cabecera san antonio;1;8;2016-10-05;6000000;microempresarial
femenino;comercio;comidas rapidas;cabecera san antonio;1;8;2018-03-05;4400000;microempresarial
femenino;servicio;restaurante;cabecera san antonio;1;8;2017-08-01;7377000;microempresarial
masculino;comercio;distribuidora de;cabecera san antonio;1;8;2018-08-17;3500000;microempresarial
femenino;comercio;variedades;cabecera san antonio;1;8;2018-11-15;2500000;microempresarial
masculino;servicio;variedades;cabecera san antonio;1;8;2018-10-03;6000000;microempresarial
femenino;comercio;variedades;cabecera san antonio;1;8;2016-03-08;6800000;microempresarial
femenino;comercio;tienda;cabecera san antonio;1;8;2018-08-06;4000000;microempresarial
femenino;comercio;tienda;cabecera san antonio;1;8;2018-06-18;5000000;microempresarial
femenino;comercio;almacen de ropa en;cabecera san antonio;1;8;2018-09-27;5000000;microempresarial
femenino;comercio;variedades;cabecera san antonio;1;8;2016-04-07;6890000;microempresarial
femenino;comercio;charcuteria;cabecera san antonio;1;8;2016-11-01;6890000;microempresarial
femenino;industria;fabrica de;cabecera san antonio;2;8;2017-06-30;7200000;microempresarial
femenino;comercio;comidas rapidas;cabecera san antonio;2;8;2016-08-19;6890000;microempresarial
masculino;industria;fabrica de alimentos;cabecera san antonio;2;8;2017-06-01;5000000;microempresarial
masculino;comercio;variedades;cabecera san antonio;1;8;2018-03-12;7800000;microempresarial
femenino;comercio;variedades;cabecera san antonio;2;8;2018-02-06;6000000;microempresarial
femenino;industria;fabrica de;cabecera san antonio;2;8;2016-09-15;6890000;microempresarial
femenino;comercio;comidas rapidas;cabecera san antonio;1;8;2017-03-23;5000000;microempresarial
femenino;industria;fabrica de;cabecera san antonio;3;10;2018-11-07;700000;microempresarial
femenino;servicio;peluqueria;cabecera san antonio;1;8;2017-08-11;7370000;microempresarial
femenino;comercio;miscelanea;cabecera san antonio;1;8;2017-05-17;7377000;microempresarial
femenino;servicio;sembrados;cabecera san antonio;2;8;2018-10-24;5000000;microempresarial
femenino;comercio;variedades;cabecera san antonio;1;8;2018-10-30;7800000;microempresarial
masculino;industria;fabrica de;cabecera san antonio;1;8;2018-06-08;7800000;microempresarial
femenino;industria;fabrica de;cabecera san antonio;1;8;2018-07-05;7800000;microempresarial
femenino;comercio;almacen de ropa en;cabecera san antonio;2;8;2018-01-31;6000000;microempresarial
femenino;industria;fabrica de;cabecera san antonio;2;16;2018-05-18;6500000;microempresarial
femenino;servicio;mantenimiento en;cabecera san antonio;3;7;2017-07-24;28000000;empresarial ed.
masculino;servicio;variedades;cabecera san antonio;3;7;2016-12-16;4000000;microempresarial
masculino;servicio;taller de electronica;cabecera san antonio;3;7;2018-11-16;3000000;microempresarial
masculino;comercio;comidas rapidas;cabecera san antonio;3;7;2018-10-30;6500000;microempresarial
masculino;industria;fabrica de;cabecera san antonio;3;7;2018-04-09;5000000;microempresarial
masculino;servicio;barberia;cabecera san antonio;3;7;2016-11-04;6890000;microempresarial
femenino;comercio;variedades;cabecera san antonio;3;7;2018-10-18;7500000;microempresarial
masculino;industria;fabrica de alimentos;cabecera san antonio;3;7;2018-04-04;3500000;microempresarial
femenino;comercio;legumbreria;cabecera san antonio;3;7;2018-02-01;3000000;microempresarial
femenino;comercio;miscelanea;cabecera san antonio;3;7;2017-06-06;2000000;microempresarial
masculino;comercio;tienda;cabecera san antonio;3;7;2018-07-24;1500000;microempresarial
masculino;comercio;tienda;cabecera san antonio;3;7;2019-01-24;2000000;microempresarial
masculino;industria;fabrica de;cabecera san antonio;3;7;2017-04-05;6000000;microempresarial
femenino;comercio;variedades;cabecera san antonio;3;7;2018-02-05;7800000;microempresarial
femenino;comercio;miscelanea;cabecera san antonio;3;7;2017-10-18;2000000;microempresarial
femenino;industria;fabrica de;cabecera san antonio;3;7;2017-09-20;5000000;microempresarial
femenino;comercio;variedades;cabecera san antonio;3;7;2016-09-12;6890000;microempresarial
femenino;servicio;organización y;cabecera san antonio;3;7;2017-04-24;7300000;microempresarial
femenino;industria;fabrica de productos;cabecera san antonio;3;7;2016-05-13;28267000;empresarial ed.
masculino;comercio;variedades;cabecera san antonio;3;7;2017-03-16;7300000;microempresarial
masculino;industria;fabrica de alimentos;cabecera san antonio;3;7;2018-11-16;7800000;microempresarial
masculino;industria;fabrica de;cabecera san antonio;3;7;2017-05-15;7000000;microempresarial
femenino;comercio;almacen de ropa en;cabecera san antonio;3;7;2017-05-31;7377000;microempresarial
femenino;comercio;tienda;cabecera san antonio;3;7;2018-05-11;7800000;microempresarial
femenino;servicio;peluqueria;cabecera san antonio;3;7;2018-07-09;2200000;microempresarial
femenino;servicio;productos de belleza;cabecera san antonio;3;7;2018-01-24;7800000;microempresarial
femenino;industria;fabrica de;cabecera san antonio;3;7;2018-03-05;1500000;microempresarial
femenino;comercio;granero;cabecera san antonio;3;9;2018-04-18;7800000;microempresarial
femenino;industria;fabrica de;cabecera san antonio;2;9;2018-11-28;5000000;microempresarial
masculino;servicio;mantenimiento en;cabecera san antonio;3;9;2018-02-12;4200000;microempresarial
masculino;comercio;distribuidora de;cabecera san antonio;3;9;2016-05-26;17236350;ayacucho formal
femenino;comercio;papeleria;cabecera san antonio;3;9;2018-05-18;7800000;microempresarial
femenino;comercio;variedades;cabecera san antonio;3;9;2017-04-26;7370000;microempresarial
femenino;comercio;tienda de helados;cabecera san antonio;3;9;2018-04-20;4000000;microempresarial
femenino;industria;fabrica de;cabecera san antonio;2;9;2016-09-23;6890000;microempresarial
femenino;industria;carpinteria;cabecera san antonio;3;9;2016-11-17;6800000;microempresarial
femenino;servicio;fabrica de;cabecera san antonio;2;9;2017-02-07;7370000;microempresarial
femenino;industria;fabrica de;cabecera san antonio;2;9;2018-05-02;3000000;microempresarial
femenino;servicio;restaurante;cabecera san antonio;2;9;2016-08-26;5000000;microempresarial
femenino;servicio;fabrica de;cabecera san antonio;3;9;2017-02-07;5500000;microempresarial
masculino;industria;fabrica de;cabecera san antonio;3;9;2017-01-30;7377000;microempresarial
masculino;comercio;variedades;cabecera san antonio;2;9;2019-01-18;5000000;microempresarial
femenino;industria;fabrica de;cabecera san antonio;3;9;2018-04-24;7000000;microempresarial
femenino;comercio;taller de mecanica;cabecera san antonio;3;9;2017-03-08;5000000;microempresarial
femenino;comercio;almacen de ropa en;cabecera san antonio;3;9;2018-07-30;5000000;microempresarial
femenino;industria;fabrica de productos;cabecera san antonio;3;9;2018-08-22;7812000;microempresarial
femenino;comercio;almacen de ropa en;cabecera san antonio;3;9;2018-06-08;3500000;microempresarial
masculino;comercio;comidas rapidas;cabecera san antonio;2;9;2019-01-29;8200000;microempresarial
femenino;comercio;fabrica de productos;cabecera san antonio;3;9;2018-03-07;7800000;microempresarial
femenino;comercio;variedades;cabecera san antonio;3;9;2017-10-05;2000000;microempresarial
masculino;servicio;variedades;cabecera san antonio;3;9;2018-05-28;7500000;microempresarial
femenino;servicio;peluqueria;cabecera san antonio;2;9;2017-11-16;7377000;microempresarial
femenino;comercio;tienda;cabecera san antonio;3;9;2018-08-10;7800000;microempresarial
femenino;comercio;miscelanea;cabecera san antonio;2;9;2016-08-12;4000000;microempresarial
masculino;comercio;legumbreria;cabecera san antonio;3;9;2018-04-25;4500000;microempresarial
masculino;industria;fabrica de muebles;cabecera san antonio;2;9;2018-11-01;7812000;microempresarial
masculino;comercio;tienda;cabecera san antonio;3;9;2018-08-14;7800000;microempresarial
masculino;servicio;recreativo educativo;cabecera san antonio;3;9;2017-08-31;6;microempresarial
femenino;industria;fabrica de;cabecera san antonio;1;9;2017-05-04;5000000;microempresarial
femenino;comercio;variedades;cabecera san antonio;2;9;2018-02-26;7300000;microempresarial
femenino;comercio;peluqueria;cabecera san antonio;3;9;2018-05-03;3000000;microempresarial
masculino;servicio;variedades;cabecera san antonio;3;13;2017-12-01;1500000;microempresarial
femenino;comercio;almacen de ropa en;cabecera san antonio;3;13;2016-10-19;6800000;microempresarial
femenino;servicio;fabrica de helados;cabecera san antonio;3;13;2017-08-15;4000000;microempresarial
masculino;comercio;tienda;cabecera san antonio;3;10;2018-10-03;7000000;microempresarial
femenino;comercio;almacen de ropa en;cabecera san antonio;2;9;2017-02-06;7370000;microempresarial
femenino;comercio;tienda de helados;cabecera san antonio;3;9;2016-02-20;4000000;microempresarial
masculino;comercio;restaurante;cabecera san antonio;3;9;2018-05-07;7800000;microempresarial
femenino;comercio;comidas rapidas;cabecera san antonio;2;8;2018-01-17;2500000;microempresarial
masculino;agropecuaria;sembrados;cabecera san antonio;1;8;2017-10-12;7300000;agropecuaria
masculino;comercio;variedades;cabecera san antonio;2;8;2017-06-20;4000000;microempresarial
femenino;industria;fabrica de alimentos;cabecera san antonio;2;8;2016-12-13;6900000;microempresarial
femenino;industria;marroquineria;cabecera san antonio;1;8;2019-02-12;8281000;microempresarial
femenino;servicio;comidas rapidas;cabecera san antonio;2;8;2016-12-01;4000000;microempresarial
masculino;servicio;tienda;cabecera san antonio;2;8;2018-03-06;7800000;microempresarial
femenino;comercio;almacen de ropa en;cabecera san antonio;1;8;2016-09-05;3000000;microempresarial
masculino;comercio;fabrica de calzado;cabecera san antonio;3;14;2019-04-22;1500000;microempresarial
masculino;comercio;variedades;cabecera san antonio;2;4;2017-02-23;2000000;microempresarial
femenino;industria;fabrica de;cabecera san antonio;3;4;2017-11-02;7300000;microempresarial
masculino;comercio;joyeria;cabecera san antonio;3;4;2017-09-15;6000000;microempresarial
femenino;industria;fabrica de;cabecera san antonio;2;4;2016-09-30;6890000;microempresarial
femenino;industria;fabrica de;cabecera san antonio;2;4;2018-12-07;6000000;microempresarial
masculino;industria;fabrica de;cabecera san antonio;3;4;2017-08-09;7000000;microempresarial
masculino;comercio;tienda;cabecera san antonio;2;4;2017-12-18;7300000;microempresarial
femenino;industria;fabrica de;cabecera san antonio;1;4;2017-06-16;63000000;microempresarial
femenino;industria;fabrica de;cabecera san antonio;3;4;2017-09-29;5000000;microempresarial
femenino;industria;fabrica de;cabecera san antonio;2;4;2018-04-24;5000000;microempresarial
femenino;comercio;almacen de ropa en;cabecera san antonio;3;4;2017-12-22;7300000;microempresarial
femenino;comercio;variedades;cabecera san antonio;3;4;2018-12-28;7000000;microempresarial
masculino;servicio;comidas rapidas;cabecera san antonio;3;4;2019-05-22;8000000;microempresarial
femenino;comercio;comidas rapidas;cabecera san antonio;2;4;2018-02-16;7800000;microempresarial
femenino;industria;fabrica de;cabecera san antonio;2;4;2018-06-05;3000000;microempresarial
femenino;comercio;variedades;cabecera san antonio;3;4;2017-03-17;7377000;microempresarial
femenino;industria;fabrica de;cabecera san antonio;3;4;2018-02-21;4000000;microempresarial
femenino;comercio;restaurante;cabecera san antonio;2;4;2017-06-20;6000000;microempresarial
masculino;comercio;tienda;cabecera san antonio;2;4;2018-09-14;6000000;microempresarial
femenino;comercio;venta de calzado;cabecera san antonio;2;4;2017-02-17;5000000;microempresarial
femenino;industria;fabrica de;cabecera san antonio;1;4;2016-08-09;6000000;microempresarial
masculino;comercio;ferreteria;cabecera san antonio;2;4;2018-10-26;7800000;microempresarial
femenino;comercio;variedades;cabecera san antonio;2;4;2018-02-21;4800000;microempresarial
femenino;comercio;variedades;cabecera san antonio;1;4;2018-05-03;7800000;microempresarial
masculino;comercio;variedades;cabecera san antonio;1;4;2018-02-12;4000000;microempresarial
femenino;servicio;peluqueria;cabecera san antonio;2;4;2017-11-23;5000000;microempresarial
femenino;comercio;almacen de ropa en;cabecera san antonio;2;4;2017-09-27;6000000;microempresarial
masculino;comercio;variedades;cabecera san antonio;1;4;2018-09-24;4500000;microempresarial
femenino;comercio;comidas rapidas;cabecera san antonio;2;4;2018-11-29;2000000;microempresarial
femenino;industria;fabrica de;cabecera san antonio;3;4;2018-05-17;5000000;microempresarial
femenino;comercio;tienda;cabecera san antonio;2;4;2018-04-12;300000;microempresarial
femenino;comercio;fabrica de;cabecera san antonio;2;4;2019-01-18;7000000;microempresarial
masculino;servicio;variedades;cabecera san antonio;2;4;2018-03-09;7000000;microempresarial
masculino;comercio;fabrica de productos;cabecera san antonio;2;4;2018-11-13;7800000;microempresarial
femenino;comercio;comidas rapidas;cabecera san antonio;1;4;2018-07-13;1000000;microempresarial
femenino;servicio;cafe e internet;cabecera san antonio;3;4;2019-04-29;8000000;microempresarial
femenino;comercio;venta de calzado;cabecera san antonio;2;4;2018-09-04;3000000;microempresarial
masculino;industria;fabrica de colchones;cabecera san antonio;2;4;2018-02-06;6000000;microempresarial
femenino;industria;fabrica de;cabecera san antonio;2;4;2018-11-07;7800000;microempresarial
femenino;industria;fabrica de;cabecera san antonio;2;4;2018-11-14;7000000;microempresarial
femenino;comercio;bares;cabecera san antonio;3;4;2018-08-13;7800000;microempresarial
femenino;comercio;almacen de ropa en;cabecera san antonio;1;4;2018-02-07;6000000;microempresarial
femenino;industria;fabrica de;cabecera san antonio;1;4;2018-05-16;5000000;microempresarial
masculino;industria;fabrica de;cabecera san antonio;2;4;2017-07-27;7370000;microempresarial
masculino;industria;comidas rapidas;cabecera san antonio;3;4;2017-02-13;5000000;microempresarial
femenino;comercio;tienda;cabecera san antonio;2;4;2018-09-24;5000000;microempresarial
femenino;industria;fabrica de;campo valdes no. 1;2;4;2018-02-16;7800000;microempresarial
femenino;comercio;tienda;campo valdes no. 1;3;4;2017-07-18;7377000;microempresarial
femenino;comercio;restaurante;campo valdes no. 1;2;4;2018-09-27;6000000;microempresarial
femenino;comercio;cafeteria;campo valdes no. 1;1;4;2018-02-01;5000000;microempresarial
masculino;comercio;variedades;campo valdes no. 1;1;4;2017-06-13;4000000;microempresarial
femenino;servicio;productos de belleza;campo valdes no. 1;3;4;2019-03-05;5500000;microempresarial
femenino;comercio;comidas rapidas;campo valdes no. 1;2;4;2018-01-25;7810000;microempresarial
femenino;industria;carpinteria;campo valdes no. 1;1;4;2017-03-21;6100000;microempresarial
femenino;industria;fabrica de;campo valdes no. 1;2;4;2018-08-21;3000000;microempresarial
masculino;industria;comidas rapidas;campo valdes no. 1;1;4;2017-09-18;7000000;microempresarial
femenino;industria;fabrica de;campo valdes no. 1;3;4;2018-04-25;1500000;microempresarial
femenino;industria;fabrica de;campo valdes no. 1;2;4;2018-05-04;6000000;microempresarial
masculino;servicio;peluqueria;campo valdes no. 1;1;4;2018-07-27;7000000;microempresarial
femenino;industria;fabrica de;campo valdes no. 1;2;4;2019-06-27;8281000;microempresarial
femenino;comercio;variedades;campo valdes no. 1;2;4;2017-02-01;7300000;microempresarial
masculino;servicio;comidas rapidas;campo valdes no. 1;2;4;2017-07-14;3500000;microempresarial
masculino;comercio;tienda;campo valdes no. 1;3;4;2018-05-10;7800000;microempresarial
masculino;industria;fabrica de;campo valdes no. 1;2;4;2018-11-09;6280000;microempresarial
femenino;servicio;almacen de ropa en;campo valdes no. 1;2;4;2017-03-21;7000000;microempresarial
femenino;comercio;cafe e internet;campo valdes no. 1;1;4;2017-11-07;7000000;microempresarial
femenino;comercio;comidas rapidas;campo valdes no. 1;2;4;2018-03-13;3000000;microempresarial
masculino;comercio;legumbreria;campo valdes no. 1;1;4;2017-07-26;6000000;microempresarial
masculino;comercio;variedades;campo valdes no. 1;3;4;2017-03-17;6000000;microempresarial
femenino;servicio;fabrica de productos;campo valdes no. 1;3;4;2017-05-05;7300000;microempresarial
femenino;comercio;granero;campo valdes no. 1;2;4;2017-02-13;7377000;microempresarial
femenino;industria;fabrica de;campo valdes no. 1;1;4;2018-01-31;3200000;microempresarial
femenino;comercio;panaderia;campo valdes no. 1;2;4;2018-08-01;2500000;microempresarial
masculino;comercio;tienda;campo valdes no. 1;2;4;2017-06-01;7000000;microempresarial
femenino;industria;fabrica de;campo valdes no. 1;2;4;2018-04-27;3000000;microempresarial
femenino;comercio;tienda;campo valdes no. 1;3;4;2018-06-08;2000000;microempresarial
masculino;comercio;comidas rapidas;campo valdes no. 1;1;4;2018-11-28;7812000;microempresarial
femenino;comercio;montallantas;campo valdes no. 1;3;4;2018-04-27;1000000;microempresarial
masculino;comercio;variedades;campo valdes no. 1;3;4;2019-06-19;3500000;microempresarial
femenino;industria;fabrica de;campo valdes no. 1;2;4;2016-11-03;6890000;microempresarial
femenino;comercio;fabrica de helados;campo valdes no. 1;2;4;2016-10-04;6000000;microempresarial
femenino;industria;fabrica de;campo valdes no. 1;1;4;2018-11-13;2500000;microempresarial
masculino;comercio;distribuidora de;campo valdes no. 1;1;4;2018-07-06;800000;microempresarial
femenino;servicio;peluqueria;campo valdes no. 1;2;4;2016-11-08;6890000;microempresarial
femenino;servicio;variedades;campo valdes no. 1;2;4;2018-05-16;7800000;microempresarial
femenino;comercio;miscelanea;campo valdes no. 1;3;4;2017-05-12;7377000;microempresarial
femenino;servicio;fabrica de;campo valdes no. 1;1;8;2016-07-12;6000000;microempresarial
femenino;comercio;comidas rapidas;campo valdes no. 1;2;4;2019-03-20;4000000;microempresarial
femenino;servicio;peluqueria;campo valdes no. 1;1;4;2019-02-26;7500000;microempresarial
masculino;servicio;ferreteria;campo valdes no. 1;2;4;2017-09-14;5000000;microempresarial
femenino;comercio;variedades;campo valdes no. 1;2;4;2018-02-06;5200000;microempresarial
masculino;servicio;venta de lacteos;campo valdes no. 1;3;4;2017-04-06;7377000;microempresarial
femenino;servicio;comidas rapidas;campo valdes no. 1;2;4;2017-11-22;4500000;microempresarial
masculino;comercio;tienda;campo valdes no. 1;1;4;2017-07-13;4400000;microempresarial
femenino;servicio;comidas rapidas;campo valdes no. 1;1;4;2018-11-28;7800000;microempresarial
masculino;comercio;miscelanea;campo valdes no. 1;2;4;2016-12-13;6900000;microempresarial
femenino;comercio;productos de belleza;campo valdes no. 1;2;4;2019-06-05;5250000;microempresarial
femenino;comercio;comidas rapidas;campo valdes no. 1;2;4;2017-11-07;7377000;microempresarial
femenino;comercio;almacen de ropa en;campo valdes no. 1;2;4;2018-02-06;7000000;microempresarial
masculino;comercio;peluqueria;campo valdes no. 1;3;4;2017-05-08;7370000;microempresarial
masculino;comercio;variedades;campo valdes no. 1;2;4;2019-04-29;4500000;microempresarial
femenino;comercio;variedades;campo valdes no. 1;1;4;2017-11-17;5000000;microempresarial
femenino;industria;fabrica de;campo valdes no. 1;3;4;2018-10-24;3000000;microempresarial
femenino;servicio;fabrica de helados;campo valdes no. 1;2;4;2017-10-31;7377000;microempresarial
femenino;industria;fabrica de;campo valdes no. 1;1;4;2018-04-09;7800000;microempresarial
femenino;comercio;almacen de ropa en;campo valdes no. 1;2;4;2017-02-14;6000000;microempresarial
masculino;comercio;tienda;campo valdes no. 1;2;4;2018-11-28;7000000;microempresarial
femenino;comercio;almacen de ropa en;campo valdes no. 1;1;4;2017-10-24;7000000;microempresarial
femenino;industria;fabrica de;campo valdes no. 1;3;4;2017-05-17;7300000;microempresarial
masculino;comercio;fabrica de arepas;campo valdes no. 1;2;4;2018-07-25;2000000;microempresarial
masculino;industria;variedades;campo valdes no. 1;1;4;2017-08-31;7370000;microempresarial
femenino;industria;fabrica de;campo valdes no. 1;2;4;2017-11-02;6000000;microempresarial
masculino;servicio;viveros;campo valdes no. 1;3;4;2017-07-19;7300000;microempresarial
masculino;industria;fabrica de;campo valdes no. 1;2;4;2018-10-24;7800000;microempresarial
femenino;comercio;tienda;campo valdes no. 1;3;4;2018-09-10;5000000;microempresarial
masculino;comercio;variedades;campo valdes no. 1;2;4;2018-03-15;5000000;microempresarial
masculino;comercio;comidas rapidas;campo valdes no. 1;2;4;2018-05-17;5000000;microempresarial
femenino;industria;fabrica de;campo valdes no. 1;1;4;2016-11-04;6890000;microempresarial
femenino;comercio;comidas rapidas;campo valdes no. 1;3;4;2018-03-06;1000000;microempresarial
femenino;industria;fabrica de;campo valdes no. 1;2;4;2018-04-25;7800000;microempresarial
femenino;industria;fabrica de;campo valdes no. 1;3;4;2018-03-07;7800000;microempresarial
femenino;comercio;cafeteria;campo valdes no. 1;2;4;2018-01-24;800000;microempresarial
masculino;comercio;variedades;campo valdes no. 1;2;4;2018-05-04;7800000;microempresarial
femenino;industria;fabrica de;campo valdes no. 1;2;4;2018-03-07;3000000;microempresarial
femenino;servicio;comidas rapidas;campo valdes no. 1;2;4;2018-03-08;7000000;microempresarial
femenino;comercio;tienda;campo valdes no. 1;2;4;2017-12-07;7000000;microempresarial
femenino;comercio;tienda;campo valdes no. 1;1;4;2018-08-01;5000000;microempresarial
masculino;servicio;carpinteria;campo valdes no. 1;1;4;2018-04-30;6000000;microempresarial
femenino;comercio;almacen de ropa en;campo valdes no. 1;2;4;2018-04-27;4000000;microempresarial
femenino;comercio;almacen de ropa en;campo valdes no. 1;1;4;2016-07-12;5000000;microempresarial
femenino;comercio;cafeteria;campo valdes no. 1;2;4;2018-02-09;7000000;microempresarial
masculino;comercio;taller de electronica;campo valdes no. 1;1;4;2018-10-11;5000000;microempresarial
femenino;comercio;licorera;campo valdes no. 1;3;4;2017-04-05;7377000;microempresarial
femenino;comercio;variedades;campo valdes no. 1;2;4;2018-04-27;4000000;microempresarial
femenino;industria;fabrica de;campo valdes no. 1;3;4;2018-05-11;5000000;microempresarial
femenino;comercio;comidas rapidas;campo valdes no. 1;2;4;2018-08-17;6000000;microempresarial
femenino;comercio;variedades;campo valdes no. 1;3;4;2017-08-25;7370000;microempresarial
femenino;industria;fabrica de calzado;campo valdes no. 1;2;4;2018-09-10;6000000;microempresarial
masculino;comercio;comidas rapidas;campo valdes no. 1;0;4;2017-06-30;7000000;microempresarial
masculino;servicio;mantenimiento en;campo valdes no. 1;2;4;2017-10-06;7000000;microempresarial
masculino;comercio;almacen de ropa en;campo valdes no. 1;1;4;2018-03-09;4500000;microempresarial
masculino;industria;fabrica de calzado;campo valdes no. 1;1;4;2018-04-25;3400000;microempresarial
femenino;comercio;comidas rapidas;campo valdes no. 1;3;4;2016-10-21;4000000;microempresarial
femenino;comercio;variedades;campo valdes no. 1;2;4;2016-08-05;5000000;microempresarial
masculino;comercio;variedades;campo valdes no. 1;1;4;2017-05-31;3000000;microempresarial
masculino;comercio;variedades;campo valdes no. 1;2;4;2018-08-10;5000000;microempresarial
femenino;servicio;organización y;campo valdes no. 1;2;4;2018-10-30;13000000;empresarial ed.
femenino;servicio;papeleria;campo valdes no. 1;2;4;2017-11-01;2000000;microempresarial
masculino;comercio;variedades;campo valdes no. 1;2;4;2018-04-27;2300000;microempresarial
masculino;comercio;variedades;campo valdes no. 1;3;4;2017-06-12;7370000;microempresarial
masculino;comercio;almacen de ropa en;campo valdes no. 1;2;4;2018-11-08;2000000;microempresarial
femenino;industria;fabrica de;campo valdes no. 1;3;4;2019-05-07;4500000;microempresarial
masculino;comercio;distribuidora de;campo valdes no. 1;2;4;2018-11-27;2500000;microempresarial
masculino;comercio;distribuidora de;campo valdes no. 1;3;4;2018-04-24;5000000;microempresarial
femenino;servicio;comidas rapidas;campo valdes no. 1;1;4;2016-05-04;3000000;microempresarial
femenino;servicio;variedades;campo valdes no. 1;1;4;2017-10-23;700000;microempresarial
femenino;comercio;comidas rapidas;campo valdes no. 1;2;4;2018-10-18;4000000;microempresarial
femenino;comercio;comidas rapidas;campo valdes no. 1;1;4;2018-07-05;2000000;microempresarial
femenino;comercio;panaderia;campo valdes no. 1;2;4;2017-12-14;7000000;microempresarial
femenino;servicio;variedades;campo valdes no. 1;1;4;2017-09-08;3000000;microempresarial
femenino;industria;fabrica de;campo valdes no. 1;2;4;2017-10-19;7000000;microempresarial
femenino;comercio;variedades;campo valdes no. 1;2;4;2017-02-15;6000000;microempresarial
femenino;comercio;miscelanea;campo valdes no. 1;1;4;2018-02-12;3000000;microempresarial
masculino;comercio;comidas rapidas;campo valdes no. 1;3;4;2018-06-27;3000000;microempresarial
femenino;industria;fabrica de;campo valdes no. 1;2;4;2016-09-28;6000000;microempresarial
femenino;comercio;variedades;campo valdes no. 1;2;4;2018-10-03;6000000;microempresarial
femenino;industria;fabrica de;campo valdes no. 1;2;4;2018-02-09;6000000;microempresarial
femenino;comercio;tienda;campo valdes no. 1;3;4;2016-11-23;2100000;microempresarial
masculino;industria;fabrica de;campo valdes no. 1;2;4;2017-10-12;6000000;microempresarial
masculino;comercio;variedades;campo valdes no. 1;2;4;2017-06-06;7377000;microempresarial
femenino;industria;fabrica de;campo valdes no. 1;3;4;2018-09-20;6000000;microempresarial
femenino;comercio;papeleria;campo valdes no. 1;2;4;2018-07-24;7800000;microempresarial
femenino;industria;fabrica de calzado;campo valdes no. 1;2;4;2017-07-11;7377000;microempresarial
femenino;industria;fabrica de;campo valdes no. 1;2;4;2018-03-16;1500000;microempresarial
femenino;comercio;comidas rapidas;campo valdes no. 1;3;4;2016-10-05;6894000;microempresarial
masculino;comercio;panaderia;campo valdes no. 1;2;4;2018-01-24;3000000;microempresarial
masculino;comercio;comidas rapidas;campo valdes no. 1;3;4;2017-03-30;7377000;microempresarial
masculino;comercio;fabrica de helados;campo valdes no. 1;3;4;2018-12-13;6500000;microempresarial
femenino;industria;fabrica de;campo valdes no. 1;2;4;2017-06-09;7300000;microempresarial
femenino;comercio;variedades;campo valdes no. 1;2;4;2018-10-26;17187324;empresarial ed.
femenino;industria;miscelanea;campo valdes no. 1;2;4;2017-03-01;6890000;microempresarial
femenino;comercio;tienda;campo valdes no. 1;3;4;2017-06-28;7377000;microempresarial
femenino;comercio;almacen de ropa en;campo valdes no. 1;2;4;2018-08-16;5000000;microempresarial
femenino;comercio;tienda;campo valdes no. 1;2;4;2018-09-24;2000000;microempresarial
masculino;servicio;joyeria;campo valdes no. 1;2;4;2018-12-17;6500000;microempresarial
masculino;industria;ferreteria;campo valdes no. 1;2;4;2017-04-04;4500000;microempresarial
masculino;industria;fabrica de;campo valdes no. 1;2;4;2018-07-06;7000000;microempresarial
masculino;comercio;comidas rapidas;campo valdes no. 1;1;4;2017-04-19;4000000;microempresarial
femenino;industria;fabrica de;campo valdes no. 1;1;4;2019-05-08;8000000;microempresarial
femenino;industria;fabrica de;campo valdes no. 1;2;4;2016-11-19;2000000;microempresarial
masculino;comercio;variedades;campo valdes no. 1;2;4;2019-03-28;8280000;microempresarial
femenino;comercio;papeleria;campo valdes no. 1;2;4;2018-09-05;4000000;microempresarial
femenino;industria;fabrica de calzado;campo valdes no. 1;2;4;2017-07-19;7000000;microempresarial
femenino;comercio;comidas rapidas;campo valdes no. 1;2;4;2018-08-14;800000;microempresarial
femenino;comercio;ferreteria;campo valdes no. 1;2;4;2017-05-19;7377000;microempresarial
femenino;servicio;peluqueria;campo valdes no. 1;2;4;2018-09-12;4000000;microempresarial
masculino;industria;venta de calzado;campo valdes no. 1;1;4;2017-06-07;4000000;microempresarial
femenino;industria;fabrica de;campo valdes no. 1;2;4;2018-06-07;5000000;microempresarial
masculino;comercio;variedades;campo valdes no. 1;2;4;2017-11-07;248896;microempresarial
femenino;industria;fabrica de alimentos;campo valdes no. 1;2;4;2018-07-04;6000000;microempresarial
femenino;comercio;variedades;campo valdes no. 1;3;4;2019-05-08;3000000;microempresarial
masculino;industria;fabrica de;campo valdes no. 1;2;4;2018-07-16;7800000;microempresarial
femenino;comercio;almacen de ropa en;campo valdes no. 1;1;4;2019-02-13;8280000;microempresarial
femenino;comercio;almacen de ropa en;campo valdes no. 1;2;4;2017-04-06;4000000;microempresarial
masculino;servicio;fabrica de;campo valdes no. 1;1;4;2017-10-30;7000000;microempresarial
femenino;comercio;variedades;campo valdes no. 1;2;4;2017-11-07;7377000;microempresarial
femenino;servicio;ferreteria;campo valdes no. 1;3;4;2017-09-14;6000000;microempresarial
femenino;servicio;mantenimiento en;campo valdes no. 1;2;4;2017-06-13;7377000;microempresarial
femenino;comercio;papeleria;campo valdes no. 1;3;4;2017-08-17;5000000;microempresarial
femenino;comercio;variedades;campo valdes no. 1;2;4;2018-11-16;7800000;microempresarial
femenino;comercio;restaurante;campo valdes no. 1;2;4;2019-04-29;3000000;microempresarial
femenino;industria;comidas rapidas;campo valdes no. 1;1;4;2016-08-16;2000000;microempresarial
femenino;servicio;peluqueria;campo valdes no. 1;2;4;2018-03-12;7000000;microempresarial
femenino;comercio;almacen de ropa en;campo valdes no. 1;2;4;2018-06-08;7000000;microempresarial
femenino;servicio;panaderia;campo valdes no. 1;2;4;2016-09-05;6890000;microempresarial
femenino;comercio;almacen de ropa en;campo valdes no. 1;1;4;2018-02-26;3000000;microempresarial
femenino;industria;fabrica de;campo valdes no. 1;2;4;2018-10-18;7000000;microempresarial
femenino;comercio;tienda;campo valdes no. 1;3;4;2019-02-28;4500000;microempresarial
femenino;comercio;papeleria;campo valdes no. 1;2;4;2017-09-07;5000000;microempresarial
femenino;comercio;variedades;campo valdes no. 1;2;4;2017-07-05;6080000;microempresarial
masculino;servicio;cafe e internet;campo valdes no. 1;3;4;2017-08-22;6000000;microempresarial
femenino;comercio;variedades;campo valdes no. 1;2;4;2018-03-08;7800000;microempresarial
masculino;comercio;peluqueria;campo valdes no. 1;3;4;2017-11-21;7377000;microempresarial
masculino;comercio;variedades;campo valdes no. 1;1;4;2017-05-19;7377000;microempresarial
masculino;servicio;panaderia;campo valdes no. 1;2;4;2018-09-04;3000000;microempresarial
femenino;comercio;variedades;campo valdes no. 1;2;4;2018-11-28;6000000;microempresarial
masculino;industria;fabrica de calzado;campo valdes no. 1;2;4;2017-03-30;6000000;microempresarial
femenino;industria;fabrica de;campo valdes no. 1;2;4;2018-07-05;5000000;microempresarial
femenino;comercio;comidas rapidas;campo valdes no. 1;2;4;2018-02-14;4000000;microempresarial
femenino;comercio;comidas rapidas;campo valdes no. 1;3;4;2017-09-18;3000000;microempresarial
femenino;servicio;papeleria;campo valdes no. 1;2;4;2017-03-08;4000000;microempresarial
masculino;comercio;reciclaje;campo valdes no. 1;2;4;2018-05-25;3000000;microempresarial
femenino;servicio;peluqueria;campo valdes no. 1;3;4;2018-01-19;5500000;microempresarial
masculino;comercio;tienda;campo valdes no. 1;2;4;2018-08-29;1000000;microempresarial
femenino;industria;fabrica de;campo valdes no. 1;3;3;2018-11-28;7500000;microempresarial
masculino;comercio;restaurante;campo valdes no. 1;3;4;2017-04-05;7377000;microempresarial
femenino;comercio;tienda;campo valdes no. 1;2;4;2017-08-08;5000000;microempresarial
femenino;comercio;restaurante;campo valdes no. 1;1;4;2017-07-07;7377000;microempresarial
masculino;comercio;almacen de ropa en;campo valdes no. 1;3;4;2019-01-18;8200000;microempresarial
masculino;servicio;barberia;campo valdes no. 1;2;4;2018-02-06;7800000;microempresarial
masculino;industria;fabrica de;campo valdes no. 1;3;4;2016-08-26;1000000;microempresarial
masculino;comercio;fabrica de productos;campo valdes no. 1;1;4;2018-02-12;1000000;microempresarial
femenino;comercio;productos de belleza;campo valdes no. 1;2;4;2017-05-08;7377000;microempresarial
masculino;servicio;fabrica de calzado;campo valdes no. 1;3;4;2016-08-26;5000000;microempresarial
femenino;comercio;charcuteria;campo valdes no. 1;3;4;2016-10-19;3000000;microempresarial
masculino;servicio;tienda;campo valdes no. 1;3;4;2017-03-16;6000000;microempresarial
femenino;comercio;charcuteria;campo valdes no. 1;2;4;2018-09-10;7800000;microempresarial
masculino;industria;fabrica de;campo valdes no. 1;1;4;2017-09-20;7300000;microempresarial
masculino;servicio;comidas rapidas;campo valdes no. 1;2;4;2017-02-27;4000000;microempresarial
femenino;agropecuaria;sembrados;campo valdes no. 1;2;4;2017-11-07;7377000;microempresarial
femenino;servicio;peluqueria;campo valdes no. 1;2;4;2016-10-07;6890000;microempresarial
femenino;industria;fabrica de calzado;campo valdes no. 1;2;4;2018-04-05;1000000;microempresarial
femenino;comercio;variedades;campo valdes no. 1;1;4;2018-02-06;7800000;microempresarial
femenino;comercio;variedades;campo valdes no. 1;2;4;2018-11-09;2000000;microempresarial
femenino;comercio;variedades;campo valdes no. 1;2;4;2016-11-18;6800000;microempresarial
femenino;comercio;variedades;campo valdes no. 1;2;4;2018-11-14;7000000;microempresarial
femenino;comercio;tienda;campo valdes no. 1;2;4;2018-08-10;7800000;microempresarial
masculino;industria;fabrica de;campo valdes no. 1;2;4;2018-06-14;4700000;microempresarial
femenino;comercio;almacen de ropa en;campo valdes no. 1;3;4;2018-02-05;7000000;microempresarial
masculino;agropecuaria;criadero de animales;campo valdes no. 1;1;4;2017-08-04;7000000;microempresarial
femenino;industria;fabrica de;campo valdes no. 1;2;4;2017-12-29;5000000;microempresarial
masculino;comercio;variedades;campo valdes no. 1;2;4;2018-07-05;3000000;microempresarial
femenino;comercio;almacen de ropa en;campo valdes no. 1;2;4;2016-09-16;6890000;microempresarial
femenino;comercio;restaurante;campo valdes no. 1;2;4;2017-11-21;7000000;microempresarial
masculino;industria;fabrica de calzado;campo valdes no. 1;3;4;2017-07-07;7000000;microempresarial
femenino;comercio;bares;campo valdes no. 1;2;4;2017-11-27;7300000;microempresarial
masculino;comercio;variedades;campo valdes no. 1;3;4;2018-02-13;7800000;microempresarial
masculino;comercio;tienda;campo valdes no. 1;2;4;2018-08-14;3000000;microempresarial
femenino;comercio;tienda de helados;campo valdes no. 1;2;4;2016-12-07;6890000;microempresarial
femenino;comercio;tienda;campo valdes no. 1;1;4;2018-06-07;6500000;microempresarial
femenino;comercio;cafeteria;campo valdes no. 1;2;4;2017-06-27;4000000;microempresarial
femenino;comercio;comidas rapidas;campo valdes no. 1;2;4;2018-06-06;3000000;microempresarial
masculino;comercio;granero;campo valdes no. 1;3;4;2018-06-08;5000000;microempresarial
masculino;comercio;comidas rapidas;campo valdes no. 1;2;4;2018-05-11;7800000;microempresarial
masculino;servicio;venta de lacteos;campo valdes no. 1;3;4;2018-06-01;19530000;empresarial ed.
femenino;servicio;comidas rapidas;campo valdes no. 1;2;4;2016-10-03;6890000;microempresarial
femenino;industria;fabrica de;campo valdes no. 1;3;4;2017-11-07;5000000;microempresarial
femenino;servicio;fotografia;campo valdes no. 1;1;4;2019-03-20;8200000;microempresarial
femenino;comercio;variedades;campo valdes no. 1;2;4;2016-10-26;6890000;microempresarial
femenino;comercio;peluqueria;campo valdes no. 1;2;4;2017-12-20;7000000;microempresarial
femenino;comercio;tienda;barrio caicedo;3;4;2018-02-06;7200000;microempresarial
femenino;comercio;variedades;barrio caicedo;2;4;2017-06-20;7377000;microempresarial
femenino;comercio;variedades;barrio caicedo;2;4;2018-12-03;7800000;microempresarial
femenino;comercio;variedades;barrio caicedo;2;4;2018-07-24;5000000;microempresarial
masculino;comercio;tienda;barrio caicedo;1;4;2018-03-14;2000000;microempresarial
femenino;industria;fabrica de;barrio caicedo;1;4;2018-07-05;7800000;microempresarial
femenino;industria;fabrica de;barrio caicedo;2;4;2018-07-26;7800000;microempresarial
femenino;comercio;restaurante;barrio caicedo;3;4;2018-01-24;7800000;microempresarial
femenino;servicio;publicidad y;barrio caicedo;2;4;2018-02-12;7800000;microempresarial
femenino;industria;fabrica de;barrio caicedo;2;4;2016-11-08;6890000;microempresarial
femenino;comercio;almacen de ropa en;barrio caicedo;2;4;2017-09-04;3500000;microempresarial
femenino;comercio;tienda;barrio caicedo;3;4;2018-03-13;3500000;microempresarial
femenino;comercio;bares;barrio caicedo;1;4;2017-03-29;7000000;microempresarial
femenino;servicio;barberia;barrio caicedo;3;4;2017-11-09;7300000;microempresarial
femenino;comercio;papeleria;barrio caicedo;1;4;2017-11-28;3500000;microempresarial
femenino;servicio;jardineria;barrio caicedo;2;4;2018-11-14;4000000;microempresarial
femenino;industria;fabrica de;barrio caicedo;3;4;2019-06-26;8200000;microempresarial
masculino;comercio;variedades;barrio caicedo;3;4;2018-05-04;3500000;microempresarial
masculino;industria;mantenimiento en;barrio caicedo;3;4;2018-05-22;5000000;microempresarial
femenino;servicio;taller de mecanica;barrio caicedo;2;4;2016-09-17;6500000;microempresarial
masculino;comercio;comidas rapidas;barrio caicedo;2;4;2017-02-07;7100000;microempresarial
masculino;comercio;tienda;barrio caicedo;3;4;2017-06-29;6000000;microempresarial
masculino;servicio;peluqueria;barrio caicedo;3;4;2016-10-28;6890000;microempresarial
masculino;comercio;tienda;barrio caicedo;1;4;2018-03-06;5000000;microempresarial
femenino;servicio;gimnasio;barrio caicedo;1;4;2018-08-02;7500000;microempresarial
masculino;servicio;drogueria;barrio caicedo;3;4;2018-03-14;7812420;microempresarial
masculino;industria;fabrica de;barrio caicedo;3;4;2018-04-27;5000000;microempresarial
masculino;comercio;tienda;barrio caicedo;1;4;2017-06-27;5000000;microempresarial
femenino;comercio;licorera;barrio caicedo;3;4;2018-05-02;7800000;microempresarial
femenino;industria;fabrica de;barrio caicedo;3;4;2018-08-17;3000000;microempresarial
masculino;comercio;drogueria;barrio caicedo;2;4;2018-03-12;7000000;microempresarial
femenino;comercio;almacen de ropa en;barrio caicedo;2;4;2017-08-24;7000000;microempresarial
femenino;comercio;variedades;barrio caicedo;1;4;2017-05-17;7377000;microempresarial
femenino;agropecuaria;criadero de animales;barrio caicedo;1;4;2017-08-28;5000000;microempresarial
femenino;comercio;almacen de ropa en;barrio caicedo;2;4;2018-10-25;2000000;microempresarial
masculino;servicio;organización y;barrio caicedo;2;4;2017-05-31;2000000;microempresarial
masculino;comercio;tienda;barrio caicedo;1;4;2018-04-23;4480000;microempresarial
masculino;industria;fabrica de;barrio caicedo;1;4;2018-06-06;5500000;microempresarial
masculino;industria;fabrica de colchones;barrio caicedo;2;4;2018-08-29;782000;microempresarial
masculino;comercio;restaurante;barrio caicedo;2;4;2017-05-03;7300000;microempresarial
masculino;servicio;fotografia;barrio caicedo;2;4;2018-10-24;7800000;microempresarial
femenino;industria;fabrica de;barrio caicedo;2;4;2017-05-17;6890000;microempresarial
masculino;industria;fabrica de;barrio caicedo;3;4;2017-11-01;2000000;microempresarial
femenino;comercio;variedades;barrio caicedo;2;4;2018-10-24;7000000;microempresarial
femenino;industria;fabrica de;barrio caicedo;2;4;2018-07-25;7800000;microempresarial
masculino;comercio;comidas rapidas;barrio caicedo;2;4;2017-04-03;4100000;microempresarial
femenino;comercio;variedades;barrio caicedo;1;4;2017-11-17;7000000;microempresarial
femenino;servicio;comidas rapidas;barrio caicedo;2;4;2018-03-09;781000;microempresarial
femenino;comercio;almacen de ropa en;barrio caicedo;2;4;2018-05-11;1000000;microempresarial
masculino;comercio;tienda;barrio caicedo;2;4;2018-05-11;4000000;microempresarial
masculino;industria;ferreteria;barrio caicedo;3;4;2016-09-16;6890000;microempresarial
femenino;comercio;variedades;barrio caicedo;3;4;2016-09-08;6000000;microempresarial
masculino;comercio;venta de calzado;barrio caicedo;2;4;2019-05-02;3000000;microempresarial
femenino;servicio;variedades;barrio caicedo;2;4;2017-07-25;7370000;microempresarial
masculino;industria;fabrica de calzado;barrio caicedo;2;4;2016-08-23;6800000;microempresarial
femenino;servicio;comidas rapidas;barrio caicedo;2;4;2017-08-22;3000000;microempresarial
femenino;comercio;tienda;barrio caicedo;3;4;2017-12-22;60;microempresarial
masculino;servicio;comidas rapidas;barrio caicedo;3;4;2017-08-17;5000000;microempresarial
masculino;servicio;variedades;barrio caicedo;2;4;2017-05-18;7300000;microempresarial
masculino;comercio;tienda;barrio caicedo;2;4;2017-02-27;7000000;microempresarial
femenino;comercio;tienda;barrio caicedo;2;4;2017-06-12;5000000;microempresarial
femenino;comercio;tienda;barrio caicedo;2;4;2016-09-05;6890000;microempresarial
femenino;comercio;charcuteria;barrio caicedo;2;4;2019-04-22;8000000;microempresarial
femenino;industria;fabrica de;barrio caicedo;2;4;2018-07-04;7000000;microempresarial
femenino;comercio;comidas rapidas;barrio caicedo;2;4;2018-05-11;2500000;microempresarial
masculino;comercio;granero;barrio caicedo;1;4;2018-02-13;7000000;microempresarial
femenino;comercio;variedades;barrio caicedo;2;4;2018-05-18;6000000;microempresarial
femenino;comercio;variedades;barrio caicedo;1;4;2018-03-05;7000000;microempresarial
femenino;industria;fabrica de;barrio caicedo;3;4;2019-02-07;2000000;microempresarial
femenino;industria;fabrica de;barrio caicedo;2;4;2018-12-05;5000000;microempresarial
masculino;comercio;variedades;barrio caicedo;3;4;2017-12-01;7300000;microempresarial
femenino;comercio;variedades;barrio caicedo;2;4;2016-07-13;1000000;microempresarial
femenino;comercio;barberia;barrio caicedo;1;4;2018-05-02;4000000;microempresarial
masculino;comercio;ferreteria;barrio caicedo;2;4;2017-03-23;7300000;microempresarial
femenino;industria;fabrica de;barrio caicedo;3;4;2018-07-09;7800000;microempresarial
masculino;comercio;tienda;barrio caicedo;3;4;2017-10-25;6000000;microempresarial
femenino;servicio;panaderia;barrio caicedo;2;4;2017-04-19;7300000;microempresarial
femenino;comercio;comidas rapidas;barrio caicedo;2;4;2017-08-10;6000000;microempresarial
masculino;comercio;peluqueria;barrio caicedo;3;4;2018-10-11;5000000;microempresarial
femenino;comercio;tienda;barrio caicedo;2;4;2018-02-12;7800000;microempresarial
femenino;comercio;almacen de ropa en;barrio caicedo;1;4;2017-08-10;4000000;microempresarial
femenino;servicio;barberia;barrio caicedo;2;4;2018-09-24;5000000;microempresarial
femenino;agropecuaria;variedades;barrio caicedo;2;4;2018-02-20;3000000;microempresarial
masculino;industria;fabrica de;barrio caicedo;3;4;2018-11-29;3000000;microempresarial
femenino;comercio;variedades;barrio caicedo;1;4;2017-02-13;5000000;microempresarial
femenino;comercio;comidas rapidas;barrio caicedo;2;4;2017-12-13;7000000;microempresarial
femenino;comercio;almacen de ropa en;barrio caicedo;3;4;2017-11-07;7000000;microempresarial
masculino;servicio;comidas rapidas;barrio caicedo;2;4;2019-06-10;8000000;microempresarial
femenino;servicio;peluqueria;barrio caicedo;2;4;2018-07-12;6000000;microempresarial
femenino;industria;fabrica de;barrio caicedo;3;4;2017-09-13;7370000;microempresarial
femenino;servicio;barberia;barrio caicedo;2;4;2017-05-23;7370000;microempresarial
femenino;comercio;tienda;barrio caicedo;1;4;2018-01-31;3000000;microempresarial
masculino;comercio;distribuidora de;barrio caicedo;2;4;2018-10-11;3000000;microempresarial
femenino;comercio;peluqueria;barrio caicedo;2;4;2018-08-01;5000000;microempresarial
femenino;comercio;servicios;barrio caicedo;2;4;2018-07-25;7800000;microempresarial
femenino;comercio;tienda;barrio caicedo;1;4;2017-11-30;6000000;microempresarial
masculino;comercio;comidas rapidas;barrio caicedo;2;4;2017-10-11;4400000;microempresarial
femenino;industria;fabrica de;barrio caicedo;2;4;2017-10-24;7000000;microempresarial
femenino;comercio;almacen de ropa en;barrio caicedo;2;4;2018-02-01;3000000;microempresarial
femenino;comercio;cafe e internet;barrio caicedo;2;4;2016-10-07;6000000;microempresarial
femenino;industria;fabrica de;barrio caicedo;3;4;2017-12-05;7377000;microempresarial
femenino;comercio;tienda;barrio caicedo;2;4;2018-08-01;5000000;microempresarial
femenino;comercio;tienda;barrio caicedo;2;4;2018-02-16;7800000;microempresarial
masculino;comercio;tienda;barrio caicedo;1;4;2018-02-15;7377000;microempresarial
femenino;comercio;fabrica de alimentos;barrio caicedo;3;4;2018-05-11;7800000;microempresarial
femenino;comercio;almacen de ropa en;barrio caicedo;2;4;2018-02-21;8000000;microempresarial
femenino;comercio;almacen de ropa en;barrio caicedo;3;4;2016-10-27;6890000;microempresarial
femenino;industria;fabrica de;barrio caicedo;2;4;2018-06-08;7000000;microempresarial
femenino;servicio;recreativo educativo;barrio caicedo;2;4;2017-03-14;7300000;microempresarial
femenino;comercio;cafe e internet;barrio caicedo;2;4;2018-06-08;1800000;microempresarial
femenino;servicio;cafe e internet;barrio caicedo;3;4;2017-03-27;7377000;microempresarial
femenino;comercio;tienda;barrio caicedo;2;4;2018-12-06;1000000;microempresarial
masculino;industria;fabrica de;barrio caicedo;1;4;2018-04-26;7800000;microempresarial
femenino;servicio;peluqueria;barrio caicedo;3;4;2018-11-14;4000000;microempresarial
femenino;comercio;comidas rapidas;barrio caicedo;3;4;2017-04-19;4500000;microempresarial
femenino;servicio;peluqueria;barrio caicedo;3;4;2017-08-24;7300000;microempresarial
masculino;comercio;variedades;barrio caicedo;1;4;2018-11-14;7800000;microempresarial
femenino;industria;fabrica de;barrio caicedo;1;4;2016-05-24;4000000;microempresarial
femenino;servicio;organización y;barrio caicedo;1;4;2017-11-15;7377000;microempresarial
masculino;industria;fabrica de;barrio caicedo;2;4;2018-05-08;7800000;microempresarial
femenino;comercio;montallantas;barrio caicedo;2;4;2019-05-15;1175000;microempresarial
femenino;comercio;ferreteria;barrio caicedo;1;4;2018-04-09;7800000;microempresarial
femenino;comercio;deposito de;barrio caicedo;3;4;2017-08-10;7300000;microempresarial
femenino;comercio;variedades;barrio caicedo;2;4;2017-08-30;4000000;microempresarial
femenino;comercio;tienda;barrio caicedo;1;4;2017-07-26;6000000;microempresarial
femenino;comercio;papeleria;barrio caicedo;2;4;2017-10-24;3000000;microempresarial
femenino;servicio;variedades;barrio caicedo;2;4;2017-09-13;7377000;microempresarial
femenino;servicio;variedades;barrio caicedo;2;4;2017-06-22;7377000;microempresarial
femenino;comercio;comidas rapidas;barrio caicedo;3;4;2017-11-23;7370000;microempresarial
masculino;servicio;mantenimiento en;barrio caicedo;2;4;2019-01-18;6000000;microempresarial
masculino;comercio;tienda;barrio caicedo;2;4;2019-03-28;8281000;microempresarial
femenino;servicio;recreativo educativo;barrio caicedo;2;7;2018-07-12;6000000;microempresarial
masculino;comercio;cafe e internet;barrio caicedo;3;4;2017-06-05;7300000;microempresarial
femenino;comercio;variedades;barrio caicedo;2;4;2016-11-08;6000000;microempresarial
femenino;comercio;cafeteria;barrio caicedo;1;4;2018-03-09;7000000;microempresarial
femenino;industria;fabrica de;barrio caicedo;2;4;2018-02-06;7300000;microempresarial
femenino;comercio;miscelanea;barrio caicedo;2;4;2017-10-19;7000000;microempresarial
masculino;comercio;variedades;barrio caicedo;2;4;2016-09-22;5000000;microempresarial
masculino;comercio;tienda;barrio caicedo;1;4;2017-08-16;5000000;microempresarial
femenino;comercio;almacen de ropa en;barrio caicedo;2;4;2019-02-28;8200000;microempresarial
masculino;comercio;organización y;barrio caicedo;2;4;2016-10-05;3000000;microempresarial
femenino;comercio;variedades;barrio caicedo;2;4;2017-10-25;7370000;microempresarial
femenino;comercio;tienda;barrio caicedo;3;4;2017-08-29;5000000;microempresarial
femenino;industria;fabrica de;barrio caicedo;2;4;2017-10-23;7300000;microempresarial
masculino;comercio;comidas rapidas;barrio caicedo;3;4;2018-08-01;1500000;microempresarial
masculino;comercio;ferreteria;barrio caicedo;3;4;2017-09-22;7300000;microempresarial
femenino;comercio;variedades;barrio caicedo;2;13;2017-10-30;6000000;microempresarial
femenino;comercio;variedades;barrio caicedo;2;4;2016-09-09;6900000;microempresarial
masculino;comercio;variedades;barrio caicedo;2;4;2018-05-18;7800000;microempresarial
masculino;servicio;barberia;barrio caicedo;3;4;2018-05-11;7800000;microempresarial
masculino;industria;fabrica de;barrio caicedo;2;4;2017-05-04;7370000;microempresarial
masculino;servicio;comidas rapidas;barrio caicedo;3;4;2016-07-26;6890000;microempresarial
femenino;comercio;fabrica de helados;barrio caicedo;1;4;2017-11-23;7377000;microempresarial
femenino;industria;fabrica de;barrio caicedo;2;4;2018-11-28;7812420;microempresarial
masculino;comercio;comidas rapidas;barrio caicedo;1;4;2018-12-07;7800000;microempresarial
femenino;comercio;almacen de ropa en;barrio caicedo;1;4;2019-05-13;3500000;microempresarial
masculino;comercio;variedades;barrio caicedo;2;4;2018-04-26;5000000;microempresarial
femenino;industria;fabrica de;barrio caicedo;2;4;2017-08-25;700000;microempresarial
masculino;industria;gimnasio;barrio caicedo;2;4;2017-05-24;7000000;microempresarial
masculino;servicio;restaurante;barrio caicedo;2;4;2017-08-11;7000000;microempresarial
femenino;servicio;peluqueria;barrio caicedo;2;4;2018-08-10;4000000;microempresarial
femenino;industria;fabrica de;barrio caicedo;1;4;2019-03-29;8000000;microempresarial
femenino;comercio;comidas rapidas;barrio caicedo;3;4;2018-12-13;7800000;microempresarial
masculino;industria;variedades;barrio caicedo;2;4;2018-03-15;4000000;microempresarial
femenino;comercio;variedades;barrio caicedo;3;4;2018-09-03;7800000;microempresarial
femenino;comercio;tienda;barrio caicedo;3;4;2018-01-26;7000000;microempresarial
femenino;industria;fabrica de;barrio caicedo;2;4;2018-09-27;7800000;microempresarial
masculino;industria;fabrica de;barrio caicedo;1;4;2019-04-02;3000000;microempresarial
femenino;industria;fabrica de;barrio caicedo;1;4;2018-07-05;7000000;microempresarial
femenino;comercio;ferreteria;barrio caicedo;2;4;2018-01-25;5000000;microempresarial
femenino;comercio;comidas rapidas;barrio caicedo;2;4;2017-10-25;248087;microempresarial
femenino;comercio;almacen de ropa en;barrio caicedo;2;4;2018-05-15;5000000;microempresarial
femenino;industria;fabrica de;barrio caicedo;2;4;2018-07-06;6000000;microempresarial
femenino;comercio;comidas rapidas;barrio caicedo;2;4;2018-12-18;6000000;microempresarial
masculino;industria;fabrica de;barrio caicedo;1;4;2017-11-08;6000000;microempresarial
masculino;industria;carpinteria;barrio caicedo;2;4;2017-05-16;7000000;microempresarial
femenino;industria;fabrica de;barrio caicedo;3;4;2017-12-11;7000000;microempresarial
femenino;comercio;variedades;barrio caicedo;2;4;2017-09-13;2000000;microempresarial
masculino;comercio;almacen de ropa en;barrio caicedo;2;4;2016-11-28;2500000;microempresarial
femenino;comercio;distribuidora de;barrio caicedo;2;4;2018-03-14;3500000;microempresarial
masculino;comercio;comidas rapidas;barrio caicedo;1;4;2017-08-14;7000000;microempresarial
femenino;comercio;tienda;barrio caicedo;2;4;2018-01-31;2500000;microempresarial
femenino;comercio;variedades;barrio caicedo;1;4;2016-10-20;6890000;microempresarial
femenino;industria;fabrica de;barrio caicedo;1;4;2018-07-04;7000000;microempresarial
femenino;comercio;tienda;barrio caicedo;1;4;2016-09-20;6890000;microempresarial
femenino;industria;fabrica de;barrio caicedo;2;4;2017-10-12;6000000;microempresarial
femenino;servicio;barberia;barrio caicedo;2;4;2018-10-11;3000000;microempresarial
masculino;comercio;tienda;barrio caicedo;2;4;2016-11-10;6900000;microempresarial
femenino;comercio;tienda;barrio caicedo;2;4;2017-09-26;2000000;microempresarial
femenino;industria;fabrica de;barrio caicedo;1;4;2018-01-24;6500000;microempresarial
masculino;industria;fabrica de;barrio caicedo;1;4;2017-08-28;7377000;microempresarial
femenino;comercio;tienda;barrio caicedo;1;4;2018-11-16;3000000;microempresarial
femenino;comercio;comidas rapidas;barrio caicedo;3;4;2018-08-21;7800000;microempresarial
masculino;comercio;variedades;barrio caicedo;2;4;2018-04-25;7800000;microempresarial
masculino;comercio;almacen de ropa en;barrio caicedo;2;4;2018-06-06;1000000;microempresarial
femenino;industria;fabrica de;barrio caicedo;2;4;2017-09-18;7370000;microempresarial
femenino;comercio;comidas rapidas;barrio caicedo;3;4;2018-09-20;2000000;microempresarial
masculino;servicio;fabrica de arepas;barrio caicedo;3;4;2016-07-19;4000000;microempresarial
femenino;comercio;charcuteria;barrio caicedo;1;4;2016-11-25;5000000;microempresarial
femenino;comercio;variedades;barrio caicedo;3;4;2016-10-24;6890000;microempresarial
femenino;comercio;comidas rapidas;barrio caicedo;3;4;2018-04-03;7000000;microempresarial
femenino;comercio;miscelanea;barrio caicedo;3;4;2018-02-12;7000000;microempresarial
femenino;servicio;peluqueria;barrio caicedo;2;4;2017-10-11;7000000;microempresarial
femenino;servicio;restaurante;barrio caicedo;1;3;2016-04-07;6000000;microempresarial
masculino;industria;cerrajeria;barrio caicedo;2;3;2016-03-14;4000000;microempresarial
masculino;comercio;almacen de ropa en;barrio caicedo;2;3;2017-04-05;7300000;microempresarial
femenino;comercio;miscelanea;barrio caicedo;3;3;2019-04-05;8200000;microempresarial
masculino;servicio;mantenimiento en;barrio caicedo;2;3;2018-01-22;6000000;microempresarial
masculino;servicio;comidas rapidas;barrio caicedo;2;3;2019-05-10;8281000;microempresarial
masculino;industria;fabrica de;barrio caicedo;2;3;2016-04-01;6000000;microempresarial
femenino;comercio;variedades;barrio caicedo;3;3;2016-12-07;6890000;microempresarial
femenino;comercio;tienda;barrio caicedo;3;3;2017-01-04;6000000;microempresarial
masculino;comercio;tienda;barrio caicedo;2;3;2017-04-24;7300000;microempresarial
femenino;servicio;peluqueria;barrio caicedo;2;3;2018-04-16;2500000;microempresarial
masculino;industria;fabrica de;barrio caicedo;2;3;2016-02-15;2000000;microempresarial
femenino;servicio;mantenimiento en;barrio caicedo;2;3;2019-03-15;3000000;microempresarial
femenino;servicio;peluqueria;barrio caicedo;3;3;2017-08-10;5000000;microempresarial
femenino;comercio;tienda;barrio caicedo;2;3;2016-05-06;3500000;microempresarial
masculino;servicio;barberia;barrio caicedo;2;3;2017-07-17;7370000;microempresarial
masculino;industria;fabrica de;barrio caicedo;1;3;2016-03-17;6000000;microempresarial
masculino;comercio;charcuteria;barrio caicedo;1;3;2017-12-28;7000000;microempresarial
masculino;comercio;deposito de;barrio caicedo;1;3;2016-05-26;6890000;microempresarial
femenino;comercio;miscelanea;barrio caicedo;2;3;2019-01-25;7000000;microempresarial
masculino;comercio;variedades;barrio caicedo;1;3;2018-02-22;2000000;microempresarial
femenino;servicio;comidas rapidas;barrio caicedo;1;3;2016-04-22;4136000;microempresarial
femenino;servicio;fabrica de;barrio caicedo;1;3;2016-06-23;6000000;microempresarial
femenino;servicio;restaurante;barrio caicedo;1;3;2016-03-10;6890000;microempresarial
femenino;industria;fabrica de;barrio caicedo;2;3;2017-02-28;4500000;microempresarial
femenino;comercio;comidas rapidas;barrio caicedo;2;3;2019-05-27;4000000;microempresarial
femenino;comercio;tienda;barrio caicedo;3;3;2019-05-22;5000000;microempresarial
masculino;comercio;comidas rapidas;barrio caicedo;3;3;2019-05-22;1150000;microempresarial
masculino;comercio;variedades;barrio caicedo;2;3;2018-08-27;7800000;microempresarial
masculino;servicio;fabrica de;manrique oriental;2;3;2016-06-22;6890000;microempresarial
femenino;industria;fabrica de;manrique oriental;2;3;2018-02-02;6000000;microempresarial
femenino;comercio;tienda;manrique oriental;2;3;2016-06-27;1500000;microempresarial
femenino;comercio;tienda;manrique oriental;1;3;2016-03-30;6000000;microempresarial
femenino;industria;fabrica de;manrique oriental;3;3;2019-02-11;5000000;microempresarial
femenino;servicio;fabrica de;manrique oriental;2;3;2018-02-01;7800000;microempresarial
femenino;comercio;peluqueria;manrique oriental;2;3;2018-03-01;3000000;microempresarial
femenino;comercio;comidas rapidas;manrique oriental;3;3;2018-04-10;4000000;microempresarial
femenino;servicio;cafe e internet;manrique oriental;1;3;2016-06-07;6000000;microempresarial
femenino;comercio;comidas rapidas;manrique oriental;2;3;2018-12-10;1200000;microempresarial
femenino;industria;fabrica de;manrique oriental;1;3;2016-08-02;2000000;microempresarial
masculino;comercio;almacen de ropa en;manrique oriental;3;3;2016-06-15;6894550;microempresarial
femenino;comercio;variedades;manrique oriental;2;3;2017-02-24;6000000;microempresarial
femenino;comercio;tienda;manrique oriental;2;3;2016-06-10;6890000;microempresarial
masculino;comercio;variedades;manrique oriental;2;3;2017-01-06;2000000;microempresarial
femenino;comercio;tienda de helados;manrique oriental;2;3;2016-02-26;6500000;microempresarial
femenino;servicio;comidas rapidas;manrique oriental;1;3;2016-04-25;3000000;microempresarial
femenino;comercio;comidas rapidas;manrique oriental;1;3;2018-06-01;3000000;microempresarial
femenino;servicio;comidas rapidas;manrique oriental;2;3;2016-12-19;6890000;microempresarial
femenino;comercio;legumbreria;manrique oriental;2;3;2016-04-14;6000000;microempresarial
femenino;servicio;restaurante;manrique oriental;1;3;2018-01-26;7800000;microempresarial
femenino;industria;fabrica de;manrique oriental;2;3;2016-04-18;6000000;microempresarial
femenino;industria;fabrica de;manrique oriental;2;3;2019-05-08;8200000;microempresarial
masculino;comercio;tienda;manrique oriental;2;3;2017-12-22;4400000;microempresarial
femenino;servicio;peluqueria;manrique oriental;1;3;2019-05-10;4000000;microempresarial
femenino;servicio;peluqueria;manrique oriental;1;3;2017-12-06;7300000;microempresarial
femenino;comercio;tienda;manrique oriental;3;3;2016-08-04;6890000;microempresarial
femenino;servicio;peluqueria;manrique oriental;3;3;2017-04-18;2000000;microempresarial
femenino;comercio;papeleria;manrique oriental;1;3;2016-04-14;5000000;microempresarial
femenino;industria;fabrica de;manrique oriental;3;3;2017-05-19;6000000;microempresarial
femenino;comercio;variedades;manrique oriental;3;3;2016-12-13;4000000;microempresarial
femenino;servicio;peluqueria;manrique oriental;2;3;2017-11-29;6000000;microempresarial
masculino;comercio;variedades;manrique oriental;2;3;2018-05-31;7800000;microempresarial
femenino;comercio;tienda;manrique oriental;3;3;2017-08-04;7000000;microempresarial
femenino;servicio;cafeteria;manrique oriental;3;3;2016-02-23;6800000;microempresarial
femenino;comercio;tienda;manrique oriental;2;3;2018-01-30;4000000;microempresarial
femenino;servicio;comidas rapidas;manrique oriental;2;3;2016-08-22;3000000;microempresarial
femenino;comercio;tienda;manrique oriental;3;3;2017-08-11;2000000;microempresarial
femenino;comercio;fabrica de;manrique oriental;2;3;2018-05-30;7800000;microempresarial
masculino;servicio;organización y;manrique oriental;1;3;2016-04-26;6443500;microempresarial
femenino;servicio;peluqueria;manrique oriental;2;3;2018-05-25;7800000;microempresarial
femenino;comercio;comidas rapidas;manrique oriental;2;3;2018-06-15;7000000;microempresarial
masculino;comercio;variedades;manrique oriental;2;3;2018-01-29;7800000;microempresarial
femenino;industria;fabrica de;manrique oriental;2;3;2017-08-10;3000000;microempresarial
femenino;comercio;comidas rapidas;manrique oriental;2;3;2018-07-16;2000000;microempresarial
femenino;industria;fabrica de;manrique oriental;2;3;2019-06-12;4500000;microempresarial
femenino;comercio;comidas rapidas;manrique oriental;2;3;2017-04-18;4000000;microempresarial
masculino;servicio;barberia;manrique oriental;2;3;2018-03-02;7500000;microempresarial
masculino;comercio;recreativo educativo;manrique oriental;2;3;2016-05-11;6800000;microempresarial
femenino;comercio;tienda;manrique oriental;2;3;2017-06-30;7300000;microempresarial
femenino;comercio;variedades;manrique oriental;3;3;2017-08-03;7000000;microempresarial
femenino;comercio;miscelanea;manrique oriental;1;3;2016-12-13;6900000;microempresarial
masculino;comercio;tienda;manrique oriental;3;3;2016-07-27;4000000;microempresarial
femenino;comercio;comidas rapidas;manrique oriental;2;3;2018-11-02;7800000;microempresarial
femenino;industria;fabrica de;manrique oriental;3;3;2017-05-03;7370000;microempresarial
femenino;comercio;tienda;manrique oriental;2;3;2017-05-31;7000000;microempresarial
femenino;comercio;variedades;manrique oriental;1;3;2016-04-13;4136724;microempresarial
femenino;comercio;legumbreria;manrique oriental;2;3;2016-06-08;3000000;microempresarial
masculino;comercio;variedades;manrique oriental;1;3;2019-04-03;8281000;microempresarial
femenino;industria;fabrica de;manrique oriental;3;3;2016-12-07;5000000;microempresarial
femenino;comercio;variedades;manrique oriental;2;3;2017-05-04;7377000;microempresarial
masculino;servicio;mantenimiento en;manrique oriental;3;3;2018-04-03;5500000;microempresarial
femenino;industria;ebanistaria;manrique oriental;1;3;2016-12-19;6000000;microempresarial
femenino;comercio;variedades;manrique oriental;2;3;2018-04-17;3000000;microempresarial
masculino;comercio;variedades;manrique oriental;2;3;2019-01-15;8200000;microempresarial
masculino;comercio;variedades;manrique oriental;3;3;2019-01-04;6350000;microempresarial
femenino;industria;fabrica de;manrique oriental;2;3;2018-01-29;7800000;microempresarial
femenino;industria;fabrica de;manrique oriental;3;3;2017-03-09;3000000;microempresarial
masculino;servicio;lavanderia;manrique oriental;2;3;2016-05-31;6890000;microempresarial
femenino;comercio;variedades;manrique oriental;2;3;2018-10-25;7800000;microempresarial
femenino;servicio;gimnasio;manrique oriental;2;3;2017-05-09;5000000;microempresarial
masculino;comercio;granero;manrique oriental;3;3;2017-03-15;7000000;microempresarial
femenino;industria;fabrica de;manrique oriental;2;3;2019-01-15;1500000;microempresarial
femenino;industria;fabrica de calzado;manrique oriental;1;3;2018-04-17;2000000;microempresarial
masculino;comercio;variedades;manrique oriental;1;3;2016-06-07;6890000;microempresarial
femenino;servicio;restaurante;manrique oriental;1;3;2018-02-14;7800000;microempresarial
femenino;agropecuaria;tienda;manrique oriental;1;3;2016-11-25;3000000;microempresarial
femenino;servicio;peluqueria;manrique oriental;2;3;2016-05-20;5500000;microempresarial
femenino;comercio;distribuidora de;manrique oriental;2;3;2016-02-16;6890000;microempresarial
femenino;comercio;variedades;manrique oriental;2;3;2016-11-24;6900000;microempresarial
femenino;comercio;variedades;manrique oriental;3;3;2016-08-23;3500000;microempresarial
femenino;comercio;variedades;manrique oriental;1;3;2019-01-09;3750000;microempresarial
femenino;agropecuaria;criadero de animales;manrique oriental;1;3;2018-07-19;7812000;microempresarial
masculino;comercio;fabrica de;manrique oriental;2;3;2016-06-23;6890000;microempresarial
femenino;comercio;variedades;manrique oriental;2;3;2017-02-20;7377000;microempresarial
femenino;comercio;papeleria;manrique oriental;3;3;2018-02-09;7800000;microempresarial
femenino;servicio;cafe e internet;manrique oriental;1;3;2016-08-03;5000000;microempresarial
masculino;comercio;miscelanea;manrique oriental;2;3;2018-09-24;7800000;microempresarial
femenino;comercio;comidas rapidas;manrique oriental;3;3;2017-07-28;7000000;microempresarial
masculino;comercio;tienda;manrique oriental;2;3;2016-11-30;6000000;microempresarial
femenino;servicio;peluqueria;manrique oriental;1;3;2018-11-21;3000000;microempresarial
masculino;comercio;tienda;manrique oriental;1;3;2018-05-24;7800000;microempresarial
masculino;servicio;cafe e internet;manrique oriental;3;3;2018-07-25;5000000;microempresarial
femenino;comercio;miscelanea;manrique oriental;2;3;2017-06-28;7000000;microempresarial
femenino;comercio;comidas rapidas;manrique oriental;3;3;2018-03-01;4000000;microempresarial
femenino;comercio;variedades;manrique oriental;2;3;2018-03-02;7800000;microempresarial
masculino;servicio;cafe e internet;manrique oriental;3;3;2017-01-19;3000000;microempresarial
femenino;comercio;variedades;manrique oriental;1;3;2018-04-04;7800000;microempresarial
femenino;servicio;cafe e internet;manrique oriental;1;3;2016-05-06;6800000;microempresarial
masculino;industria;fabrica de calzado;manrique oriental;1;3;2018-10-12;7800000;microempresarial
masculino;comercio;tienda;manrique oriental;3;3;2017-08-29;7370000;microempresarial
masculino;comercio;variedades;manrique oriental;2;3;2018-02-26;5000000;microempresarial
masculino;comercio;variedades;manrique oriental;1;3;2016-12-19;6000000;microempresarial
masculino;comercio;recreativo educativo;manrique oriental;2;3;2017-03-30;4500000;juridica y cap.semilla
femenino;comercio;variedades;manrique oriental;2;3;2016-12-21;1000000;microempresarial
femenino;comercio;variedades;manrique oriental;2;3;2017-12-12;7000000;microempresarial
femenino;industria;fabrica de;manrique oriental;1;3;2018-01-26;4000000;microempresarial
femenino;servicio;fabrica de;manrique oriental;3;3;2016-08-17;6800000;microempresarial
masculino;industria;variedades;manrique oriental;2;3;2018-08-01;7800000;microempresarial
masculino;comercio;tienda;manrique oriental;2;3;2019-01-09;7800000;microempresarial
masculino;servicio;cerrajeria;manrique oriental;2;3;2018-07-19;7800000;microempresarial
femenino;comercio;almacen de ropa en;manrique oriental;1;3;2017-06-08;7377000;microempresarial
masculino;servicio;peluqueria;manrique oriental;1;3;2016-11-04;6890000;microempresarial
femenino;industria;fabrica de calzado;manrique oriental;2;3;2017-04-18;7370000;microempresarial
femenino;comercio;cafe e internet;manrique oriental;3;3;2018-03-22;7800000;microempresarial
femenino;industria;fabrica de;manrique oriental;2;3;2016-06-01;3000000;microempresarial
femenino;servicio;fabrica de;manrique oriental;1;3;2016-07-27;5000000;microempresarial
masculino;industria;fabrica de;manrique oriental;3;16;2016-06-16;5000000;microempresarial
femenino;industria;fabrica de;manrique oriental;2;3;2017-08-09;4500000;microempresarial
femenino;servicio;panaderia;manrique oriental;3;3;2017-04-03;6000000;microempresarial
masculino;comercio;distribuidora de;manrique oriental;2;3;2016-09-13;6890000;microempresarial
femenino;comercio;variedades;manrique oriental;2;3;2017-08-30;7377000;microempresarial
masculino;comercio;variedades;manrique oriental;2;3;2019-05-22;8000000;microempresarial
femenino;comercio;cafe e internet;manrique oriental;2;3;2018-02-26;2000000;microempresarial
femenino;industria;fabrica de;manrique oriental;3;3;2018-04-16;6000000;microempresarial
femenino;comercio;tienda de helados;manrique oriental;3;3;2016-05-05;4000000;microempresarial
femenino;comercio;variedades;manrique oriental;3;3;2018-06-15;1500000;microempresarial
masculino;comercio;taller de mecanica;manrique oriental;3;3;2018-05-29;5000000;microempresarial
femenino;comercio;fabrica de calzado;manrique oriental;1;3;2017-04-19;7370000;microempresarial
femenino;comercio;variedades;manrique oriental;2;3;2016-04-12;3000000;microempresarial
masculino;servicio;barberia;manrique oriental;2;3;2017-10-18;7000000;microempresarial
femenino;comercio;variedades;manrique oriental;1;3;2018-01-19;4000000;microempresarial
femenino;servicio;peluqueria;manrique oriental;3;3;2016-09-16;6000000;microempresarial
femenino;comercio;variedades;manrique oriental;2;3;2019-03-15;6000000;microempresarial
femenino;comercio;distribuidora de;manrique oriental;2;3;2016-11-11;5000000;microempresarial
femenino;industria;fabrica de;manrique oriental;1;3;2018-11-21;7000000;microempresarial
femenino;comercio;variedades;manrique oriental;2;3;2016-02-24;6000000;microempresarial
femenino;industria;fabrica de;manrique oriental;1;3;2016-09-13;6890000;microempresarial
femenino;comercio;variedades;manrique oriental;3;3;2018-04-18;5500000;microempresarial
femenino;comercio;almacen de ropa en;manrique oriental;2;3;2016-11-23;6890000;microempresarial
masculino;comercio;variedades;manrique oriental;2;3;2018-07-16;7800000;microempresarial
masculino;industria;fabrica de;manrique oriental;2;3;2017-08-09;5000000;microempresarial
masculino;comercio;fabrica de alimentos;manrique oriental;2;3;2016-07-12;6000000;microempresarial
femenino;servicio;cafe e internet;manrique oriental;2;3;2016-09-14;6890000;microempresarial
femenino;comercio;variedades;manrique oriental;2;3;2016-03-28;3000000;microempresarial
femenino;comercio;fabrica de;manrique oriental;1;3;2016-08-02;6800000;microempresarial
femenino;comercio;almacen de ropa en;manrique oriental;2;3;2017-11-15;7370000;microempresarial
femenino;comercio;tienda;manrique oriental;3;3;2019-05-08;8000000;microempresarial
femenino;servicio;comidas rapidas;manrique oriental;2;3;2016-06-01;6800000;microempresarial
femenino;comercio;variedades;manrique oriental;1;3;2018-06-01;5000000;microempresarial
femenino;servicio;cafe e internet;manrique oriental;2;3;2016-08-08;3000000;microempresarial
femenino;comercio;tienda;manrique oriental;1;3;2016-06-16;6000000;microempresarial
femenino;comercio;papeleria;manrique oriental;1;3;2018-02-16;4000000;microempresarial
femenino;comercio;variedades;manrique oriental;2;3;2016-09-12;6890000;microempresarial
femenino;servicio;variedades;manrique oriental;3;3;2018-10-03;7000000;microempresarial
femenino;industria;fabrica de;manrique oriental;2;3;2017-02-28;30000000;empresarial ed.
masculino;comercio;ferreteria;manrique oriental;1;3;2018-10-18;4500000;microempresarial
masculino;servicio;barberia;manrique oriental;1;3;2016-12-21;5000000;microempresarial
femenino;industria;fabrica de;manrique oriental;2;3;2018-08-17;5000000;microempresarial
masculino;comercio;variedades;manrique oriental;2;3;2016-04-14;6850000;microempresarial
femenino;industria;fabrica de;manrique oriental;2;3;2016-09-13;6890000;microempresarial
femenino;servicio;fabrica de repuestos;manrique oriental;2;3;2016-11-23;6000000;microempresarial
masculino;industria;fabrica de;manrique oriental;2;3;2018-06-21;6000000;microempresarial
masculino;servicio;mantenimiento en;manrique oriental;3;3;2018-04-10;3500000;microempresarial
masculino;comercio;tienda;manrique oriental;2;3;2018-06-15;2000000;microempresarial
femenino;comercio;variedades;manrique oriental;2;3;2016-04-12;2000000;microempresarial
femenino;comercio;almacen de ropa en;manrique oriental;2;3;2017-08-01;7377000;microempresarial
femenino;servicio;venta de lacteos;manrique oriental;2;3;2016-10-03;6890000;microempresarial
femenino;industria;fabrica de;manrique oriental;2;3;2016-02-23;6000000;microempresarial
masculino;comercio;variedades;manrique oriental;2;3;2016-11-08;6000000;microempresarial
femenino;comercio;variedades;manrique oriental;1;3;2016-05-27;4000000;microempresarial
masculino;comercio;venta de calzado;manrique oriental;2;3;2018-05-30;7800000;microempresarial
femenino;industria;fabrica de;manrique oriental;3;3;2018-07-31;5000000;microempresarial
femenino;comercio;tienda;manrique oriental;2;3;2016-06-08;4000000;microempresarial
femenino;servicio;peluqueria;manrique oriental;2;3;2016-04-21;5000000;microempresarial
femenino;industria;fabrica de;manrique oriental;2;3;2016-12-07;6890000;microempresarial
femenino;comercio;comidas rapidas;manrique oriental;2;3;2018-09-17;4000000;microempresarial
femenino;servicio;publicidad y;manrique oriental;2;3;2016-11-10;6890000;microempresarial
femenino;industria;tienda;manrique oriental;1;3;2016-08-23;6000000;microempresarial
femenino;industria;fabrica de;manrique oriental;3;3;2018-05-31;7000000;microempresarial
femenino;comercio;charcuteria;manrique oriental;2;3;2016-11-25;6890000;microempresarial
femenino;comercio;tienda;manrique oriental;2;3;2019-04-25;8200000;microempresarial
femenino;industria;fabrica de;manrique oriental;2;3;2016-05-11;6000000;microempresarial
masculino;comercio;variedades;manrique oriental;2;3;2016-05-05;1500000;microempresarial
masculino;servicio;comidas rapidas;manrique oriental;1;3;2017-05-30;5000000;microempresarial
femenino;servicio;organización y;manrique oriental;2;3;2016-06-07;6890000;microempresarial
masculino;servicio;fabrica de;manrique oriental;2;3;2016-02-19;2000000;microempresarial
femenino;industria;fabrica de;manrique oriental;2;3;2018-07-25;7000000;microempresarial
femenino;comercio;peluqueria;manrique oriental;2;3;2018-04-10;4000000;microempresarial
masculino;servicio;ebanistaria;manrique oriental;3;3;2019-04-04;7000000;microempresarial
masculino;servicio;carpinteria;manrique oriental;2;3;2018-05-31;6000000;microempresarial
femenino;comercio;variedades;manrique oriental;1;3;2018-04-11;4000000;microempresarial
femenino;servicio;fabrica de helados;manrique oriental;1;3;2017-02-02;5000000;microempresarial
masculino;servicio;mantenimiento en;manrique oriental;3;3;2016-02-24;6443500;microempresarial
masculino;comercio;restaurante;manrique oriental;3;3;2018-06-21;6000000;microempresarial
femenino;servicio;taller de mecanica;manrique oriental;1;3;2018-05-31;7812000;microempresarial
femenino;comercio;miscelanea;manrique oriental;1;3;2018-01-15;5000000;microempresarial
femenino;industria;panaderia;manrique oriental;3;3;2016-05-12;6890000;microempresarial
masculino;industria;variedades;manrique oriental;2;3;2017-04-21;6000000;microempresarial
femenino;comercio;peluqueria;manrique oriental;2;3;2017-03-22;6900000;microempresarial
masculino;industria;fabrica de traperos;manrique oriental;2;3;2016-04-28;6890000;microempresarial
femenino;comercio;almacen de ropa en;manrique oriental;2;3;2017-12-07;4400000;microempresarial
femenino;industria;panaderia;manrique oriental;1;3;2018-02-22;7800000;microempresarial
masculino;comercio;carniceria;manrique oriental;2;3;2018-03-02;7000000;microempresarial
masculino;comercio;variedades;manrique oriental;1;3;2016-04-05;4100000;microempresarial
femenino;servicio;peluqueria;manrique oriental;2;3;2018-01-18;5000000;microempresarial
masculino;servicio;mantenimiento en;manrique oriental;3;3;2016-03-18;6800000;microempresarial
femenino;industria;fabrica de;manrique oriental;2;3;2017-08-08;7300000;microempresarial
femenino;industria;fabrica de calzado;manrique oriental;2;3;2016-04-04;6800000;microempresarial
femenino;comercio;comidas rapidas;manrique oriental;3;3;2018-11-23;5000000;microempresarial
masculino;comercio;joyeria;manrique oriental;3;3;2016-05-12;5000000;microempresarial
femenino;comercio;variedades;manrique oriental;2;3;2016-07-15;2000000;microempresarial
femenino;comercio;variedades;manrique oriental;3;3;2016-09-26;5000000;microempresarial
masculino;industria;fabrica de;manrique oriental;3;3;2017-11-03;5000000;microempresarial
masculino;industria;ebanistaria;manrique oriental;2;3;2018-02-07;7812000;microempresarial
femenino;industria;fabrica de;manrique oriental;3;3;2016-03-28;6890000;microempresarial
femenino;comercio;tienda;manrique oriental;2;3;2018-04-10;7812000;microempresarial
femenino;industria;fabrica de;manrique oriental;3;3;2016-10-26;5300000;microempresarial
femenino;comercio;variedades;manrique oriental;2;3;2018-04-20;5000000;microempresarial
masculino;comercio;comidas rapidas;manrique oriental;2;3;2016-04-11;5000000;microempresarial
femenino;servicio;comidas rapidas;manrique oriental;3;3;2016-10-13;6890000;microempresarial
femenino;industria;fabrica de;manrique oriental;2;3;2017-03-23;4000000;microempresarial
femenino;industria;fabrica de;manrique oriental;3;3;2018-05-29;7000000;microempresarial
femenino;comercio;tienda de helados;manrique oriental;3;3;2016-06-14;4000000;microempresarial
femenino;comercio;legumbreria;manrique oriental;1;3;2018-06-21;5000000;microempresarial
femenino;industria;fabrica de;manrique oriental;2;3;2016-08-19;6890000;microempresarial
masculino;servicio;taller de mecanica;manrique oriental;1;3;2018-07-10;2500000;microempresarial
masculino;comercio;comidas rapidas;manrique oriental;3;3;2019-05-22;1000000;microempresarial
femenino;comercio;papeleria;manrique oriental;2;3;2019-01-04;3000000;microempresarial
femenino;comercio;variedades;manrique oriental;1;3;2019-03-15;8280000;microempresarial
masculino;comercio;deposito de;manrique oriental;2;3;2016-12-13;6890000;microempresarial
femenino;comercio;variedades;doce de octubre no.1;2;3;2018-04-19;5000000;microempresarial
femenino;comercio;almacen de ropa en;doce de octubre no.1;2;3;2018-04-12;7800000;microempresarial
femenino;comercio;almacen de ropa en;doce de octubre no.1;2;3;2016-09-01;3000000;microempresarial
femenino;industria;fabrica de;doce de octubre no.1;3;3;2017-02-23;4000000;microempresarial
femenino;comercio;comidas rapidas;doce de octubre no.1;3;3;2019-01-18;5000000;microempresarial
femenino;comercio;variedades;doce de octubre no.1;2;3;2019-05-22;3000000;microempresarial
masculino;comercio;tienda;doce de octubre no.1;1;3;2018-10-18;7800000;microempresarial
femenino;industria;fabrica de;doce de octubre no.1;1;3;2017-01-13;5000000;microempresarial
femenino;industria;fabrica de;doce de octubre no.1;2;3;2018-09-17;6000000;microempresarial
femenino;servicio;variedades;doce de octubre no.1;3;3;2016-06-09;6000000;microempresarial
femenino;comercio;almacen de ropa en;doce de octubre no.1;2;3;2018-01-17;7800000;microempresarial
femenino;comercio;fabrica de;doce de octubre no.1;2;3;2019-01-21;7800000;microempresarial
femenino;comercio;peluqueria;doce de octubre no.1;3;3;2016-06-21;4000000;microempresarial
femenino;industria;fabrica de;doce de octubre no.1;1;3;2017-01-06;7000000;microempresarial
femenino;servicio;variedades;doce de octubre no.1;2;3;2017-07-21;7300000;microempresarial
femenino;comercio;tienda;doce de octubre no.1;1;3;2018-05-21;7800000;microempresarial
femenino;comercio;tienda;doce de octubre no.1;2;3;2019-06-07;7000000;microempresarial
masculino;comercio;almacen de ropa en;doce de octubre no.1;2;3;2018-02-28;7000000;microempresarial
masculino;industria;cerrajeria;doce de octubre no.1;2;3;2016-04-22;8000000;microempresarial
femenino;comercio;variedades;doce de octubre no.1;1;3;2019-05-03;8000000;microempresarial
femenino;comercio;almacen de ropa en;doce de octubre no.1;3;3;2019-02-13;8000000;microempresarial
femenino;industria;carpinteria;doce de octubre no.1;2;3;2017-08-09;7370000;microempresarial
masculino;industria;fabrica de;doce de octubre no.1;2;3;2016-12-07;6890000;microempresarial
femenino;comercio;comidas rapidas;doce de octubre no.1;2;3;2018-06-27;2000000;microempresarial
femenino;servicio;tienda;doce de octubre no.1;2;3;2018-06-22;7800000;microempresarial
femenino;industria;fabrica de;doce de octubre no.1;2;3;2018-05-09;7000000;microempresarial
masculino;industria;fabrica de;doce de octubre no.1;2;3;2018-05-28;7000000;microempresarial
femenino;comercio;almacen de ropa en;doce de octubre no.1;2;3;2019-03-14;3000000;microempresarial
femenino;industria;fabrica de;doce de octubre no.1;2;3;2018-10-24;1000000;microempresarial
femenino;industria;fabrica de;doce de octubre no.1;2;3;2019-05-22;6000000;microempresarial
femenino;servicio;comidas rapidas;doce de octubre no.1;2;3;2017-07-12;4400000;microempresarial
masculino;comercio;comidas rapidas;doce de octubre no.1;3;3;2018-07-27;7800000;microempresarial
masculino;comercio;fabrica de calzado;doce de octubre no.1;2;3;2019-03-27;8000000;microempresarial
femenino;comercio;variedades;doce de octubre no.1;3;3;2019-05-31;7500000;microempresarial
femenino;comercio;tienda de helados;doce de octubre no.1;2;3;2018-11-14;3000000;microempresarial
masculino;industria;fabrica de;doce de octubre no.1;2;3;2018-05-04;7812000;microempresarial
masculino;comercio;carpinteria;doce de octubre no.1;2;3;2017-01-04;5000000;microempresarial
masculino;servicio;peluqueria;doce de octubre no.1;1;3;2017-07-12;7370000;microempresarial
masculino;servicio;peluqueria;doce de octubre no.1;2;3;2019-04-29;6000000;microempresarial
masculino;industria;fabrica de;doce de octubre no.1;2;3;2016-08-29;6800000;microempresarial
femenino;comercio;variedades;doce de octubre no.1;1;3;2018-05-21;7000000;microempresarial
femenino;comercio;variedades;doce de octubre no.1;2;3;2017-05-03;5000000;microempresarial
masculino;comercio;legumbreria;doce de octubre no.1;1;3;2017-12-22;4000000;microempresarial
femenino;servicio;comidas rapidas;doce de octubre no.1;2;4;2019-06-13;8200000;microempresarial
femenino;comercio;tienda;doce de octubre no.1;2;4;2019-02-19;6000000;microempresarial
masculino;comercio;almacen de ropa en;doce de octubre no.1;2;3;2016-12-21;6000000;microempresarial
femenino;industria;fabrica de;doce de octubre no.1;2;3;2017-03-29;3500000;microempresarial
femenino;servicio;peluqueria;doce de octubre no.1;3;3;2018-08-09;5000000;microempresarial
masculino;comercio;tienda;doce de octubre no.1;2;3;2017-11-29;7300000;microempresarial
masculino;servicio;mantenimiento en;doce de octubre no.1;2;3;2018-08-06;7000000;microempresarial
femenino;comercio;comidas rapidas;doce de octubre no.1;2;3;2017-07-18;7377000;microempresarial
masculino;industria;carpinteria;doce de octubre no.1;2;3;2017-07-18;7377000;microempresarial
masculino;servicio;peluqueria;doce de octubre no.1;2;3;2018-10-29;5000000;microempresarial
masculino;servicio;variedades;doce de octubre no.1;2;4;2019-01-24;6000000;microempresarial
masculino;industria;fabrica de;doce de octubre no.1;1;3;2017-07-12;6000000;microempresarial
masculino;comercio;almacen de ropa en;doce de octubre no.1;2;3;2017-12-01;7377000;microempresarial
femenino;servicio;variedades;doce de octubre no.1;2;3;2017-07-17;7300000;microempresarial
masculino;comercio;tienda;doce de octubre no.1;2;3;2016-08-29;1200000;microempresarial
femenino;servicio;peluqueria;doce de octubre no.1;1;3;2018-06-18;5000000;microempresarial
femenino;servicio;ferreteria;doce de octubre no.1;2;3;2017-02-03;6000000;microempresarial
femenino;comercio;almacen de ropa en;doce de octubre no.1;2;3;2017-08-01;7377000;microempresarial
femenino;comercio;comidas rapidas;doce de octubre no.1;1;3;2018-05-10;5000000;microempresarial
masculino;comercio;fabrica de;doce de octubre no.1;2;3;2016-10-05;2000000;microempresarial
masculino;comercio;fabrica de colchones;doce de octubre no.1;1;3;2018-10-31;6000000;microempresarial
masculino;comercio;restaurante;doce de octubre no.1;1;3;2017-07-13;7370000;microempresarial
femenino;industria;fabrica de;doce de octubre no.1;2;3;2018-04-19;3000000;microempresarial
femenino;servicio;variedades;doce de octubre no.1;2;3;2018-04-17;7800000;microempresarial
femenino;industria;fabrica de;doce de octubre no.1;1;3;2018-04-17;2300000;microempresarial
femenino;comercio;cafeteria;doce de octubre no.1;2;3;2016-12-19;5000000;microempresarial
masculino;comercio;tienda;doce de octubre no.1;2;3;2016-06-09;6890000;microempresarial
femenino;comercio;variedades;doce de octubre no.1;1;3;2018-10-18;4000000;microempresarial
femenino;comercio;comidas rapidas;doce de octubre no.1;2;3;2018-05-04;5000000;microempresarial
masculino;servicio;mantenimiento en;doce de octubre no.1;3;3;2018-07-31;7800000;microempresarial
masculino;comercio;comidas rapidas;doce de octubre no.1;2;3;2019-05-31;8200000;microempresarial
femenino;industria;fabrica de;doce de octubre no.1;2;3;2018-06-18;7000000;microempresarial
masculino;comercio;variedades;doce de octubre no.1;3;3;2018-06-18;7000000;microempresarial
femenino;comercio;ferreteria;doce de octubre no.1;1;3;2017-10-24;7377000;microempresarial
femenino;servicio;charcuteria;doce de octubre no.1;2;3;2016-04-19;14000000;microempresarial
femenino;servicio;productos de belleza;doce de octubre no.1;2;3;2018-09-05;1000000;microempresarial
femenino;comercio;comidas rapidas;doce de octubre no.1;2;3;2018-05-25;782000;microempresarial
femenino;comercio;almacen de ropa en;doce de octubre no.1;3;3;2017-01-24;2000000;microempresarial
masculino;comercio;variedades;doce de octubre no.1;2;3;2017-03-06;7347000;microempresarial
femenino;comercio;tienda;doce de octubre no.1;2;3;2018-01-31;7000000;microempresarial
femenino;servicio;peluqueria;doce de octubre no.1;2;3;2018-04-04;7800000;microempresarial
femenino;industria;fabrica de;doce de octubre no.1;2;3;2018-05-21;6000000;microempresarial
masculino;servicio;lavadero de;doce de octubre no.1;2;3;2018-07-09;7800000;microempresarial
femenino;comercio;almacen de ropa en;doce de octubre no.1;2;3;2017-03-07;7377000;microempresarial
femenino;comercio;tienda;doce de octubre no.1;1;3;2019-03-07;8200000;microempresarial
femenino;comercio;cafeteria;doce de octubre no.1;3;3;2019-01-25;5000000;microempresarial
femenino;comercio;comidas rapidas;doce de octubre no.1;3;10;2019-06-14;3457000;microempresarial
masculino;comercio;fabrica de alimentos;doce de octubre no.1;2;3;2016-08-29;4000000;microempresarial
masculino;servicio;restaurante;doce de octubre no.1;2;3;2018-04-16;7800000;microempresarial
femenino;comercio;variedades;doce de octubre no.1;2;3;2018-05-11;800000;microempresarial
femenino;industria;fabrica de;doce de octubre no.1;2;3;2016-09-01;6890000;microempresarial
femenino;comercio;comidas rapidas;doce de octubre no.1;1;3;2018-06-21;3000000;microempresarial
femenino;comercio;variedades;doce de octubre no.1;2;3;2018-03-22;5000000;microempresarial
femenino;servicio;peluqueria;doce de octubre no.1;1;3;2017-02-03;7377000;microempresarial
masculino;industria;carpinteria;doce de octubre no.1;1;3;2018-04-10;3000000;microempresarial
masculino;servicio;mantenimiento en;doce de octubre no.1;2;3;2017-10-11;1200000;microempresarial
masculino;industria;publicidad y;doce de octubre no.1;1;3;2017-11-27;3600000;microempresarial
masculino;industria;fabrica de;doce de octubre no.1;2;3;2017-03-06;7300000;microempresarial
masculino;comercio;tienda;doce de octubre no.1;2;3;2017-06-09;7300000;microempresarial
femenino;comercio;papeleria;doce de octubre no.1;2;3;2019-01-02;7000000;microempresarial
femenino;comercio;tienda;doce de octubre no.1;2;3;2018-03-20;7800000;microempresarial
masculino;comercio;variedades;doce de octubre no.1;2;3;2019-01-28;8200000;microempresarial
femenino;servicio;hoteles moteles;doce de octubre no.1;3;3;2016-09-27;6890000;microempresarial
masculino;servicio;taller de mecanica;doce de octubre no.1;2;3;2017-09-18;7370000;microempresarial
femenino;industria;fabrica de;doce de octubre no.1;2;3;2019-05-29;8000000;microempresarial
femenino;servicio;cafe e internet;doce de octubre no.1;2;3;2017-06-01;7370000;microempresarial
femenino;industria;fabrica de;doce de octubre no.1;2;3;2018-12-21;7800000;microempresarial
femenino;comercio;comidas rapidas;doce de octubre no.1;3;3;2018-05-21;782000;microempresarial
femenino;servicio;barberia;doce de octubre no.1;3;8;2019-02-28;4500000;microempresarial
masculino;comercio;variedades;doce de octubre no.1;3;3;2017-03-03;7377000;microempresarial
masculino;comercio;distribuidora de;doce de octubre no.1;2;3;2018-09-21;7800000;microempresarial
femenino;comercio;ferreteria;doce de octubre no.1;2;3;2018-07-27;7800000;microempresarial
femenino;industria;fabrica de;doce de octubre no.1;2;3;2018-03-06;7812000;microempresarial
masculino;comercio;tienda;doce de octubre no.1;2;3;2019-05-31;8000000;microempresarial
femenino;comercio;tienda;doce de octubre no.1;3;3;2017-09-15;7000000;microempresarial
femenino;comercio;tienda de helados;doce de octubre no.1;2;3;2018-11-14;7812000;microempresarial
femenino;comercio;comidas rapidas;doce de octubre no.1;2;3;2018-03-12;3000000;microempresarial
femenino;comercio;charcuteria;doce de octubre no.1;3;3;2018-07-04;7000000;microempresarial
femenino;industria;fabrica de;doce de octubre no.1;2;3;2017-08-17;7377000;microempresarial
femenino;comercio;fabrica de;doce de octubre no.1;1;3;2018-04-03;6000000;microempresarial
femenino;industria;marqueteria;doce de octubre no.1;1;3;2016-12-16;6800000;microempresarial
femenino;industria;fabrica de;doce de octubre no.1;2;3;2019-06-18;7800000;microempresarial
femenino;comercio;comidas rapidas;doce de octubre no.1;2;3;2019-05-07;3500000;microempresarial
femenino;servicio;peluqueria;doce de octubre no.1;2;3;2018-04-30;7800000;microempresarial
masculino;servicio;barberia;doce de octubre no.1;1;3;2018-04-10;7800000;microempresarial
femenino;industria;fabrica de;doce de octubre no.1;1;3;2017-06-01;3000000;microempresarial
femenino;comercio;comidas rapidas;doce de octubre no.1;2;3;2017-07-13;2500000;microempresarial
masculino;comercio;tienda;doce de octubre no.1;2;3;2018-10-03;6000000;microempresarial
masculino;comercio;miscelanea;doce de octubre no.1;2;3;2016-10-18;6500000;microempresarial
femenino;comercio;almacen de ropa en;doce de octubre no.1;2;3;2017-02-02;5000000;microempresarial
masculino;comercio;ferreteria;doce de octubre no.1;1;3;2018-06-22;7800000;microempresarial
femenino;comercio;fabrica de helados;doce de octubre no.1;2;3;2018-03-01;4000000;microempresarial
masculino;comercio;tienda;doce de octubre no.1;2;3;2017-08-03;5000000;microempresarial
masculino;industria;fabrica de;doce de octubre no.1;2;3;2018-05-25;7800000;microempresarial
femenino;industria;fabrica de;doce de octubre no.1;2;3;2017-05-31;6500000;microempresarial
femenino;comercio;comidas rapidas;doce de octubre no.1;2;7;2018-05-30;7800000;microempresarial
masculino;servicio;taller de mecanica;doce de octubre no.1;1;3;2017-07-31;4000000;microempresarial
masculino;comercio;fabrica de;doce de octubre no.1;3;3;2018-04-18;7800000;microempresarial
masculino;industria;recreativo educativo;doce de octubre no.1;1;3;2019-02-13;7500000;microempresarial
masculino;industria;carpinteria;doce de octubre no.1;2;3;2017-08-29;7000000;microempresarial
femenino;comercio;variedades;doce de octubre no.1;2;3;2016-11-29;3800000;microempresarial
femenino;industria;fabrica de colchones;doce de octubre no.1;2;3;2017-10-18;6000000;microempresarial
femenino;servicio;peluqueria;doce de octubre no.1;1;3;2016-06-22;6000000;microempresarial
femenino;comercio;miscelanea;doce de octubre no.1;2;3;2018-11-02;6000000;microempresarial
femenino;comercio;variedades;doce de octubre no.1;1;3;2018-06-22;7800000;microempresarial
femenino;comercio;marqueteria;doce de octubre no.1;3;3;2017-04-05;6000000;microempresarial
femenino;comercio;comidas rapidas;doce de octubre no.1;1;4;2017-09-21;3000000;microempresarial
masculino;servicio;montallantas;doce de octubre no.1;3;3;2019-03-22;7000000;microempresarial
masculino;servicio;comidas rapidas;doce de octubre no.1;1;3;2016-09-05;6000000;microempresarial
femenino;comercio;tienda;doce de octubre no.1;1;3;2017-06-20;7300000;microempresarial
femenino;comercio;variedades;doce de octubre no.1;2;3;2018-01-18;2000000;microempresarial
femenino;comercio;comidas rapidas;doce de octubre no.1;2;3;2017-06-20;5000000;microempresarial
masculino;comercio;legumbreria;doce de octubre no.1;3;3;2018-03-20;7800000;microempresarial
femenino;comercio;tienda;doce de octubre no.1;1;3;2018-05-07;7000000;microempresarial
femenino;comercio;distribuidora de;doce de octubre no.1;2;8;2019-03-01;5500000;microempresarial
femenino;servicio;charcuteria;doce de octubre no.1;2;3;2018-07-10;4000000;microempresarial
masculino;comercio;comidas rapidas;doce de octubre no.1;2;3;2018-12-04;7812000;microempresarial
masculino;comercio;variedades;doce de octubre no.1;2;3;2017-08-01;3000000;microempresarial
masculino;servicio;ferreteria;doce de octubre no.1;1;3;2016-07-26;6890000;microempresarial
femenino;comercio;variedades;doce de octubre no.1;2;3;2018-03-23;4000000;microempresarial
masculino;industria;fabrica de;doce de octubre no.1;1;3;2017-03-27;7000000;microempresarial
femenino;comercio;tienda;doce de octubre no.1;2;3;2017-08-17;7000000;microempresarial
femenino;comercio;tienda de helados;doce de octubre no.1;2;4;2019-01-23;5000000;microempresarial
femenino;comercio;tienda;doce de octubre no.1;1;3;2016-07-28;6000000;microempresarial
femenino;comercio;almacen de ropa en;doce de octubre no.1;2;3;2018-10-29;4000000;microempresarial
masculino;servicio;mantenimiento en;doce de octubre no.1;2;3;2018-07-10;19530000;empresarial ed.
femenino;comercio;papeleria;doce de octubre no.1;2;3;2018-10-31;5000000;microempresarial
femenino;comercio;tienda;doce de octubre no.1;2;3;2019-04-29;6750000;microempresarial
femenino;industria;fabrica de;doce de octubre no.1;3;3;2017-06-06;5000000;microempresarial
masculino;industria;fabrica de;doce de octubre no.1;2;3;2018-09-20;7800000;microempresarial
femenino;comercio;publicidad y;doce de octubre no.1;2;3;2016-07-18;6890000;microempresarial
masculino;servicio;montallantas;doce de octubre no.1;2;3;2017-03-08;7000000;microempresarial
masculino;comercio;legumbreria;doce de octubre no.1;2;3;2018-07-16;2000000;microempresarial
femenino;servicio;montallantas;doce de octubre no.1;2;3;2018-03-20;7800000;microempresarial
masculino;comercio;tienda;doce de octubre no.1;1;3;2017-06-06;7377000;microempresarial
masculino;comercio;almacen de ropa en;doce de octubre no.1;3;3;2018-02-20;3000000;microempresarial
femenino;comercio;tienda;doce de octubre no.1;2;3;2017-04-24;4000000;microempresarial
femenino;servicio;fabrica de;doce de octubre no.1;1;3;2016-10-27;6000000;microempresarial
femenino;industria;fabrica de;doce de octubre no.1;2;3;2017-05-08;7377000;microempresarial
masculino;comercio;variedades;doce de octubre no.1;1;3;2018-02-22;4300000;microempresarial
femenino;comercio;cafe e internet;doce de octubre no.1;2;3;2017-09-05;7370000;microempresarial
masculino;servicio;carpinteria;doce de octubre no.1;2;3;2016-09-05;4000000;microempresarial
femenino;servicio;comidas rapidas;doce de octubre no.1;2;3;2016-05-26;6800000;microempresarial
femenino;comercio;panaderia;doce de octubre no.1;2;3;2017-09-25;7370000;microempresarial
masculino;comercio;venta de calzado;doce de octubre no.1;2;3;2018-11-14;3000000;microempresarial
masculino;comercio;tienda;doce de octubre no.1;2;3;2016-05-26;4500000;microempresarial
masculino;servicio;variedades;doce de octubre no.1;2;3;2016-11-22;6000000;microempresarial
masculino;comercio;tienda;doce de octubre no.1;2;3;2019-05-08;8000000;microempresarial
femenino;industria;fabrica de;doce de octubre no.1;2;4;2019-02-15;8200000;microempresarial
femenino;comercio;peluqueria;doce de octubre no.1;1;3;2018-10-29;5000000;microempresarial
femenino;agropecuaria;marroquineria;doce de octubre no.1;2;3;2017-01-24;6000000;microempresarial
masculino;comercio;variedades;doce de octubre no.1;2;3;2017-12-05;7300000;microempresarial
femenino;comercio;fabrica de alimentos;doce de octubre no.1;2;3;2018-03-15;7000000;microempresarial
femenino;comercio;cafeteria;doce de octubre no.1;1;3;2018-05-07;3000000;microempresarial
femenino;comercio;comidas rapidas;doce de octubre no.1;3;3;2017-03-06;6000000;microempresarial
masculino;servicio;mantenimiento en;doce de octubre no.1;2;3;2018-05-17;7000000;microempresarial
masculino;comercio;fabrica de alimentos;doce de octubre no.1;2;3;2019-02-13;8000000;microempresarial
femenino;servicio;barberia;doce de octubre no.1;1;3;2018-05-31;3000000;microempresarial
masculino;comercio;variedades;doce de octubre no.1;2;3;2018-04-16;7800000;microempresarial
femenino;comercio;tienda;la milagrosa;2;3;2019-06-19;82000000;microempresarial
femenino;comercio;variedades;la milagrosa;1;3;2017-07-12;7300000;microempresarial
femenino;comercio;restaurante;la milagrosa;2;3;2018-05-21;3000000;microempresarial
masculino;comercio;recreativo educativo;la milagrosa;2;3;2018-05-25;7812000;microempresarial
masculino;industria;fabrica de;la milagrosa;2;3;2017-06-15;7000000;microempresarial
femenino;comercio;almacen de ropa en;la milagrosa;2;3;2017-07-19;6000000;microempresarial
masculino;servicio;taller de electronica;la milagrosa;2;3;2017-11-29;7300000;microempresarial
femenino;industria;fabrica de;la milagrosa;3;3;2017-12-06;1500000;microempresarial
masculino;servicio;barberia;la milagrosa;1;3;2018-08-08;5000000;microempresarial
femenino;comercio;variedades;la milagrosa;2;3;2018-04-03;2000000;microempresarial
femenino;comercio;comidas rapidas;la milagrosa;1;3;2016-11-24;6000000;microempresarial
masculino;industria;fabrica de muebles;la milagrosa;2;3;2018-09-24;7000000;microempresarial
femenino;comercio;tienda;la milagrosa;2;3;2016-10-14;6890000;microempresarial
femenino;comercio;almacen de ropa en;la milagrosa;3;3;2016-06-21;6890000;microempresarial
femenino;industria;fabrica de;la milagrosa;1;3;2018-09-20;2000000;microempresarial
masculino;comercio;tienda;la milagrosa;2;3;2019-03-28;2000000;microempresarial
femenino;comercio;variedades;la milagrosa;2;3;2019-06-11;8200000;microempresarial
femenino;comercio;comidas rapidas;la milagrosa;2;3;2018-08-08;5000000;microempresarial
femenino;comercio;tienda;la milagrosa;2;3;2018-04-03;7800000;microempresarial
femenino;comercio;fabrica de helados;la milagrosa;1;3;2016-09-26;3000000;microempresarial
masculino;comercio;tienda;la milagrosa;2;3;2018-10-31;6500000;microempresarial
femenino;comercio;comidas rapidas;la milagrosa;2;3;2018-05-25;3000000;microempresarial
femenino;comercio;tienda;la milagrosa;2;3;2016-11-25;4000000;microempresarial
masculino;industria;fabrica de;la milagrosa;2;3;2018-06-18;4000000;microempresarial
femenino;comercio;almacen de ropa en;la milagrosa;2;3;2017-02-08;1200000;microempresarial
masculino;comercio;variedades;la milagrosa;1;3;2018-03-12;3000000;microempresarial
masculino;industria;carpinteria;la milagrosa;1;3;2016-12-16;6900000;microempresarial
masculino;servicio;organización y;la milagrosa;3;3;2016-12-16;20000000;juridica y cap.semilla
masculino;industria;ebanistaria;la milagrosa;2;3;2016-12-06;6500000;microempresarial
femenino;industria;fabrica de;la milagrosa;2;3;2018-08-08;7800000;microempresarial
femenino;industria;fabrica de;la milagrosa;1;3;2018-05-25;4000000;microempresarial
masculino;comercio;variedades;la milagrosa;3;3;2017-06-27;7377000;microempresarial
masculino;industria;fabrica de;la milagrosa;1;3;2018-10-03;7800000;microempresarial
masculino;comercio;tienda;la milagrosa;3;3;2018-05-31;5000000;microempresarial
masculino;comercio;comidas rapidas;la milagrosa;2;3;2017-08-23;7377000;microempresarial
masculino;comercio;tienda;la milagrosa;2;3;2019-06-06;4000000;credioportuno
masculino;servicio;barberia;la milagrosa;2;3;2019-01-18;6000000;microempresarial
femenino;comercio;tienda;la milagrosa;2;3;2017-08-22;3000000;microempresarial
masculino;servicio;mantenimiento en;la milagrosa;2;3;2018-08-24;3000000;microempresarial
femenino;comercio;legumbreria;la milagrosa;2;3;2018-04-26;7000000;microempresarial
femenino;comercio;variedades;la milagrosa;1;3;2017-09-01;2000000;microempresarial
femenino;industria;fabrica de;la milagrosa;1;3;2018-03-01;3000000;microempresarial
masculino;agropecuaria;criadero de animales;la milagrosa;1;3;2018-04-16;4500000;microempresarial
femenino;comercio;comidas rapidas;la milagrosa;2;13;2017-03-10;6000000;microempresarial
masculino;comercio;tienda;la milagrosa;2;13;2019-02-14;8200000;microempresarial
femenino;servicio;fabrica de;la milagrosa;2;13;2017-05-22;7377000;microempresarial
femenino;comercio;comidas rapidas;la milagrosa;1;13;2018-04-05;2000000;microempresarial
masculino;comercio;miscelanea;la milagrosa;2;6;2017-06-01;3000000;microempresarial
masculino;comercio;variedades;la milagrosa;3;9;2018-04-04;7800000;microempresarial
masculino;servicio;taller de mecanica;la milagrosa;3;9;2017-05-23;7000000;microempresarial
femenino;comercio;variedades;la milagrosa;2;4;2018-02-01;2000000;microempresarial
masculino;comercio;restaurante;la milagrosa;2;4;2017-06-21;6000000;microempresarial
masculino;industria;fabrica de;la milagrosa;2;4;2018-08-06;7800000;microempresarial
femenino;comercio;comidas rapidas;la milagrosa;2;4;2017-11-08;2500000;microempresarial
femenino;comercio;variedades;la milagrosa;2;4;2017-07-31;7000000;microempresarial
masculino;servicio;barberia;la milagrosa;2;4;2018-10-18;7000000;microempresarial
masculino;comercio;restaurante;la milagrosa;2;4;2018-10-11;6000000;microempresarial
femenino;comercio;variedades;la milagrosa;2;4;2019-01-09;3000000;microempresarial
masculino;servicio;mantenimiento en;la milagrosa;2;4;2017-09-25;23000000;microempresarial
femenino;industria;fabrica de;la milagrosa;2;4;2016-04-21;6800000;microempresarial
masculino;comercio;variedades;la milagrosa;2;4;2018-10-18;7812000;microempresarial
femenino;comercio;variedades;la milagrosa;2;4;2018-10-24;6000000;microempresarial
masculino;industria;mantenimiento en;la milagrosa;2;4;2016-09-21;6890000;microempresarial
femenino;servicio;restaurante;la milagrosa;2;4;2017-03-17;6000000;microempresarial
femenino;industria;fabrica de;la milagrosa;2;4;2016-09-23;6890000;microempresarial
masculino;servicio;mantenimiento en;la milagrosa;2;4;2017-09-26;7000000;microempresarial
masculino;servicio;cafe e internet;la milagrosa;2;4;2016-09-07;6000000;microempresarial
femenino;comercio;fabrica de productos;la milagrosa;3;16;2018-06-07;6000000;microempresarial
femenino;comercio;variedades;la milagrosa;2;7;2018-09-17;7812000;microempresarial
masculino;comercio;almacen de ropa en;la milagrosa;2;4;2017-05-10;7000000;microempresarial
femenino;comercio;miscelanea;la milagrosa;2;4;2018-06-12;1500000;microempresarial
masculino;comercio;distribuidora de;la milagrosa;2;4;2018-05-16;7800000;microempresarial
femenino;comercio;tienda;la milagrosa;2;4;2016-04-07;6000000;microempresarial
masculino;comercio;variedades;la milagrosa;2;4;2017-10-02;7000000;microempresarial
femenino;industria;fabrica de productos;la milagrosa;2;4;2017-04-21;7000000;microempresarial
masculino;industria;venta de calzado;la milagrosa;2;4;2017-03-21;7000000;microempresarial
femenino;servicio;variedades;la milagrosa;2;4;2017-05-09;7000000;microempresarial
femenino;comercio;variedades;la milagrosa;2;4;2016-11-08;3000000;microempresarial
femenino;comercio;comidas rapidas;la milagrosa;2;4;2018-05-02;2000000;microempresarial
femenino;industria;fabrica de;la milagrosa;1;4;2018-07-24;5000000;microempresarial
femenino;comercio;comidas rapidas;la milagrosa;3;4;2018-09-05;5000000;microempresarial
femenino;comercio;bares;la milagrosa;1;4;2018-04-03;6000000;microempresarial
masculino;servicio;taller de mecanica;la milagrosa;2;10;2019-06-13;6000000;microempresarial
femenino;servicio;comidas rapidas;la milagrosa;2;4;2016-08-04;6000000;microempresarial
masculino;comercio;variedades;la milagrosa;2;4;2018-04-11;5000000;microempresarial
femenino;comercio;variedades;la milagrosa;2;4;2018-05-18;7800000;microempresarial
femenino;comercio;comidas rapidas;la milagrosa;2;4;2018-02-15;3000000;microempresarial
femenino;comercio;drogueria;la milagrosa;2;4;2018-06-20;5000000;microempresarial
femenino;comercio;tienda;la milagrosa;2;4;2019-04-22;8281000;microempresarial
femenino;comercio;tienda;la milagrosa;2;4;2017-08-30;7000000;microempresarial
masculino;comercio;licorera;la milagrosa;2;4;2019-02-04;7800000;microempresarial
femenino;comercio;tienda naturista;la milagrosa;2;4;2018-08-01;7812420;microempresarial
femenino;comercio;charcuteria;la milagrosa;2;4;2016-11-18;2000000;microempresarial
masculino;servicio;comidas rapidas;la milagrosa;1;4;2016-08-22;6000000;microempresarial
femenino;comercio;restaurante;la milagrosa;2;4;2018-09-05;7000000;microempresarial
femenino;servicio;peluqueria;la milagrosa;2;4;2016-04-12;6890000;microempresarial
femenino;industria;fabrica de;la milagrosa;2;4;2018-06-07;7800000;microempresarial
femenino;comercio;almacen de ropa en;la milagrosa;2;4;2019-06-07;4000000;microempresarial
femenino;comercio;variedades;la milagrosa;2;4;2016-06-09;2000000;microempresarial
femenino;comercio;almacen de ropa en;la milagrosa;1;4;2018-04-17;5000000;microempresarial
femenino;industria;fabrica de;la milagrosa;2;4;2017-05-17;7000000;microempresarial
femenino;comercio;variedades;la milagrosa;2;4;2017-06-13;5000000;microempresarial
femenino;comercio;comidas rapidas;la milagrosa;1;4;2018-04-09;3000000;microempresarial
femenino;comercio;comidas rapidas;la milagrosa;2;4;2018-05-02;1700000;microempresarial
femenino;comercio;variedades;la milagrosa;2;4;2016-10-24;6800000;microempresarial
femenino;servicio;peluqueria;la milagrosa;1;4;2018-04-11;7800000;microempresarial
femenino;comercio;restaurante;la milagrosa;2;4;2017-11-09;7300000;microempresarial
femenino;servicio;peluqueria;la milagrosa;1;4;2018-09-20;3000000;microempresarial
femenino;comercio;tienda;la milagrosa;2;4;2018-05-10;4000000;microempresarial
femenino;comercio;variedades;la milagrosa;2;4;2018-07-26;7800000;microempresarial
masculino;comercio;variedades;la milagrosa;1;4;2019-05-09;2700000;microempresarial
femenino;comercio;comidas rapidas;la milagrosa;2;4;2017-08-11;6000000;microempresarial
masculino;comercio;fabrica de calzado;la milagrosa;2;4;2019-01-18;6000000;microempresarial
femenino;comercio;tienda de helados;la milagrosa;2;4;2016-06-16;4500000;microempresarial
masculino;comercio;variedades;la milagrosa;2;4;2018-07-12;7800000;microempresarial
femenino;servicio;peluqueria;la milagrosa;1;4;2017-02-16;4000000;microempresarial
masculino;comercio;fabrica de helados;la milagrosa;2;4;2017-12-11;7300000;microempresarial
femenino;comercio;fabrica de;la milagrosa;2;4;2017-01-26;3000000;microempresarial
femenino;comercio;almacen de ropa en;la milagrosa;2;4;2018-05-31;1200000;microempresarial
femenino;industria;comidas rapidas;la milagrosa;2;4;2017-02-24;7377000;microempresarial
femenino;comercio;cafeteria;la milagrosa;2;4;2018-12-07;7800000;microempresarial
femenino;comercio;fabrica de;la milagrosa;2;4;2017-01-31;2000000;microempresarial
masculino;comercio;legumbreria;la milagrosa;1;4;2017-04-26;7300000;microempresarial
masculino;comercio;fabrica de calzado;la milagrosa;2;4;2016-03-01;6000000;microempresarial
femenino;servicio;cafe e internet;la milagrosa;2;4;2016-09-14;6890000;microempresarial
femenino;industria;fabrica de;la milagrosa;2;4;2018-06-01;7800000;microempresarial
femenino;comercio;variedades;la milagrosa;2;4;2016-05-12;6890000;microempresarial
femenino;industria;fabrica de;la milagrosa;2;4;2016-09-26;6000000;microempresarial
femenino;comercio;comidas rapidas;la milagrosa;2;4;2018-07-19;800000;microempresarial
femenino;comercio;almacen de ropa en;la milagrosa;1;4;2017-08-02;1000000;microempresarial
femenino;comercio;variedades;la milagrosa;1;4;2018-06-27;2000000;microempresarial
masculino;comercio;comidas rapidas;la milagrosa;2;4;2016-07-08;5000000;microempresarial
femenino;comercio;restaurante;la milagrosa;1;4;2017-09-04;7370000;microempresarial
femenino;industria;fabrica de;la milagrosa;2;4;2018-08-23;4000000;microempresarial
femenino;industria;fabrica de;la milagrosa;2;60;2016-12-16;6890000;microempresarial
masculino;comercio;comidas rapidas;la milagrosa;2;4;2018-07-06;2000000;microempresarial
femenino;industria;fabrica de;la milagrosa;2;4;2017-01-04;3000000;microempresarial
femenino;comercio;drogueria;la milagrosa;2;4;2017-03-21;7300000;microempresarial
femenino;comercio;tienda;la milagrosa;2;8;2018-05-07;4000000;microempresarial
femenino;comercio;almacen de ropa en;la milagrosa;2;4;2018-07-16;7800000;microempresarial
masculino;servicio;variedades;la milagrosa;2;4;2017-07-24;7377000;microempresarial
femenino;comercio;distribuidora de;la milagrosa;2;4;2016-11-15;6890000;microempresarial
femenino;servicio;peluqueria;la milagrosa;2;4;2018-04-20;7800000;microempresarial
masculino;comercio;comidas rapidas;la milagrosa;2;4;2016-06-30;6890000;microempresarial
femenino;comercio;variedades;la milagrosa;2;4;2018-06-06;1500000;microempresarial
femenino;industria;fabrica de;la milagrosa;1;4;2018-04-05;7800000;microempresarial
femenino;comercio;comidas rapidas;la milagrosa;1;4;2016-06-27;6890000;microempresarial
masculino;comercio;distribuidora de;la milagrosa;2;4;2018-05-25;3000000;microempresarial
femenino;comercio;variedades;la milagrosa;2;4;2018-04-05;2500000;microempresarial
masculino;comercio;miscelanea;la milagrosa;2;4;2016-10-14;4000000;microempresarial
masculino;comercio;restaurante;la milagrosa;2;4;2018-03-22;7800000;microempresarial
femenino;comercio;restaurante;la milagrosa;1;4;2018-07-12;5000000;microempresarial
femenino;servicio;lavanderia;la milagrosa;0;4;2016-07-12;3000000;microempresarial
femenino;comercio;almacen de ropa en;la milagrosa;2;4;2019-05-24;6000000;microempresarial
femenino;comercio;tienda;la milagrosa;2;4;2018-08-06;7000000;microempresarial
masculino;servicio;mantenimiento en;la milagrosa;2;4;2018-12-11;6600000;microempresarial
femenino;comercio;panaderia;la milagrosa;2;4;2018-02-15;6000000;microempresarial
femenino;comercio;comidas rapidas;la milagrosa;2;4;2017-06-23;7377000;microempresarial
femenino;comercio;variedades;la milagrosa;2;4;2018-11-01;3000000;microempresarial
femenino;comercio;venta de repuestos;la milagrosa;1;4;2016-08-03;6700000;microempresarial
masculino;servicio;organización y;la milagrosa;1;4;2016-12-07;6890000;microempresarial
femenino;comercio;cerrajeria;la milagrosa;2;4;2018-07-10;7800000;microempresarial
femenino;industria;fabrica de;la milagrosa;2;4;2017-07-19;7000000;microempresarial
masculino;comercio;tienda;la milagrosa;2;4;2018-08-29;7800000;microempresarial
femenino;comercio;tienda;la milagrosa;1;4;2018-02-07;7800000;microempresarial
femenino;industria;fabrica de;la milagrosa;2;4;2018-12-10;7000000;microempresarial
femenino;industria;fabrica de;la milagrosa;1;4;2017-01-25;5000000;microempresarial
femenino;comercio;comidas rapidas;la milagrosa;2;4;2018-06-12;2000000;microempresarial
masculino;servicio;cafe e internet;la milagrosa;3;4;2018-02-13;3000000;microempresarial
femenino;comercio;cafeteria;la milagrosa;2;4;2018-02-28;3000000;microempresarial
femenino;comercio;almacen de ropa en;la milagrosa;2;4;2018-02-26;4000000;microempresarial
masculino;industria;fabrica de;la milagrosa;1;4;2018-05-04;2500000;microempresarial
masculino;comercio;variedades;la milagrosa;2;4;2018-09-05;3000000;microempresarial
femenino;comercio;tienda;la milagrosa;2;4;2018-05-07;1000000;microempresarial
femenino;servicio;peluqueria;moravia;2;4;2018-03-02;3000000;microempresarial
femenino;industria;peluqueria;moravia;2;4;2017-02-07;3200000;microempresarial
femenino;industria;fabrica de;moravia;2;4;2017-12-26;5000000;microempresarial
femenino;industria;fabrica de;moravia;1;4;2018-06-12;6000000;microempresarial
masculino;comercio;tienda;moravia;2;4;2016-03-15;6890000;microempresarial
masculino;servicio;mantenimiento en;moravia;1;4;2017-02-02;7377000;microempresarial
femenino;industria;fabrica de;moravia;2;4;2018-09-10;7812000;microempresarial
femenino;comercio;variedades;moravia;2;4;2017-09-29;4400000;microempresarial
femenino;comercio;almacen de ropa en;moravia;2;4;2016-12-27;6900000;microempresarial
masculino;comercio;variedades;moravia;1;4;2017-12-26;3000000;microempresarial
femenino;comercio;restaurante;moravia;2;4;2017-10-02;3500000;microempresarial
femenino;comercio;restaurante;moravia;1;4;2018-10-29;7800000;microempresarial
femenino;comercio;barberia;moravia;2;4;2017-03-13;7000000;microempresarial
masculino;comercio;charcuteria;moravia;2;4;2018-06-18;1000000;microempresarial
femenino;comercio;almacen de ropa en;moravia;1;4;2018-07-12;2000000;microempresarial
femenino;industria;fabrica de alimentos;moravia;1;4;2016-04-18;6000000;microempresarial
masculino;servicio;peluqueria;moravia;2;4;2018-04-25;7000000;microempresarial
masculino;industria;fabrica de;moravia;2;4;2018-08-06;7000000;microempresarial
masculino;industria;fabrica de muebles;moravia;1;4;2018-08-06;800000;microempresarial
femenino;servicio;peluqueria;moravia;2;4;2017-02-07;7300000;microempresarial
masculino;servicio;taller de mecanica;moravia;2;4;2017-05-16;5000000;microempresarial
femenino;comercio;cafeteria;moravia;2;4;2018-04-06;7800000;microempresarial
femenino;industria;fabrica de;moravia;1;4;2018-03-15;4000000;microempresarial
femenino;comercio;comidas rapidas;moravia;2;4;2018-08-01;2500000;microempresarial
masculino;comercio;drogueria;moravia;2;4;2019-02-18;7800000;microempresarial
femenino;servicio;productos de belleza;moravia;2;4;2019-02-14;7800000;microempresarial
masculino;industria;fabrica de calzado;moravia;1;4;2018-05-10;4000000;microempresarial
masculino;comercio;distribuidora de;moravia;2;4;2016-08-09;3500000;microempresarial
masculino;industria;fabrica de;moravia;2;4;2017-10-31;7000000;microempresarial
femenino;comercio;variedades;moravia;2;4;2018-02-21;5000000;microempresarial
femenino;industria;fabrica de;moravia;2;4;2016-02-23;6000000;microempresarial
masculino;servicio;mantenimiento en;moravia;2;4;2018-09-14;7800000;microempresarial
femenino;comercio;variedades;moravia;1;4;2017-05-02;7300000;microempresarial
masculino;industria;fabrica de alimentos;moravia;1;4;2018-04-23;3000000;microempresarial
masculino;comercio;variedades;moravia;2;90;2016-10-20;6890000;microempresarial
femenino;industria;fabrica de;moravia;2;4;2017-04-28;4000000;microempresarial
masculino;servicio;barberia;moravia;2;4;2016-11-16;6890000;microempresarial
femenino;servicio;comidas rapidas;moravia;2;4;2017-08-03;7300000;microempresarial
masculino;servicio;peluqueria;moravia;2;4;2018-08-23;2296739;microempresarial
femenino;comercio;tienda;moravia;1;4;2016-06-21;1500000;microempresarial
masculino;servicio;cafe e internet;moravia;2;4;2017-05-23;7000000;microempresarial
femenino;industria;panaderia;moravia;2;4;2016-05-31;6890000;microempresarial
femenino;comercio;comidas rapidas;moravia;1;4;2018-11-01;7800000;microempresarial
masculino;comercio;variedades;moravia;2;4;2018-03-06;6000000;microempresarial
femenino;industria;fabrica de;moravia;2;4;2018-05-24;5000000;microempresarial
femenino;servicio;cafe e internet;moravia;1;4;2018-04-12;2500000;microempresarial
masculino;industria;comidas rapidas;moravia;2;4;2018-06-27;3500000;microempresarial
femenino;comercio;lavanderia;moravia;1;60;2017-10-02;7300000;microempresarial
masculino;servicio;fotografia;moravia;1;4;2018-02-08;7300000;microempresarial
femenino;comercio;variedades;moravia;1;4;2016-03-16;6000000;microempresarial
femenino;comercio;variedades;moravia;2;4;2018-04-11;7000000;microempresarial
femenino;industria;fabrica de;moravia;3;4;2017-03-15;5000000;microempresarial
masculino;servicio;lenceria para el;moravia;1;4;2018-07-06;6000000;microempresarial
femenino;industria;fabrica de;moravia;1;4;2017-05-24;5000000;microempresarial
femenino;servicio;comidas rapidas;moravia;1;4;2016-11-19;1000000;microempresarial
masculino;comercio;tienda;moravia;1;4;2017-03-14;7300000;microempresarial
masculino;comercio;tienda;moravia;1;4;2018-02-26;650000;microempresarial
masculino;comercio;legumbreria;moravia;2;4;2016-08-03;6890000;microempresarial
masculino;industria;fabrica de productos;moravia;2;4;2016-10-24;6800000;microempresarial
femenino;industria;fabrica de;moravia;2;7;2019-03-14;5000000;microempresarial
femenino;industria;fabrica de calzado;moravia;2;4;2017-12-07;7300000;microempresarial
femenino;industria;fabrica de;moravia;2;4;2018-12-14;2000000;microempresarial
femenino;comercio;restaurante;moravia;2;4;2017-02-07;7000000;microempresarial
masculino;comercio;variedades;moravia;2;4;2018-04-25;7800000;microempresarial
femenino;servicio;peluqueria;moravia;2;4;2018-02-15;7800000;microempresarial
masculino;comercio;comidas rapidas;moravia;1;2;2018-02-22;7800000;microempresarial
femenino;industria;fabrica de;moravia;1;2;2017-04-26;2500000;microempresarial
masculino;comercio;comidas rapidas;moravia;2;2;2018-01-24;4000000;microempresarial
femenino;comercio;variedades;moravia;2;1;2019-01-15;8000000;microempresarial
masculino;industria;marqueteria;moravia;2;11;2016-10-24;5000000;microempresarial
masculino;servicio;taller de mecanica;moravia;3;11;2018-07-06;7800000;microempresarial
femenino;comercio;comidas rapidas;moravia;3;11;2017-01-31;2000000;microempresarial
masculino;servicio;lavanderia;moravia;1;13;2017-12-18;2500000;microempresarial
femenino;comercio;alquiler de peliculas;moravia;1;13;2017-07-25;5500000;microempresarial
masculino;servicio;barberia;moravia;1;13;2016-10-11;4000000;microempresarial
femenino;comercio;comidas rapidas;moravia;1;13;2017-04-18;1500000;microempresarial
femenino;servicio;comidas rapidas;moravia;1;13;2018-05-10;5000000;microempresarial
femenino;servicio;comidas rapidas;moravia;1;13;2017-03-01;7377000;microempresarial
masculino;servicio;tienda;moravia;1;13;2016-07-29;5000000;microempresarial
femenino;industria;fabrica de;moravia;1;13;2018-08-02;2500000;microempresarial
femenino;comercio;comidas rapidas;moravia;1;13;2017-03-08;6000000;microempresarial
femenino;comercio;variedades;moravia;2;13;2017-11-10;2500000;microempresarial
masculino;industria;almacen de ropa en;moravia;2;13;2016-11-08;6890000;microempresarial
femenino;comercio;tienda;moravia;1;13;2017-06-28;7000000;microempresarial
femenino;industria;fabrica de;moravia;1;13;2017-05-23;7370000;microempresarial
femenino;comercio;tienda;moravia;1;13;2018-05-15;7000000;microempresarial
femenino;comercio;tienda;moravia;1;9;2018-02-07;7800000;microempresarial
femenino;comercio;panaderia;moravia;1;9;2017-06-01;7000000;microempresarial
femenino;comercio;variedades;moravia;1;9;2016-04-25;3000000;microempresarial
femenino;servicio;tienda;moravia;1;9;2017-02-23;7500000;microempresarial
femenino;comercio;comidas rapidas;moravia;1;9;2017-09-06;7000000;microempresarial
masculino;comercio;comidas rapidas;moravia;1;7;2017-08-30;7377000;microempresarial
femenino;industria;fabrica de;moravia;2;7;2018-03-01;7800000;microempresarial
femenino;comercio;almacen de ropa en;moravia;1;7;2017-10-26;7370000;microempresarial
femenino;comercio;miscelanea;moravia;1;7;2016-10-20;4000000;microempresarial
femenino;servicio;peluqueria;moravia;1;7;2017-02-24;7000000;microempresarial
femenino;comercio;variedades;moravia;1;7;2017-08-17;7377000;microempresarial
masculino;comercio;fabrica de alimentos;moravia;1;7;2016-07-25;2000000;microempresarial
femenino;comercio;variedades;moravia;1;7;2017-01-19;4000000;microempresarial
femenino;comercio;variedades;moravia;2;7;2018-01-17;7800000;microempresarial
masculino;comercio;restaurante;moravia;1;7;2018-07-19;2500000;microempresarial
masculino;servicio;restaurante;moravia;1;7;2017-09-29;7377000;microempresarial
femenino;servicio;montallantas;moravia;1;7;2016-11-28;6800000;microempresarial
femenino;comercio;almacen de ropa en;moravia;1;7;2016-03-08;6000000;microempresarial
masculino;industria;variedades;moravia;1;7;2018-01-16;7800000;microempresarial
femenino;servicio;barberia;moravia;1;7;2018-02-05;6000000;microempresarial
masculino;servicio;comidas rapidas;moravia;1;7;2016-08-29;6890000;microempresarial
femenino;servicio;fabrica de ceramica;moravia;1;7;2018-10-18;5000000;microempresarial
femenino;comercio;almacen de ropa en;moravia;1;7;2018-04-24;4600000;microempresarial
femenino;comercio;fabrica de;moravia;2;7;2018-07-25;7800000;microempresarial
femenino;servicio;variedades;moravia;1;7;2018-09-04;5000000;microempresarial
femenino;industria;fabrica de;moravia;1;7;2018-11-21;7800000;microempresarial
masculino;comercio;variedades;moravia;1;7;2018-05-25;2000000;microempresarial
masculino;servicio;mantenimiento en;moravia;1;7;2017-11-03;4000000;microempresarial
femenino;comercio;tienda;moravia;1;7;2019-04-10;6000000;microempresarial
femenino;industria;fabrica de;moravia;1;7;2018-06-05;3500000;microempresarial
femenino;industria;fabrica de helados;moravia;1;7;2018-06-14;4500000;microempresarial
masculino;industria;fabrica de;moravia;1;7;2016-06-10;4000000;microempresarial
femenino;comercio;miscelanea;moravia;1;7;2018-10-03;7000000;microempresarial
femenino;industria;fabrica de;moravia;1;7;2018-05-17;5000000;microempresarial
femenino;comercio;miscelanea;moravia;1;7;2017-12-05;1000000;microempresarial
femenino;comercio;productos de belleza;moravia;1;7;2018-07-06;7800000;microempresarial
femenino;agropecuaria;criadero de animales;moravia;1;7;2017-07-14;7300000;microempresarial
femenino;comercio;tienda;moravia;1;7;2016-10-20;6000000;microempresarial
masculino;comercio;tienda;moravia;1;7;2016-10-26;6890000;microempresarial
masculino;comercio;tienda;moravia;1;7;2017-06-12;7377000;microempresarial
femenino;comercio;tienda;moravia;2;7;2017-11-01;5000000;microempresarial
femenino;industria;fabrica de;moravia;2;5;2018-02-01;4000000;microempresarial
femenino;comercio;tienda;moravia;1;3;2018-06-22;7800000;microempresarial
femenino;servicio;mantenimiento en;moravia;2;2;2017-11-02;7300000;microempresarial
femenino;servicio;taller de mecanica;moravia;2;2;2017-07-17;7370000;microempresarial
femenino;comercio;criadero de animales;moravia;2;2;2019-02-26;6000000;microempresarial
femenino;comercio;cafeteria;moravia;2;2;2017-04-17;5000000;microempresarial
masculino;servicio;productos de mar;moravia;2;2;2017-05-08;7000000;microempresarial
femenino;industria;fabrica de;moravia;2;2;2016-11-08;6890000;microempresarial
femenino;comercio;charcuteria;moravia;2;2;2017-03-27;2000000;microempresarial
femenino;industria;fabrica de;moravia;2;2;2016-12-28;6890000;microempresarial
femenino;comercio;variedades;moravia;2;2;2016-06-20;6890000;microempresarial
masculino;servicio;variedades;moravia;2;2;2019-03-28;6000000;microempresarial
femenino;comercio;peluqueria;moravia;2;2;2018-01-25;6000000;microempresarial
femenino;comercio;restaurante;moravia;2;2;2017-08-04;7000000;microempresarial
femenino;comercio;comidas rapidas;moravia;2;2;2017-07-18;7377000;microempresarial
femenino;servicio;peluqueria;moravia;2;2;2017-01-26;7377000;microempresarial
femenino;comercio;variedades;moravia;2;2;2016-12-28;4000000;microempresarial
femenino;industria;fabrica de;moravia;2;2;2018-10-11;5500000;microempresarial
masculino;servicio;variedades;moravia;2;2;2019-03-15;8200000;microempresarial
femenino;comercio;miscelanea;moravia;2;2;2017-09-19;5000000;microempresarial
femenino;servicio;peluqueria;moravia;2;2;2016-09-26;6000000;microempresarial
masculino;servicio;fabrica de;moravia;2;2;2016-10-06;6800000;microempresarial
femenino;servicio;panaderia;moravia;2;2;2018-10-03;2250000;microempresarial
femenino;comercio;tienda;moravia;2;2;2016-08-02;68900000;microempresarial
femenino;servicio;peluqueria;moravia;2;2;2018-05-29;7500000;microempresarial
masculino;comercio;tienda;moravia;2;2;2019-05-17;5000000;microempresarial
femenino;comercio;venta de calzado;moravia;2;2;2017-08-30;7000000;microempresarial
femenino;comercio;cafeteria;moravia;2;2;2017-09-06;7000000;microempresarial
femenino;servicio;comidas rapidas;moravia;2;2;2016-04-22;5000000;microempresarial
femenino;comercio;tienda;moravia;2;2;2017-04-26;4300000;microempresarial
femenino;comercio;almacen de ropa en;moravia;2;2;2018-03-14;4000000;microempresarial
femenino;servicio;peluqueria;moravia;2;2;2018-01-29;7500000;microempresarial
femenino;comercio;variedades;moravia;2;2;2016-12-29;5000000;microempresarial
femenino;servicio;tienda;moravia;2;2;2017-04-26;7370000;microempresarial
femenino;comercio;variedades;moravia;2;2;2018-06-21;4000000;microempresarial
masculino;comercio;variedades;moravia;2;2;2018-06-19;7000000;microempresarial
femenino;industria;fabrica de;moravia;2;2;2016-11-30;6890000;microempresarial
masculino;industria;fabrica de;moravia;2;2;2017-05-16;7000000;microempresarial
masculino;servicio;tienda naturista;moravia;2;2;2017-04-06;5000000;microempresarial
femenino;servicio;hoteles moteles;moravia;2;7;2018-05-07;2000000;microempresarial
femenino;industria;fabrica de;moravia;2;7;2018-11-15;2000000;microempresarial
masculino;comercio;comidas rapidas;moravia;2;7;2018-08-17;6000000;microempresarial
masculino;comercio;drogueria;moravia;2;7;2017-06-29;7300000;microempresarial
femenino;industria;fabrica de;villa hermosa;2;60;2017-06-14;7000000;microempresarial
masculino;agropecuaria;criadero de animales;villa hermosa;2;7;2018-05-31;2500000;microempresarial
femenino;comercio;papeleria;villa hermosa;2;7;2016-09-22;5000000;microempresarial
femenino;servicio;miscelanea;villa hermosa;3;7;2018-03-23;7800000;microempresarial
femenino;servicio;peluqueria;villa hermosa;2;7;2018-09-24;7000000;microempresarial
femenino;comercio;variedades;villa hermosa;2;4;2018-03-06;7800000;microempresarial
masculino;comercio;almacen de ropa en;villa hermosa;2;4;2017-11-14;4400000;microempresarial
masculino;comercio;fabrica de;villa hermosa;2;4;2017-08-23;7370000;microempresarial
masculino;comercio;lavadero de;villa hermosa;2;4;2018-04-23;5000000;microempresarial
femenino;comercio;almacen de ropa en;villa hermosa;2;4;2017-11-28;7377000;microempresarial
femenino;industria;fabrica de calzado;villa hermosa;1;4;2017-11-15;7300000;microempresarial
masculino;servicio;taller de mecanica;villa hermosa;2;4;2017-12-11;4000000;microempresarial
femenino;servicio;comidas rapidas;villa hermosa;1;4;2016-08-18;3500000;microempresarial
femenino;comercio;drogueria;villa hermosa;2;4;2016-05-16;15000000;empresarial ed.
masculino;industria;fabrica de;villa hermosa;2;4;2016-06-28;3000000;microempresarial
femenino;comercio;tienda;villa hermosa;3;4;2017-07-17;3000000;microempresarial
masculino;servicio;comidas rapidas;villa hermosa;1;50;2019-04-25;6000000;microempresarial
femenino;comercio;tienda;villa hermosa;1;50;2016-06-14;5000000;microempresarial
femenino;comercio;criadero de animales;villa hermosa;1;50;2018-04-06;241315;microempresarial
femenino;agropecuaria;criadero de animales;villa hermosa;1;50;2018-03-14;7800000;microempresarial
masculino;comercio;tienda;villa hermosa;1;50;2016-08-23;4000000;microempresarial
femenino;comercio;almacen de ropa en;villa hermosa;2;50;2017-04-25;2000000;microempresarial
femenino;industria;fabrica de;villa hermosa;2;50;2016-04-07;3000000;microempresarial
masculino;comercio;panaderia;villa hermosa;2;50;2016-07-21;2000000;microempresarial
masculino;comercio;variedades;villa hermosa;2;50;2019-06-11;8200000;microempresarial
masculino;agropecuaria;criadero de animales;villa hermosa;2;50;2018-06-20;15000000;agropecuaria
masculino;comercio;criadero de animales;villa hermosa;2;50;2018-04-23;4000000;microempresarial
femenino;comercio;restaurante;villa hermosa;1;50;2017-06-08;4000000;microempresarial
femenino;comercio;comidas rapidas;villa hermosa;2;50;2017-09-19;7000000;microempresarial
masculino;servicio;mantenimiento en;villa hermosa;1;50;2018-04-06;4000000;microempresarial
femenino;comercio;criadero de animales;villa hermosa;2;50;2018-07-03;3000000;microempresarial
femenino;agropecuaria;criadero de animales;villa hermosa;2;50;2017-05-08;4000000;microempresarial
masculino;industria;tienda;villa hermosa;2;50;2018-03-21;7800000;microempresarial
masculino;servicio;peluqueria;villa hermosa;2;50;2018-06-08;7800000;microempresarial
masculino;agropecuaria;criadero de animales;villa hermosa;2;50;2018-12-11;17000000;microempresarial
femenino;comercio;variedades;villa hermosa;1;50;2017-11-20;7377000;microempresarial
femenino;agropecuaria;criadero de animales;villa hermosa;1;50;2018-01-23;2000000;microempresarial
masculino;agropecuaria;criadero de animales;villa hermosa;2;50;2017-10-11;14754340;microempresarial
femenino;comercio;criadero de animales;villa hermosa;2;50;2018-04-24;7800000;microempresarial
masculino;comercio;variedades;villa hermosa;2;50;2018-07-03;2000000;microempresarial
femenino;comercio;comidas rapidas;villa hermosa;2;4;2016-11-24;8000000;microempresarial
femenino;comercio;variedades;villa hermosa;3;6;2017-01-30;2000000;microempresarial
femenino;comercio;fabrica de calzado;villa hermosa;3;6;2018-10-03;3500000;microempresarial
femenino;industria;fabrica de;villa hermosa;3;6;2017-05-17;7300000;microempresarial
femenino;servicio;peluqueria;villa hermosa;3;6;2017-09-06;7300000;microempresarial
masculino;comercio;distribuidora de;villa hermosa;3;6;2018-08-06;7000000;microempresarial
femenino;comercio;tienda;villa hermosa;1;6;2017-04-07;4000000;microempresarial
masculino;industria;fabrica de;villa hermosa;3;6;2016-05-05;6890000;microempresarial
femenino;industria;fabrica de;villa hermosa;3;6;2018-03-02;7000000;microempresarial
masculino;servicio;organización y;villa hermosa;2;6;2017-03-24;1500000;microempresarial
masculino;servicio;mantenimiento en;villa hermosa;3;6;2018-08-08;6000000;microempresarial
femenino;servicio;peluqueria;villa hermosa;3;6;2016-07-19;3000000;microempresarial
femenino;industria;fabrica de;villa hermosa;3;6;2016-10-10;4800000;microempresarial
femenino;servicio;peluqueria;villa hermosa;3;6;2017-09-08;6000000;microempresarial
femenino;servicio;cafe e internet;villa hermosa;2;6;2016-07-05;2000000;microempresarial
masculino;industria;fabrica de;villa hermosa;3;6;2016-12-30;6800000;microempresarial
femenino;industria;fabrica de;villa hermosa;3;6;2017-06-20;4000000;microempresarial
femenino;industria;fotografia;villa hermosa;3;6;2019-05-20;1500000;microempresarial
femenino;servicio;comidas rapidas;villa hermosa;3;6;2016-04-01;6800000;microempresarial
masculino;servicio;publicidad y;villa hermosa;2;6;2016-09-29;6000000;microempresarial
femenino;comercio;fabrica de productos;villa hermosa;3;6;2016-08-03;6890000;microempresarial
masculino;comercio;legumbreria;villa hermosa;3;6;2018-03-15;7800000;microempresarial
femenino;comercio;cerrajeria;villa hermosa;1;6;2018-07-05;4000000;microempresarial
femenino;comercio;peluqueria;villa hermosa;3;6;2017-06-08;7000000;microempresarial
masculino;comercio;comidas rapidas;villa hermosa;3;6;2018-06-22;3000000;microempresarial
femenino;comercio;restaurante;villa hermosa;2;6;2019-05-14;6000000;microempresarial
masculino;comercio;fabrica de helados;villa hermosa;3;6;2018-04-12;7200000;microempresarial
masculino;industria;fabrica de;villa hermosa;3;6;2018-02-27;7800000;microempresarial
masculino;comercio;tienda;villa hermosa;3;6;2017-04-18;7000000;microempresarial
femenino;comercio;papeleria;villa hermosa;3;6;2016-04-11;6890000;microempresarial
femenino;industria;fabrica de;villa hermosa;3;6;2016-11-01;6890000;microempresarial
femenino;servicio;variedades;villa hermosa;3;6;2018-12-04;7000000;microempresarial
femenino;comercio;tienda;villa hermosa;1;6;2018-10-26;7800000;microempresarial
femenino;comercio;peluqueria;villa hermosa;3;6;2017-04-18;7000000;microempresarial
femenino;comercio;comidas rapidas;villa hermosa;2;6;2017-06-28;7377000;microempresarial
masculino;industria;fabrica de calzado;villa hermosa;3;6;2018-10-25;7800000;microempresarial
femenino;comercio;variedades;villa hermosa;3;6;2018-11-26;7800000;microempresarial
femenino;comercio;bares;villa hermosa;3;6;2017-04-25;6894000;microempresarial
femenino;comercio;variedades;villa hermosa;3;6;2018-06-18;7800000;microempresarial
femenino;servicio;peluqueria;villa hermosa;3;6;2018-09-10;3500000;microempresarial
femenino;industria;miscelanea;villa hermosa;3;6;2016-08-30;3000000;microempresarial
femenino;industria;fabrica de;villa hermosa;3;6;2018-05-10;7800000;microempresarial
masculino;servicio;variedades;villa hermosa;3;6;2017-04-24;7000000;microempresarial
femenino;industria;fabrica de;villa hermosa;3;6;2018-11-20;5000000;microempresarial
femenino;comercio;variedades;villa hermosa;3;6;2017-10-03;3000000;microempresarial
femenino;industria;fabrica de;villa hermosa;3;6;2017-04-05;7300000;microempresarial
masculino;servicio;peluqueria;villa hermosa;3;6;2017-06-30;7000000;microempresarial
femenino;industria;fabrica de;villa hermosa;3;6;2018-09-24;5000000;microempresarial
femenino;comercio;distribuidora de;villa hermosa;3;6;2017-04-07;5000000;microempresarial
masculino;industria;fabrica de calzado;villa hermosa;3;6;2018-03-08;4000000;microempresarial
femenino;comercio;variedades;villa hermosa;1;6;2017-08-29;4400000;microempresarial
femenino;comercio;variedades;villa hermosa;3;6;2017-10-25;7377000;microempresarial
femenino;servicio;peluqueria;villa hermosa;2;6;2017-09-22;7377000;microempresarial
masculino;industria;fabrica de repuestos;villa hermosa;2;6;2018-12-11;7000000;microempresarial
femenino;industria;fabrica de calzado;villa hermosa;3;6;2017-01-31;7377000;microempresarial
femenino;comercio;variedades;villa hermosa;2;6;2018-11-14;5000000;microempresarial
masculino;comercio;fabrica de productos;villa hermosa;1;6;2018-11-13;2000000;microempresarial
femenino;comercio;comidas rapidas;villa hermosa;3;6;2018-04-11;7000000;microempresarial
femenino;comercio;variedades;villa hermosa;3;6;2018-03-08;7000000;microempresarial
femenino;comercio;peluqueria;villa hermosa;3;6;2017-09-12;7300000;microempresarial
femenino;servicio;organización y;villa hermosa;3;6;2017-10-12;7377000;microempresarial
femenino;servicio;peluqueria;villa hermosa;3;6;2017-10-27;7300000;microempresarial
femenino;comercio;comidas rapidas;villa hermosa;3;6;2018-02-05;5000000;microempresarial
femenino;industria;taller de mecanica;villa hermosa;3;6;2016-10-11;5000000;microempresarial
femenino;comercio;variedades;villa hermosa;1;6;2018-10-26;6000000;microempresarial
femenino;comercio;tienda;villa hermosa;3;6;2018-01-16;6000000;microempresarial
femenino;industria;marroquineria;villa hermosa;3;6;2016-07-18;6000000;microempresarial
femenino;servicio;variedades;villa hermosa;3;6;2016-11-23;6890000;microempresarial
femenino;comercio;variedades;villa hermosa;3;6;2018-02-08;5000000;microempresarial
masculino;comercio;mantenimiento en;villa hermosa;3;6;2018-08-27;5000000;microempresarial
femenino;comercio;variedades;villa hermosa;1;6;2018-11-06;4000000;microempresarial
masculino;servicio;taller de electronica;villa hermosa;2;6;2017-11-01;7370000;microempresarial
masculino;industria;fabrica de calzado;villa hermosa;3;6;2018-02-13;1000000;microempresarial
femenino;agropecuaria;fabrica de;villa hermosa;3;6;2017-01-27;7377000;microempresarial
femenino;industria;marroquineria;villa hermosa;3;6;2017-12-12;4000000;microempresarial
femenino;comercio;tienda;villa hermosa;2;6;2018-10-03;2500000;microempresarial
femenino;servicio;tienda;villa hermosa;2;6;2016-09-28;5000000;microempresarial
femenino;industria;fabrica de calzado;villa hermosa;3;6;2018-10-25;7800000;microempresarial
masculino;servicio;barberia;villa hermosa;2;6;2017-09-26;7370000;microempresarial
masculino;comercio;variedades;villa hermosa;3;6;2018-02-06;6400000;microempresarial
masculino;industria;charcuteria;villa hermosa;3;6;2016-05-17;3000000;microempresarial
masculino;servicio;recreativo educativo;villa hermosa;3;6;2016-09-22;6350000;microempresarial
femenino;comercio;tienda;villa hermosa;2;6;2018-07-05;3000000;microempresarial
femenino;comercio;comidas rapidas;villa hermosa;2;6;2017-09-08;7000000;microempresarial
masculino;comercio;papeleria;villa hermosa;3;6;2017-08-14;6000000;microempresarial
femenino;industria;fotografia;villa hermosa;3;6;2017-10-30;7377000;microempresarial
masculino;industria;fabrica de;villa hermosa;2;6;2018-07-05;7000000;microempresarial
femenino;comercio;distribuidora de;villa hermosa;2;6;2017-03-07;7377000;microempresarial
masculino;comercio;bares;villa hermosa;3;6;2018-11-27;5000000;microempresarial
femenino;comercio;fabrica de;villa hermosa;3;6;2017-05-23;4300000;microempresarial
femenino;comercio;barberia;villa hermosa;3;6;2017-05-03;4000000;microempresarial
masculino;comercio;servicios;villa hermosa;3;6;2018-07-06;2000000;microempresarial
masculino;comercio;almacen de ropa en;villa hermosa;2;6;2018-10-26;2500000;microempresarial
femenino;comercio;tienda de helados;villa hermosa;3;6;2018-04-17;2500000;microempresarial
femenino;comercio;tienda;villa hermosa;3;6;2017-10-30;7000000;microempresarial
femenino;comercio;cafeteria;villa hermosa;3;6;2018-01-11;7000000;microempresarial
femenino;comercio;variedades;villa hermosa;3;6;2017-11-23;7377000;microempresarial
masculino;servicio;mantenimiento en;villa hermosa;3;6;2018-12-10;7800000;microempresarial
femenino;servicio;peluqueria;villa hermosa;3;6;2019-01-15;8200000;microempresarial
femenino;servicio;peluqueria;villa hermosa;3;6;2017-07-27;7000000;microempresarial
femenino;comercio;almacen de ropa en;villa hermosa;3;6;2017-06-23;4000000;microempresarial
femenino;servicio;peluqueria;villa hermosa;3;6;2016-09-06;6000000;microempresarial
masculino;industria;variedades;villa hermosa;3;6;2017-12-11;23430000;empresarial ed.
masculino;comercio;ebanistaria;villa hermosa;3;6;2017-06-02;6000000;microempresarial
femenino;industria;fabrica de;villa hermosa;3;6;2016-08-23;1500000;microempresarial
femenino;servicio;peluqueria;villa hermosa;3;6;2017-02-17;4000000;microempresarial
masculino;comercio;fabrica de calzado;villa hermosa;2;6;2017-05-26;7370000;microempresarial
masculino;industria;fabrica de;villa hermosa;3;6;2017-07-28;2000000;microempresarial
masculino;industria;fotografia;villa hermosa;3;6;2016-05-16;6890000;microempresarial
masculino;comercio;variedades;villa hermosa;3;6;2018-10-11;7000000;microempresarial
masculino;comercio;almacen de ropa en;villa hermosa;3;6;2016-11-29;3000000;microempresarial
masculino;servicio;legumbreria;villa hermosa;3;6;2017-10-23;7300000;microempresarial
femenino;comercio;miscelanea;villa hermosa;3;6;2017-06-06;7000000;microempresarial
masculino;servicio;taller de mecanica;villa hermosa;3;6;2017-02-14;5000000;microempresarial
masculino;comercio;venta de calzado;villa hermosa;3;6;2016-06-21;3500000;microempresarial
masculino;comercio;variedades;villa hermosa;3;6;2017-10-26;2000000;microempresarial
femenino;comercio;productos de belleza;villa hermosa;3;60;2017-10-24;6500000;microempresarial
femenino;servicio;peluqueria;villa hermosa;2;60;2018-11-28;6500000;microempresarial
masculino;comercio;panaderia;villa hermosa;3;60;2017-12-04;7000000;microempresarial
femenino;comercio;legumbreria;villa hermosa;2;60;2018-11-28;5000000;microempresarial
femenino;comercio;tienda;villa hermosa;3;60;2018-02-05;7200000;microempresarial
femenino;industria;fabrica de;villa hermosa;1;6;2016-12-07;6890000;microempresarial
femenino;comercio;ferreteria;villa hermosa;1;6;2018-07-23;1300000;microempresarial
femenino;servicio;almacen de ropa en;villa hermosa;2;6;2017-07-18;7000000;microempresarial
masculino;servicio;mantenimiento en;villa hermosa;1;6;2018-05-07;7000000;microempresarial
femenino;servicio;peluqueria;villa hermosa;1;6;2018-09-14;7000000;microempresarial
masculino;comercio;barberia;villa hermosa;2;6;2017-03-31;3000000;microempresarial
femenino;comercio;restaurante;villa hermosa;2;6;2019-03-29;8200000;microempresarial
femenino;industria;fabrica de;villa hermosa;1;6;2016-12-16;3000000;microempresarial
femenino;industria;fabrica de arepas;el salvador;1;6;2018-02-07;4000000;microempresarial
masculino;industria;fabrica de muebles;el salvador;1;6;2018-05-08;7800000;microempresarial
masculino;servicio;comidas rapidas;el salvador;1;6;2017-09-22;7300000;microempresarial
femenino;comercio;productos de belleza;el salvador;1;6;2019-03-18;8200000;microempresarial
masculino;industria;mantenimiento en;el salvador;1;6;2018-05-11;7800000;microempresarial
masculino;agropecuaria;criadero de animales;el salvador;1;6;2016-05-16;4000000;agropecuaria
femenino;industria;fabrica de;el salvador;2;6;2018-03-22;1500000;microempresarial
femenino;industria;fabrica de;el salvador;1;6;2018-10-12;6000000;microempresarial
femenino;industria;fabrica de;el salvador;1;6;2016-08-22;4000000;microempresarial
masculino;comercio;fabrica de helados;el salvador;1;6;2017-03-03;2500000;microempresarial
femenino;comercio;variedades;el salvador;1;6;2017-01-18;6900000;microempresarial
femenino;industria;fabrica de;el salvador;1;6;2018-12-20;3000000;microempresarial
femenino;comercio;venta de calzado;el salvador;1;6;2018-05-09;4000000;microempresarial
femenino;industria;fabrica de;el salvador;1;6;2017-03-03;7300000;microempresarial
femenino;comercio;fabrica de;el salvador;1;6;2016-10-05;4000000;microempresarial
masculino;industria;fabrica de;el salvador;1;6;2018-11-26;7800000;microempresarial
femenino;comercio;productos de belleza;el salvador;2;6;2018-10-25;7800000;microempresarial
masculino;servicio;barberia;el salvador;1;6;2017-03-03;7000000;microempresarial
femenino;comercio;variedades;el salvador;1;6;2017-05-31;7000000;microempresarial
femenino;comercio;miscelanea;el salvador;2;6;2017-01-23;2000000;microempresarial
masculino;comercio;variedades;el salvador;1;6;2018-02-09;6800000;microempresarial
femenino;comercio;tienda;el salvador;1;6;2017-03-29;5000000;microempresarial
femenino;servicio;barberia;el salvador;1;6;2017-02-23;7377000;microempresarial
femenino;comercio;comidas rapidas;el salvador;1;6;2017-03-02;2000000;microempresarial
masculino;comercio;comidas rapidas;el salvador;1;6;2017-02-27;7377000;microempresarial
femenino;industria;taller de electronica;el salvador;1;6;2017-04-05;7000000;microempresarial
femenino;comercio;restaurante;el salvador;1;6;2019-06-21;8281000;microempresarial
femenino;comercio;licorera;el salvador;2;6;2017-07-07;7377000;microempresarial
masculino;servicio;barberia;el salvador;1;6;2017-06-06;3500000;microempresarial
masculino;comercio;tienda;el salvador;1;6;2016-12-19;680000;microempresarial
femenino;industria;fabrica de;el salvador;2;6;2017-11-29;7300000;microempresarial
femenino;servicio;peluqueria;el salvador;1;6;2017-12-06;5000000;microempresarial
femenino;industria;fabrica de;el salvador;1;6;2016-09-28;6000000;microempresarial
femenino;comercio;variedades;el salvador;1;6;2018-10-31;7800000;microempresarial
femenino;comercio;variedades;el salvador;2;6;2018-07-04;5000000;microempresarial
masculino;comercio;tienda;el salvador;1;6;2017-10-02;7370000;microempresarial
femenino;industria;fabrica de;el salvador;2;6;2017-11-21;4000000;microempresarial
femenino;industria;fabrica de;el salvador;1;6;2016-09-07;4000000;microempresarial
femenino;comercio;tienda;el salvador;1;6;2016-11-10;6890000;microempresarial
femenino;comercio;comidas rapidas;el salvador;1;6;2017-03-29;73770000;microempresarial
femenino;servicio;peluqueria;el salvador;2;6;2018-03-14;6500000;microempresarial
masculino;industria;fabrica de helados;el salvador;2;6;2016-03-08;6000000;microempresarial
femenino;comercio;variedades;el salvador;2;6;2017-04-20;5000000;microempresarial
femenino;comercio;productos de belleza;el salvador;2;6;2019-05-16;8000000;microempresarial
femenino;industria;fabrica de;el salvador;1;6;2018-12-06;7000000;microempresarial
femenino;industria;fabrica de;el salvador;1;6;2018-10-03;5250000;microempresarial
femenino;industria;fabrica de;el salvador;1;6;2018-06-27;4000000;microempresarial
femenino;comercio;variedades;el salvador;1;6;2018-02-08;7377000;microempresarial
femenino;comercio;sembrados;el salvador;1;6;2017-12-07;14000000;agropecuaria
femenino;comercio;variedades;el salvador;1;6;2018-05-30;7000000;microempresarial
masculino;comercio;tienda;el salvador;1;6;2018-05-04;7000000;microempresarial
masculino;comercio;variedades;el salvador;1;6;2018-01-22;7000000;microempresarial
femenino;comercio;fabrica de helados;el salvador;1;6;2016-11-15;6800000;microempresarial
masculino;comercio;variedades;el salvador;1;6;2017-07-12;7370000;microempresarial
femenino;comercio;comidas rapidas;el salvador;1;6;2018-12-14;7000000;microempresarial
femenino;comercio;variedades;el salvador;1;6;2019-01-31;8280000;microempresarial
femenino;comercio;peluqueria;el salvador;1;6;2018-03-13;7000000;microempresarial
femenino;comercio;almacen de ropa en;el salvador;1;6;2019-05-09;7500000;microempresarial
femenino;servicio;peluqueria;el salvador;1;6;2018-12-06;7800000;microempresarial
masculino;comercio;fabrica de alimentos;el salvador;1;6;2019-02-06;2000000;microempresarial
femenino;comercio;almacen de ropa en;el salvador;2;6;2017-06-01;4400000;microempresarial
femenino;comercio;comidas rapidas;el salvador;2;6;2018-07-05;3000000;microempresarial
femenino;comercio;variedades;el salvador;1;6;2017-04-21;7000000;microempresarial
femenino;industria;fabrica de;el salvador;1;6;2017-06-12;7000000;microempresarial
femenino;industria;fabrica de;el salvador;1;6;2017-07-26;6000000;microempresarial
femenino;servicio;variedades;el salvador;1;6;2019-04-04;4500000;microempresarial
masculino;servicio;tienda;el salvador;1;6;2016-09-20;6000000;microempresarial
femenino;comercio;almacen de ropa en;el salvador;1;6;2018-11-15;7812000;microempresarial
masculino;industria;fabrica de;el salvador;1;6;2017-08-15;7000000;microempresarial
femenino;servicio;recreativo educativo;el salvador;1;6;2018-04-09;7800000;microempresarial
femenino;comercio;variedades;el salvador;1;6;2016-09-28;6890000;microempresarial
femenino;servicio;fabrica de helados;el salvador;1;6;2016-11-29;1500000;microempresarial
femenino;comercio;taller de mecanica;el salvador;1;6;2017-03-29;6000000;microempresarial
femenino;servicio;variedades;el salvador;1;6;2017-11-29;700000;microempresarial
masculino;comercio;tienda;el salvador;1;6;2018-11-15;7000000;microempresarial
masculino;industria;ebanistaria;el salvador;1;6;2019-04-30;5200000;microempresarial
masculino;servicio;deposito de;el salvador;1;6;2018-07-19;5000000;microempresarial
femenino;comercio;charcuteria;el salvador;1;6;2017-07-04;7300000;microempresarial
masculino;comercio;granero;el salvador;1;6;2018-11-22;7800000;microempresarial
masculino;comercio;variedades;el salvador;1;6;2017-08-29;6000000;microempresarial
femenino;industria;fabrica de;el salvador;1;6;2018-07-26;3500000;microempresarial
femenino;comercio;tienda;el salvador;1;6;2019-04-04;6000000;microempresarial
femenino;comercio;almacen de ropa en;el salvador;1;6;2016-12-07;6800000;microempresarial
femenino;comercio;variedades;el salvador;1;6;2018-05-18;5000000;microempresarial
masculino;comercio;mantenimiento en;el salvador;1;6;2018-09-24;4000000;microempresarial
femenino;comercio;tienda;el salvador;1;6;2019-05-29;8200000;microempresarial
femenino;comercio;legumbreria;el salvador;1;6;2017-09-20;7377000;microempresarial
femenino;comercio;variedades;el salvador;1;6;2017-12-20;7300000;microempresarial
masculino;industria;fabrica de;el salvador;1;6;2017-06-07;7300000;microempresarial
femenino;industria;fabrica de;el salvador;2;6;2017-11-02;7000000;microempresarial
masculino;industria;fabrica de;el salvador;1;6;2017-04-21;7000000;microempresarial
femenino;comercio;comidas rapidas;el salvador;1;6;2017-08-29;7000000;microempresarial
masculino;servicio;comidas rapidas;el salvador;1;6;2017-04-24;7377000;microempresarial
masculino;comercio;tienda;el salvador;1;6;2017-06-06;7300000;microempresarial
masculino;industria;fabrica de calzado;el salvador;1;6;2017-05-03;7300000;microempresarial
femenino;comercio;tienda;el salvador;1;6;2018-12-07;1000000;microempresarial
masculino;comercio;variedades;el salvador;1;6;2017-09-18;6500000;microempresarial
femenino;industria;fabrica de;el salvador;1;6;2018-05-18;1500000;microempresarial
masculino;servicio;publicidad y;el salvador;2;2;2017-03-07;1000000;microempresarial
femenino;comercio;almacen de ropa en;el salvador;2;2;2018-10-03;7800000;microempresarial
femenino;industria;fabrica de;el salvador;2;2;2018-11-26;6000000;microempresarial
masculino;comercio;marroquineria;el salvador;1;2;2018-12-17;5000000;microempresarial
femenino;industria;fabrica de;el salvador;1;2;2017-06-30;3500000;microempresarial
femenino;industria;fabrica de;el salvador;2;2;2018-09-14;10376379;microempresarial
masculino;comercio;fabrica de alimentos;el salvador;2;2;2018-04-05;7800000;microempresarial
femenino;servicio;peluqueria;el salvador;2;2;2018-05-23;7000000;microempresarial
femenino;comercio;variedades;el salvador;2;2;2017-05-16;7370000;microempresarial
femenino;agropecuaria;criadero de animales;el salvador;2;2;2016-12-13;5000000;microempresarial
femenino;servicio;peluqueria;el salvador;2;2;2017-07-17;7300000;microempresarial
femenino;comercio;tienda de helados;el salvador;2;2;2017-11-28;7000000;microempresarial
femenino;industria;fabrica de;el salvador;2;2;2018-02-14;3500000;microempresarial
masculino;comercio;carniceria;el salvador;2;2;2018-05-03;7800000;microempresarial
masculino;industria;fotografia;el salvador;2;2;2016-06-08;6000000;microempresarial
femenino;comercio;almacen de ropa en;el salvador;2;2;2018-09-05;7800000;microempresarial
masculino;comercio;almacen de ropa en;el salvador;2;2;2016-07-14;6890000;microempresarial
femenino;servicio;comidas rapidas;el salvador;2;2;2019-04-01;4000000;microempresarial
femenino;comercio;variedades;el salvador;2;2;2018-10-11;6000000;microempresarial
femenino;comercio;miscelanea;el salvador;1;2;2016-08-19;6890000;microempresarial
masculino;comercio;tienda;el salvador;2;2;2016-09-28;6890000;microempresarial
masculino;comercio;legumbreria;el salvador;1;2;2016-04-11;6890000;microempresarial
femenino;comercio;peluqueria;el salvador;2;2;2018-02-02;7800000;microempresarial
masculino;industria;reciclaje;el salvador;2;2;2017-07-19;7000000;microempresarial
masculino;industria;fotografia;el salvador;2;2;2016-07-15;6500000;microempresarial
femenino;comercio;ferreteria;el salvador;1;2;2017-07-27;7000000;microempresarial
femenino;comercio;variedades;andalucia;2;2;2018-06-06;3000000;microempresarial
femenino;industria;fabrica de;andalucia;2;2;2016-04-07;6890000;microempresarial
femenino;comercio;papeleria;andalucia;2;2;2017-12-19;6000000;microempresarial
femenino;industria;fabrica de;andalucia;1;2;2016-09-14;4000000;microempresarial
femenino;comercio;almacen de ropa en;andalucia;2;2;2017-01-31;7370000;microempresarial
femenino;industria;fabrica de;andalucia;1;2;2019-05-06;3750000;microempresarial
femenino;servicio;cafeteria;andalucia;2;2;2018-01-03;5000000;microempresarial
femenino;comercio;variedades;andalucia;1;2;2018-07-09;7800000;microempresarial
masculino;comercio;miscelanea;andalucia;2;2;2018-07-11;7800000;microempresarial
femenino;comercio;variedades;andalucia;2;2;2016-11-23;4130000;microempresarial
femenino;comercio;variedades;andalucia;2;2;2018-09-11;3750000;microempresarial
femenino;servicio;peluqueria;andalucia;2;2;2016-12-02;6890000;microempresarial
femenino;comercio;variedades;andalucia;1;2;2018-03-12;4000000;microempresarial
femenino;comercio;almacen de ropa en;andalucia;2;2;2018-09-10;5000000;microempresarial
femenino;comercio;tienda;andalucia;1;2;2017-01-06;6890000;microempresarial
masculino;comercio;variedades;andalucia;2;2;2017-06-14;7300000;microempresarial
femenino;comercio;productos de belleza;andalucia;2;2;2018-07-06;5000000;microempresarial
femenino;comercio;tienda;andalucia;2;2;2016-02-19;6000000;microempresarial
femenino;industria;fabrica de;andalucia;2;2;2017-10-31;7377000;microempresarial
femenino;comercio;restaurante;andalucia;2;2;2017-02-06;3000000;microempresarial
femenino;comercio;montallantas;andalucia;1;2;2018-11-27;7800000;microempresarial
femenino;industria;fabrica de;andalucia;2;2;2017-10-05;7000000;microempresarial
femenino;industria;fabrica de;andalucia;1;2;2018-09-14;7800000;microempresarial
femenino;industria;fabrica de;andalucia;2;2;2019-06-12;6430800;microempresarial
femenino;servicio;peluqueria;andalucia;2;2;2018-04-19;7800000;microempresarial
femenino;servicio;tienda;andalucia;2;2;2017-08-18;7000000;microempresarial
masculino;servicio;organización y;andalucia;2;2;2017-11-02;7300000;microempresarial
femenino;comercio;almacen de ropa en;andalucia;2;2;2017-07-13;7370000;microempresarial
femenino;comercio;venta de calzado;andalucia;2;2;2017-02-27;7000000;microempresarial
femenino;industria;fabrica de;andalucia;2;2;2019-03-13;7800000;microempresarial
femenino;comercio;miscelanea;andalucia;2;2;2017-10-09;7370000;microempresarial
femenino;comercio;comidas rapidas;andalucia;2;2;2018-09-05;5000000;microempresarial
femenino;servicio;peluqueria;andalucia;2;2;2018-09-10;30000000;microempresarial
femenino;industria;fabrica de;andalucia;2;2;2016-12-07;6890000;microempresarial
femenino;comercio;almacen de ropa en;andalucia;2;2;2018-08-23;7800000;microempresarial
femenino;servicio;barberia;andalucia;2;2;2018-05-04;7000000;microempresarial
femenino;industria;fabrica de;andalucia;1;2;2017-06-27;6000000;microempresarial
femenino;industria;fabrica de;andalucia;2;2;2016-08-17;6890000;microempresarial
femenino;comercio;comidas rapidas;andalucia;3;2;2016-10-27;4000000;microempresarial
femenino;industria;fabrica de;andalucia;2;2;2018-09-10;7800000;microempresarial
masculino;comercio;variedades;andalucia;2;2;2018-09-05;7800000;microempresarial
femenino;servicio;peluqueria;andalucia;2;2;2018-07-05;6000000;microempresarial
masculino;servicio;cerrajeria;andalucia;2;2;2018-03-05;1000000;microempresarial
masculino;comercio;variedades;andalucia;1;2;2018-02-09;7000000;microempresarial
femenino;industria;fabrica de;andalucia;2;2;2018-11-21;7800000;microempresarial
femenino;servicio;peluqueria;andalucia;2;2;2018-06-13;7000000;microempresarial
masculino;industria;panaderia;andalucia;1;2;2018-06-21;4500000;microempresarial
femenino;comercio;distribuidora de;andalucia;2;2;2018-07-17;5000000;microempresarial
femenino;industria;fabrica de;andalucia;1;2;2017-06-09;5000000;microempresarial
femenino;comercio;comidas rapidas;andalucia;2;2;2018-03-09;4000000;microempresarial
femenino;comercio;comidas rapidas;andalucia;1;2;2018-06-07;6000000;microempresarial
masculino;comercio;comidas rapidas;andalucia;3;2;2018-07-04;7800000;microempresarial
femenino;servicio;almacen de ropa en;andalucia;1;2;2016-08-05;6800000;microempresarial
masculino;servicio;comidas rapidas;andalucia;2;2;2017-11-03;2000000;microempresarial
femenino;industria;fabrica de;andalucia;2;2;2016-05-10;3000000;microempresarial
femenino;servicio;peluqueria;andalucia;1;2;2019-06-27;8281000;microempresarial
femenino;servicio;peluqueria;andalucia;2;2;2017-01-31;7377000;microempresarial
femenino;comercio;panaderia;andalucia;2;2;2016-11-22;6000000;microempresarial
masculino;comercio;comidas rapidas;andalucia;2;2;2018-11-27;4000000;microempresarial
masculino;comercio;marqueteria;andalucia;2;1;2018-09-14;2500000;microempresarial
masculino;industria;fabrica de;andalucia;2;1;2017-10-04;7300000;microempresarial
masculino;comercio;almacen de ropa en;andalucia;1;1;2016-10-24;6000000;microempresarial
femenino;servicio;cafe e internet;andalucia;1;1;2019-04-24;6000000;microempresarial
masculino;servicio;comidas rapidas;andalucia;2;1;2017-09-14;7377000;microempresarial
masculino;comercio;variedades;andalucia;2;1;2017-09-21;7300000;microempresarial
masculino;comercio;almacen de ropa en;andalucia;2;1;2018-01-22;4000000;microempresarial
femenino;comercio;venta de calzado;andalucia;2;1;2017-02-24;6894000;microempresarial
femenino;comercio;fabrica de alimentos;andalucia;2;1;2016-11-23;1500000;microempresarial
femenino;comercio;variedades;andalucia;2;1;2018-07-10;4000000;microempresarial
femenino;industria;fabrica de;andalucia;2;1;2018-09-14;6000000;microempresarial
femenino;comercio;comidas rapidas;andalucia;2;1;2017-02-20;3000000;microempresarial
femenino;comercio;fabrica de alimentos;andalucia;2;1;2018-01-29;7000000;microempresarial
femenino;servicio;papeleria;andalucia;2;1;2017-05-23;3000000;microempresarial
femenino;comercio;variedades;andalucia;2;1;2017-06-06;7370000;microempresarial
femenino;comercio;variedades;andalucia;2;1;2017-10-18;7300000;microempresarial
femenino;comercio;tienda;andalucia;2;1;2018-04-16;6000000;microempresarial
masculino;industria;fotografia;andalucia;1;1;2018-05-24;7800000;microempresarial
femenino;comercio;comidas rapidas;andalucia;2;1;2017-06-30;5000000;microempresarial
masculino;servicio;mantenimiento en;andalucia;1;1;2016-03-07;2000000;microempresarial
femenino;industria;fabrica de;andalucia;1;1;2018-04-20;7800000;microempresarial
femenino;industria;fabrica de;andalucia;2;1;2017-08-31;3000000;microempresarial
femenino;comercio;joyeria;andalucia;2;1;2019-04-30;4000000;microempresarial
masculino;servicio;peluqueria;andalucia;2;1;2017-11-15;7370000;microempresarial
femenino;comercio;variedades;andalucia;2;1;2018-10-11;7000000;microempresarial
femenino;comercio;almacen de ropa en;andalucia;2;1;2018-09-24;5000000;microempresarial
masculino;comercio;deposito de;andalucia;2;1;2018-10-11;7500000;microempresarial
femenino;comercio;tienda;andalucia;2;1;2018-03-20;7500000;microempresarial
masculino;comercio;tienda;andalucia;1;1;2016-04-08;6800000;microempresarial
masculino;industria;carpinteria;andalucia;2;1;2017-02-13;7000000;microempresarial
femenino;comercio;drogueria;andalucia;2;1;2018-05-29;19000000;microempresarial
femenino;industria;fabrica de alimentos;andalucia;2;1;2017-08-17;7000000;microempresarial
masculino;comercio;legumbreria;andalucia;2;1;2016-12-23;6000000;microempresarial
femenino;industria;fabrica de;andalucia;2;1;2018-07-06;5000000;microempresarial
femenino;comercio;panaderia;andalucia;2;1;2018-03-16;2000000;microempresarial
femenino;comercio;restaurante;andalucia;2;1;2016-08-12;6890000;microempresarial
femenino;comercio;variedades;andalucia;1;1;2018-10-26;4500000;microempresarial
femenino;comercio;comidas rapidas;andalucia;1;1;2018-02-15;7800000;microempresarial
masculino;comercio;almacen de ropa en;andalucia;1;1;2017-09-18;7000000;microempresarial
femenino;comercio;variedades;andalucia;2;1;2017-03-17;4000000;microempresarial
femenino;industria;fabrica de;andalucia;2;1;2016-06-03;5000000;microempresarial
femenino;comercio;comidas rapidas;andalucia;2;1;2018-07-23;3000000;microempresarial
masculino;comercio;variedades;andalucia;2;1;2017-12-01;7300000;microempresarial
masculino;industria;fotografia;andalucia;2;1;2017-08-16;2000000;microempresarial
masculino;comercio;fabrica de ceramica;andalucia;1;1;2017-02-21;7377000;microempresarial
masculino;comercio;mantenimiento en;andalucia;2;1;2016-09-21;5500000;microempresarial
femenino;comercio;comidas rapidas;andalucia;2;1;2016-11-25;1000000;microempresarial
masculino;comercio;variedades;andalucia;1;1;2017-11-29;7000000;microempresarial
femenino;industria;fabrica de;andalucia;2;1;2016-05-26;6500000;microempresarial
femenino;comercio;taller de mecanica;andalucia;2;1;2019-06-05;4000000;microempresarial
masculino;comercio;variedades;andalucia;2;1;2018-07-23;7800000;microempresarial
femenino;comercio;tienda;andalucia;2;1;2017-06-13;7000000;microempresarial
femenino;comercio;variedades;andalucia;2;1;2017-06-14;7000000;microempresarial
femenino;industria;fabrica de;andalucia;1;1;2016-11-18;2000000;microempresarial
femenino;servicio;barberia;andalucia;2;1;2018-08-29;7800000;microempresarial
masculino;industria;mantenimiento en;andalucia;1;1;2018-03-23;7800000;microempresarial
masculino;industria;fabrica de;andalucia;1;1;2018-11-21;7800000;microempresarial
femenino;industria;fabrica de;andalucia;1;1;2018-07-03;7000000;microempresarial
femenino;servicio;variedades;pedregal;2;1;2019-02-13;3500000;microempresarial
masculino;servicio;publicidad y;pedregal;2;1;2018-02-15;5000000;microempresarial
femenino;comercio;comidas rapidas;pedregal;2;1;2018-02-13;7800000;microempresarial
masculino;comercio;fabrica de alimentos;pedregal;1;1;2018-05-28;2000000;microempresarial
femenino;comercio;almacen de ropa en;pedregal;2;1;2018-10-11;7800000;microempresarial
femenino;industria;fabrica de;pedregal;2;1;2018-07-24;4000000;microempresarial
femenino;comercio;variedades;pedregal;2;1;2017-09-21;4000000;microempresarial
masculino;servicio;barberia;pedregal;2;1;2017-06-09;6500000;microempresarial
femenino;industria;fabrica de;pedregal;2;1;2018-03-23;7800000;microempresarial
femenino;servicio;peluqueria;pedregal;2;1;2018-05-30;7000000;microempresarial
femenino;comercio;distribuidora de;pedregal;1;1;2018-06-14;5000000;microempresarial
femenino;industria;fabrica de;pedregal;2;1;2018-10-30;3500000;microempresarial
femenino;industria;fabrica de;pedregal;2;1;2017-10-09;5000000;microempresarial
femenino;comercio;variedades;pedregal;1;1;2016-11-19;6890000;microempresarial
femenino;comercio;tienda;pedregal;1;1;2018-08-02;5000000;microempresarial
femenino;comercio;tienda;pedregal;2;1;2018-09-14;6000000;microempresarial
masculino;industria;fabrica de;pedregal;2;1;2018-04-16;5000000;microempresarial
masculino;comercio;variedades;pedregal;2;1;2018-10-24;3000000;microempresarial
femenino;comercio;variedades;pedregal;2;1;2016-03-29;6890000;microempresarial
femenino;comercio;comidas rapidas;pedregal;2;1;2017-10-24;6000000;microempresarial
masculino;comercio;cafe e internet;pedregal;2;1;2017-11-15;3000000;microempresarial
masculino;comercio;almacen de ropa en;pedregal;2;1;2018-10-29;7800000;microempresarial
masculino;industria;fabrica de;pedregal;2;1;2018-04-20;7800000;microempresarial
femenino;comercio;variedades;pedregal;2;1;2019-05-02;8000000;microempresarial
femenino;comercio;comidas rapidas;pedregal;2;1;2018-03-13;7300000;microempresarial
femenino;comercio;almacen de ropa en;pedregal;2;1;2018-07-04;3000000;microempresarial
masculino;comercio;legumbreria;pedregal;2;1;2018-08-01;1000000;microempresarial
masculino;comercio;legumbreria;pedregal;1;1;2017-08-24;1000000;microempresarial
masculino;comercio;variedades;pedregal;1;1;2016-11-23;3000000;microempresarial
femenino;comercio;variedades;pedregal;2;1;2016-10-28;6890000;microempresarial
femenino;comercio;variedades;pedregal;2;6;2017-10-25;7300000;microempresarial
masculino;servicio;taller de mecanica;pedregal;2;1;2017-09-20;7370000;microempresarial
femenino;comercio;tienda;pedregal;2;1;2016-06-13;6890000;microempresarial
femenino;servicio;venta de pollos;pedregal;2;1;2016-11-08;2500000;microempresarial
femenino;comercio;gimnasio;pedregal;2;1;2019-05-02;2250000;microempresarial
femenino;industria;fabrica de;pedregal;2;1;2018-06-01;4000000;microempresarial
femenino;comercio;variedades;pedregal;1;1;2018-11-19;3500000;microempresarial
femenino;servicio;barberia;pedregal;2;1;2018-05-30;7000000;microempresarial
femenino;comercio;productos de belleza;pedregal;2;1;2018-05-03;7800000;microempresarial
masculino;servicio;variedades;pedregal;2;1;2018-05-29;6000000;microempresarial
femenino;comercio;variedades;pedregal;2;1;2017-07-19;7377000;microempresarial
masculino;comercio;variedades;pedregal;2;1;2018-03-06;7000000;microempresarial
femenino;comercio;variedades;pedregal;2;1;2019-04-26;4500000;microempresarial
femenino;comercio;tienda;pedregal;1;1;2018-05-25;2000000;microempresarial
femenino;comercio;granero;pedregal;2;1;2019-05-31;5000000;microempresarial
femenino;comercio;charcuteria;pedregal;2;1;2017-02-13;6890000;microempresarial
femenino;comercio;pañalera;pedregal;2;1;2017-09-25;2500000;microempresarial
masculino;industria;fabrica de;pedregal;2;1;2018-02-13;5000000;microempresarial
femenino;servicio;peluqueria;pedregal;2;1;2018-01-26;7000000;microempresarial
femenino;servicio;variedades;pedregal;2;1;2016-06-14;2500000;microempresarial
masculino;comercio;variedades;pedregal;2;1;2018-02-13;7800000;microempresarial
femenino;comercio;almacen de ropa en;pedregal;2;1;2016-11-30;6890000;microempresarial
femenino;comercio;tienda;pedregal;1;1;2018-07-13;7800000;microempresarial
femenino;comercio;venta de calzado;pedregal;1;1;2017-03-30;4000000;microempresarial
masculino;servicio;recreativo educativo;pedregal;2;1;2016-08-11;6300000;microempresarial
femenino;industria;fabrica de;pedregal;2;1;2018-06-20;6000000;microempresarial
masculino;industria;fabrica de alimentos;pedregal;2;1;2018-03-01;4100000;microempresarial
femenino;comercio;tienda;pedregal;1;1;2017-06-29;7377000;microempresarial
masculino;industria;fabrica de colchones;pedregal;2;1;2017-11-23;3300000;microempresarial
femenino;comercio;cerrajeria;pedregal;1;1;2016-02-29;5000000;microempresarial
femenino;comercio;almacen de ropa en;pedregal;2;1;2017-05-11;7300000;microempresarial
femenino;comercio;comidas rapidas;pedregal;2;1;2018-04-27;2000000;microempresarial
femenino;comercio;comidas rapidas;pedregal;2;1;2018-07-16;7800000;microempresarial
femenino;servicio;fabrica de;pedregal;2;1;2019-01-29;7500000;microempresarial
femenino;industria;fabrica de;pedregal;2;1;2018-05-17;4000000;microempresarial
masculino;servicio;variedades;pedregal;2;1;2017-07-04;3000000;microempresarial
femenino;comercio;comidas rapidas;pedregal;2;1;2017-02-03;2000000;microempresarial
femenino;comercio;cafeteria;pedregal;2;1;2018-10-03;7000000;microempresarial
femenino;comercio;papeleria;pedregal;2;1;2018-07-26;7800000;microempresarial
femenino;servicio;mantenimiento en;pedregal;1;1;2018-08-03;780000;microempresarial
femenino;comercio;variedades;pedregal;2;1;2017-02-17;7377000;microempresarial
femenino;comercio;variedades;pedregal;1;1;2018-04-16;3000000;microempresarial
femenino;comercio;tienda;pedregal;2;1;2017-08-18;7370000;microempresarial
femenino;comercio;papeleria;pedregal;2;1;2017-06-21;3000000;microempresarial
masculino;comercio;comidas rapidas;pedregal;2;1;2018-11-29;2200000;microempresarial
femenino;industria;fabrica de;pedregal;1;1;2016-11-16;6000000;microempresarial
femenino;servicio;recreativo educativo;pedregal;2;1;2016-07-14;6500000;microempresarial
femenino;comercio;almacen de ropa en;pedregal;2;1;2019-03-28;7800000;microempresarial
femenino;comercio;papeleria;pedregal;1;1;2017-07-27;7377000;microempresarial
femenino;comercio;carniceria;pedregal;1;1;2017-03-13;7300000;microempresarial
femenino;comercio;fabrica de;pedregal;1;1;2017-05-02;7370000;microempresarial
masculino;industria;fabrica de;pedregal;2;1;2017-12-14;7000000;microempresarial
femenino;comercio;variedades;pedregal;2;1;2018-06-05;6000000;microempresarial
femenino;comercio;tienda;pedregal;2;1;2018-07-06;7800000;microempresarial
femenino;industria;fabrica de;pedregal;2;1;2018-04-06;7800000;microempresarial
masculino;comercio;granero;pedregal;2;1;2018-04-30;7800000;microempresarial
masculino;comercio;tienda;pedregal;2;1;2016-07-07;6890000;microempresarial
femenino;comercio;distribuidora de;pedregal;2;1;2017-09-19;2000000;microempresarial
femenino;servicio;restaurante;pedregal;2;1;2016-05-31;6890000;microempresarial
femenino;industria;fabrica de;pedregal;2;1;2018-08-01;5000000;microempresarial
femenino;servicio;peluqueria;pedregal;2;1;2018-05-03;5600000;microempresarial
femenino;servicio;peluqueria;pedregal;1;1;2017-11-07;4000000;microempresarial
femenino;servicio;venta de lacteos;pedregal;2;1;2017-10-03;3000000;microempresarial
femenino;comercio;almacen de ropa en;pedregal;2;1;2018-10-24;3400000;microempresarial
femenino;comercio;variedades;pedregal;2;1;2018-10-25;5000000;microempresarial
femenino;industria;ferreteria;pedregal;2;1;2018-08-14;3000000;microempresarial
masculino;industria;ebanistaria;pedregal;1;1;2017-09-13;7000000;microempresarial
masculino;comercio;variedades;pedregal;1;1;2016-04-15;6800000;microempresarial
femenino;servicio;peluqueria;pedregal;2;1;2018-08-01;4000000;microempresarial
femenino;comercio;almacen de ropa en;pedregal;1;1;2016-06-29;2000000;microempresarial
femenino;comercio;comidas rapidas;pedregal;2;1;2018-04-10;7800000;microempresarial
masculino;comercio;ferreteria;pedregal;1;1;2017-06-02;7377000;microempresarial
femenino;comercio;venta de calzado;pedregal;2;13;2017-05-03;6300000;microempresarial
femenino;industria;fabrica de;pedregal;2;1;2017-10-25;7000000;microempresarial
femenino;servicio;peluqueria;pedregal;2;14;2019-05-22;7000000;microempresarial
femenino;comercio;fabrica de helados;pedregal;2;1;2018-10-18;4000000;microempresarial
masculino;comercio;comidas rapidas;pedregal;2;1;2017-11-22;4000000;microempresarial
masculino;comercio;granero;pedregal;2;1;2018-03-01;7800000;microempresarial
femenino;comercio;miscelanea;pedregal;1;1;2016-10-26;4000000;microempresarial
femenino;comercio;fotografia;pedregal;2;1;2016-11-04;4000000;microempresarial
femenino;industria;fabrica de calzado;pedregal;2;1;2019-01-15;6800000;microempresarial
femenino;comercio;variedades;pedregal;1;1;2017-10-18;4400000;credioportuno
femenino;comercio;tienda;pedregal;1;1;2018-10-18;7800000;microempresarial
masculino;servicio;variedades;pedregal;2;1;2017-08-31;5000000;microempresarial
femenino;comercio;comidas rapidas;pedregal;2;1;2017-07-26;3000000;microempresarial
femenino;industria;fabrica de;guayabal;2;1;2018-08-24;7800000;microempresarial
femenino;comercio;tienda;guayabal;2;1;2017-06-29;7300000;microempresarial
femenino;industria;fabrica de;guayabal;1;1;2019-04-09;8000000;microempresarial
femenino;servicio;mantenimiento en;guayabal;2;1;2018-11-15;7000000;microempresarial
femenino;comercio;tienda;guayabal;2;1;2018-10-11;6000000;microempresarial
femenino;comercio;fabrica de helados;guayabal;2;1;2017-07-24;7370000;microempresarial
femenino;industria;tienda;guayabal;1;1;2019-05-27;5000000;microempresarial
femenino;servicio;barberia;guayabal;2;1;2017-09-13;7000000;microempresarial
femenino;comercio;comidas rapidas;guayabal;1;1;2018-05-18;1500000;microempresarial
masculino;comercio;tienda;guayabal;1;1;2017-05-12;7377000;microempresarial
femenino;comercio;charcuteria;guayabal;2;1;2019-03-13;5300000;microempresarial
femenino;comercio;almacen de ropa en;guayabal;1;1;2017-03-22;7377000;microempresarial
masculino;comercio;variedades;guayabal;2;1;2018-07-18;7800000;microempresarial
masculino;comercio;almacen de ropa en;guayabal;1;1;2018-10-18;7800000;microempresarial
masculino;comercio;tienda naturista;guayabal;2;1;2018-05-11;7000000;microempresarial
femenino;comercio;tienda;guayabal;2;1;2017-08-09;7000000;microempresarial
femenino;industria;fabrica de;guayabal;1;1;2018-06-05;7800000;microempresarial
femenino;comercio;variedades;guayabal;2;1;2016-02-29;6500000;microempresarial
masculino;industria;fabrica de;guayabal;1;1;2018-05-15;7812000;microempresarial
masculino;servicio;peluqueria;guayabal;2;1;2019-01-18;6000000;microempresarial
femenino;industria;fabrica de;guayabal;2;1;2017-01-13;7377000;microempresarial
femenino;comercio;restaurante;guayabal;2;1;2017-02-10;7300000;microempresarial
femenino;comercio;variedades;guayabal;2;1;2018-07-23;7000000;microempresarial
masculino;comercio;tienda naturista;guayabal;2;1;2016-09-20;6800000;microempresarial
masculino;comercio;montallantas;guayabal;1;1;2017-03-17;6800000;microempresarial
femenino;comercio;variedades;guayabal;2;1;2018-07-26;7800000;microempresarial
masculino;comercio;fabrica de repuestos;guayabal;1;1;2018-03-07;2000000;microempresarial
femenino;comercio;almacen de ropa en;guayabal;2;1;2017-05-02;7000000;microempresarial
masculino;comercio;almacen de ropa en;guayabal;2;1;2019-04-29;6000000;microempresarial
masculino;comercio;tienda;guayabal;2;1;2019-05-20;8000000;microempresarial
masculino;industria;fotografia;guayabal;1;1;2018-01-16;4000000;microempresarial
masculino;servicio;recreativo educativo;guayabal;2;15;2016-06-02;6890000;microempresarial
femenino;comercio;comidas rapidas;guayabal;1;1;2017-11-10;2000000;microempresarial
femenino;industria;variedades;guayabal;1;1;2019-04-29;3000000;microempresarial
masculino;comercio;fabrica de alimentos;guayabal;1;1;2018-11-21;2000000;microempresarial
femenino;industria;fabrica de;guayabal;2;1;2018-04-17;7800000;microempresarial
masculino;comercio;carniceria;guayabal;2;1;2016-03-04;6890000;microempresarial
femenino;comercio;distribuidora de;guayabal;2;2;2019-06-20;3300000;microempresarial
masculino;comercio;ferreteria;guayabal;2;1;2017-11-23;7300000;microempresarial
femenino;comercio;fotografia;guayabal;2;1;2018-02-15;7300000;microempresarial
femenino;comercio;tienda;guayabal;2;1;2017-01-26;7377000;microempresarial
femenino;comercio;comidas rapidas;guayabal;2;1;2018-06-22;7800000;microempresarial
masculino;comercio;fabrica de alimentos;guayabal;2;1;2018-11-07;7800000;microempresarial
femenino;industria;fabrica de;guayabal;2;1;2016-08-31;6000000;microempresarial
femenino;industria;fabrica de;guayabal;2;1;2016-08-19;6890000;microempresarial
femenino;comercio;fabrica de;guayabal;2;1;2018-02-15;40000000;microempresarial
femenino;comercio;papeleria;guayabal;2;1;2017-07-13;3000000;microempresarial
femenino;comercio;comidas rapidas;guayabal;2;1;2016-11-02;6000000;microempresarial
femenino;industria;fabrica de;guayabal;2;1;2017-04-21;7370000;microempresarial
femenino;comercio;fabrica de;guayabal;2;1;2017-01-17;7300000;microempresarial
femenino;comercio;fabrica de;guayabal;2;1;2018-02-21;3500000;microempresarial
masculino;servicio;taller de electronica;guayabal;2;1;2016-08-04;6000000;microempresarial
masculino;agropecuaria;criadero de animales;guayabal;1;1;2018-02-15;5000000;microempresarial
masculino;servicio;gimnasio;guayabal;2;1;2017-11-28;7000000;microempresarial
femenino;comercio;tienda;guayabal;2;1;2017-06-02;6000000;microempresarial
femenino;servicio;fabrica de;guayabal;1;1;2016-10-19;5000000;microempresarial
femenino;servicio;peluqueria;guayabal;1;1;2018-08-29;4500000;microempresarial
femenino;comercio;distribuidora de;guayabal;2;1;2017-12-27;7300000;microempresarial
masculino;comercio;almacen de ropa en;guayabal;2;1;2018-08-01;7000000;microempresarial
femenino;industria;fabrica de;guayabal;1;1;2018-10-18;7800000;microempresarial
masculino;comercio;fabrica de alimentos;guayabal;2;1;2018-12-17;7800000;microempresarial
femenino;comercio;tienda;guayabal;2;1;2016-02-29;3000000;microempresarial
masculino;servicio;taller de electronica;guayabal;2;1;2018-04-16;7800000;microempresarial
femenino;comercio;distribuidora de;guayabal;2;1;2017-03-29;4000000;microempresarial
masculino;servicio;cafe e internet;guayabal;2;1;2017-07-04;5000000;microempresarial
masculino;servicio;variedades;guayabal;2;1;2019-02-11;4500000;microempresarial
femenino;servicio;fabrica de;guayabal;1;1;2018-11-19;7800000;microempresarial
femenino;industria;fabrica de;guayabal;1;1;2016-08-12;6890000;microempresarial
femenino;comercio;variedades;guayabal;2;1;2018-03-22;7800000;microempresarial
femenino;industria;fabrica de;guayabal;2;1;2016-03-15;6800000;microempresarial
masculino;comercio;comidas rapidas;guayabal;2;1;2018-04-23;6000000;microempresarial
masculino;servicio;comidas rapidas;guayabal;2;1;2016-05-17;6890000;microempresarial
femenino;comercio;variedades;guayabal;2;1;2018-11-06;7000000;microempresarial
femenino;industria;fabrica de;guayabal;2;1;2017-10-03;7377000;microempresarial
femenino;comercio;tienda;guayabal;2;1;2018-10-11;7800000;credioportuno
masculino;servicio;barberia;guayabal;1;1;2017-06-01;7377000;microempresarial
femenino;industria;fabrica de;guayabal;2;1;2019-06-13;6000000;microempresarial
femenino;servicio;peluqueria;guayabal;2;1;2018-07-16;1200000;microempresarial
masculino;comercio;almacen de ropa en;guayabal;2;1;2019-01-31;8200000;microempresarial
masculino;servicio;fabrica de;guayabal;1;1;2017-10-26;7300000;microempresarial
femenino;comercio;fabrica de;guayabal;2;1;2018-03-14;6000000;microempresarial
femenino;industria;fabrica de;guayabal;1;1;2016-09-26;3000000;microempresarial
femenino;comercio;fabrica de;guayabal;1;1;2017-05-05;7000000;microempresarial
femenino;comercio;tienda;guayabal;2;1;2016-10-05;6890000;microempresarial
masculino;servicio;tienda;guayabal;1;1;2016-10-14;2000000;microempresarial
femenino;comercio;tienda;guayabal;2;1;2018-01-16;4300000;microempresarial
femenino;industria;fotografia;guayabal;2;1;2017-02-13;7000000;microempresarial
femenino;industria;fabrica de;guayabal;2;1;2018-02-06;3000000;microempresarial
femenino;industria;fabrica de;guayabal;1;1;2017-09-15;5000000;microempresarial
masculino;comercio;tienda;guayabal;2;1;2018-04-26;2000000;microempresarial
femenino;servicio;peluqueria;guayabal;2;1;2018-07-06;5000000;microempresarial
masculino;comercio;variedades;guayabal;2;1;2018-01-24;7000000;microempresarial
masculino;comercio;variedades;guayabal;1;1;2018-07-19;7800000;microempresarial
femenino;comercio;variedades;guayabal;2;1;2017-05-23;7377000;microempresarial
femenino;comercio;comidas rapidas;guayabal;2;1;2018-09-21;800000;microempresarial
masculino;comercio;almacen de ropa en;guayabal;2;1;2019-03-19;8281000;microempresarial
femenino;servicio;peluqueria;guayabal;2;1;2016-09-07;5000000;microempresarial
femenino;comercio;restaurante;guayabal;2;1;2018-05-01;4000000;microempresarial
masculino;servicio;recreativo educativo;guayabal;2;1;2017-10-24;7300000;microempresarial
masculino;comercio;deposito de;guayabal;1;1;2018-06-14;7800000;microempresarial
femenino;comercio;variedades;guayabal;2;1;2018-06-22;5000000;microempresarial
femenino;comercio;restaurante;guayabal;2;1;2018-04-23;4000000;microempresarial
femenino;industria;fabrica de;guayabal;1;1;2018-05-23;3400000;microempresarial
femenino;comercio;legumbreria;guayabal;2;1;2017-04-19;7377000;microempresarial
femenino;comercio;montallantas;guayabal;1;1;2017-04-26;7377000;microempresarial
femenino;comercio;restaurante;guayabal;2;1;2017-11-17;7300000;microempresarial
femenino;industria;fabrica de calzado;guayabal;2;1;2016-08-30;6890000;microempresarial
masculino;industria;fabrica de;guayabal;2;1;2019-02-01;8281000;microempresarial
femenino;comercio;variedades;guayabal;2;1;2018-04-11;5000000;microempresarial
masculino;servicio;publicidad y;guayabal;2;1;2016-11-16;6890000;microempresarial
femenino;comercio;almacen de ropa en;guayabal;2;1;2017-07-13;4000000;microempresarial
masculino;industria;panaderia;guayabal;1;1;2018-01-30;6000000;microempresarial
femenino;comercio;comidas rapidas;guayabal;1;1;2018-09-24;6000000;microempresarial
femenino;comercio;tienda;guayabal;1;1;2016-04-25;4000000;microempresarial
femenino;servicio;fabrica de;20 de julio;2;1;2017-06-09;6000000;microempresarial
femenino;industria;fabrica de;20 de julio;2;1;2017-05-23;7377000;microempresarial
femenino;comercio;legumbreria;20 de julio;1;1;2018-07-13;5000000;microempresarial
femenino;industria;fabrica de;20 de julio;2;1;2016-12-13;6000000;microempresarial
femenino;comercio;fabrica de;20 de julio;2;1;2019-05-13;7300000;microempresarial
masculino;industria;fotografia;20 de julio;2;1;2018-10-31;6000000;microempresarial
masculino;industria;fabrica de muebles;20 de julio;2;1;2018-06-14;7000000;microempresarial
femenino;comercio;tienda;20 de julio;2;1;2019-05-15;8200000;microempresarial
femenino;comercio;legumbreria;20 de julio;1;1;2018-08-29;7000000;microempresarial
masculino;comercio;variedades;20 de julio;2;1;2019-05-10;8200000;microempresarial
femenino;servicio;restaurante;20 de julio;2;1;2016-08-25;6300000;microempresarial
femenino;comercio;variedades;20 de julio;2;1;2018-07-25;2500000;microempresarial
femenino;servicio;comidas rapidas;20 de julio;2;1;2017-02-24;7300000;microempresarial
masculino;industria;fabrica de;20 de julio;2;1;2017-09-27;6000000;microempresarial
masculino;industria;fabrica de;20 de julio;2;1;2018-03-07;1000000;microempresarial
femenino;servicio;tienda naturista;20 de julio;2;1;2017-03-01;7370000;microempresarial
femenino;industria;fabrica de;20 de julio;2;1;2016-02-17;6444500;microempresarial
masculino;comercio;variedades;20 de julio;1;1;2017-10-23;4000000;microempresarial
femenino;comercio;almacen de ropa en;20 de julio;2;1;2017-06-15;6000000;microempresarial
femenino;comercio;variedades;20 de julio;1;1;2019-03-26;7000000;microempresarial
masculino;servicio;gimnasio;20 de julio;1;1;2018-02-16;5000000;microempresarial
masculino;industria;fabrica de calzado;20 de julio;2;1;2016-10-28;6800000;microempresarial
femenino;industria;fabrica de;20 de julio;2;1;2016-11-18;2000000;microempresarial
femenino;servicio;barberia;20 de julio;2;1;2019-06-21;3000000;microempresarial
femenino;comercio;tienda;20 de julio;2;1;2019-05-31;8200000;microempresarial
femenino;comercio;cafe e internet;20 de julio;2;1;2017-07-06;7377000;microempresarial
masculino;industria;fabrica de;20 de julio;1;1;2017-03-29;4000000;microempresarial
femenino;comercio;variedades;20 de julio;2;1;2018-07-31;7800000;microempresarial
masculino;industria;fabrica de ceramica;20 de julio;1;1;2018-05-22;7812000;microempresarial
femenino;comercio;tienda;20 de julio;2;1;2017-04-07;3000000;microempresarial
masculino;comercio;miscelanea;20 de julio;1;1;2017-03-31;7370000;microempresarial
femenino;industria;fabrica de;20 de julio;2;1;2018-11-02;7800000;microempresarial
femenino;comercio;tienda;20 de julio;2;1;2018-05-22;7800000;microempresarial
masculino;servicio;lavanderia;20 de julio;2;1;2016-05-12;5000000;microempresarial
femenino;industria;fabrica de;20 de julio;1;1;2017-11-23;7300000;microempresarial
masculino;comercio;legumbreria;20 de julio;1;1;2019-05-29;6000000;microempresarial
masculino;servicio;variedades;20 de julio;2;1;2018-01-31;2000000;microempresarial
femenino;comercio;cafeteria;20 de julio;2;1;2018-11-01;2300000;microempresarial
femenino;comercio;fabrica de;20 de julio;1;1;2018-10-22;7800000;microempresarial
femenino;servicio;mantenimiento en;20 de julio;2;1;2016-12-20;6800000;microempresarial
femenino;industria;fabrica de;20 de julio;1;1;2017-07-18;7377000;microempresarial
femenino;servicio;peluqueria;20 de julio;2;1;2019-02-18;8200000;microempresarial
femenino;comercio;bares;20 de julio;1;1;2017-03-10;4000000;microempresarial
femenino;industria;fabrica de;20 de julio;1;1;2018-10-03;7000000;microempresarial
masculino;comercio;tienda;20 de julio;2;1;2018-03-01;7800000;microempresarial
femenino;industria;fabrica de;20 de julio;1;1;2018-03-12;7000000;microempresarial
masculino;comercio;cerrajeria;20 de julio;1;1;2018-10-11;7800000;microempresarial
femenino;comercio;distribuidora de;20 de julio;2;1;2018-07-10;6000000;microempresarial
femenino;industria;fabrica de;20 de julio;2;1;2018-06-05;6000000;microempresarial
femenino;comercio;variedades;20 de julio;1;1;2017-01-25;6800000;microempresarial
femenino;comercio;gimnasio;20 de julio;2;1;2017-04-18;2000000;microempresarial
femenino;comercio;almacen de ropa en;20 de julio;2;1;2017-02-20;6000000;microempresarial
masculino;servicio;barberia;20 de julio;2;1;2018-05-21;3000000;microempresarial
femenino;comercio;variedades;20 de julio;2;1;2016-03-09;5000000;microempresarial
femenino;servicio;organización y;20 de julio;2;1;2018-01-23;7300000;microempresarial
masculino;comercio;almacen de ropa en;20 de julio;2;1;2018-08-14;7800000;microempresarial
femenino;comercio;tienda;20 de julio;1;1;2018-07-30;7800000;microempresarial
femenino;comercio;tienda;20 de julio;2;1;2016-08-04;4000000;microempresarial
femenino;comercio;tienda;20 de julio;1;9;2017-08-25;3150000;microempresarial
femenino;comercio;variedades;20 de julio;2;1;2016-01-19;5000000;microempresarial
femenino;servicio;peluqueria;20 de julio;2;1;2018-11-06;2000000;microempresarial
femenino;servicio;peluqueria;20 de julio;2;1;2018-10-24;7800000;microempresarial
femenino;servicio;restaurante;20 de julio;2;1;2016-09-05;6890000;microempresarial
femenino;industria;fabrica de;20 de julio;2;1;2018-05-17;7800000;microempresarial
femenino;industria;fabrica de;20 de julio;1;1;2019-06-13;4800000;microempresarial
masculino;comercio;tienda;20 de julio;2;1;2017-03-30;7000000;microempresarial
femenino;servicio;panaderia;20 de julio;2;1;2018-02-20;7300000;microempresarial
femenino;servicio;comidas rapidas;20 de julio;1;1;2016-04-21;2000000;microempresarial
femenino;comercio;tienda;20 de julio;2;1;2016-11-03;6890000;microempresarial
femenino;comercio;almacen de ropa en;20 de julio;2;1;2018-04-03;16720000;microempresarial
masculino;comercio;cafeteria;20 de julio;2;1;2018-06-27;4000000;microempresarial
masculino;servicio;productos de belleza;20 de julio;2;1;2018-11-02;7800000;microempresarial
masculino;servicio;fabrica de juegos;20 de julio;1;1;2016-11-17;6890000;microempresarial
masculino;comercio;variedades;20 de julio;2;1;2018-11-14;7800000;microempresarial
masculino;comercio;comidas rapidas;20 de julio;3;10;2017-10-10;4426000;microempresarial
masculino;comercio;recreativo educativo;20 de julio;2;10;2016-05-13;6890000;microempresarial
femenino;comercio;distribuidora de;20 de julio;3;10;2017-02-13;7300000;microempresarial
femenino;comercio;tienda;20 de julio;3;10;2017-07-12;7000000;microempresarial
femenino;industria;fabrica de;20 de julio;3;10;2018-02-23;3000000;microempresarial
masculino;comercio;tienda;20 de julio;3;10;2017-03-28;7000000;microempresarial
masculino;comercio;variedades;20 de julio;3;10;2018-02-05;3000000;microempresarial
masculino;comercio;tienda naturista;20 de julio;3;10;2018-05-22;5000000;microempresarial
masculino;comercio;variedades;20 de julio;3;10;2016-03-15;4000000;microempresarial
femenino;industria;marroquineria;20 de julio;3;10;2016-02-02;5600000;microempresarial
masculino;comercio;variedades;20 de julio;3;10;2017-06-02;7370000;microempresarial
femenino;comercio;variedades;20 de julio;3;10;2017-06-27;7377000;microempresarial
masculino;servicio;mantenimiento en;20 de julio;3;10;2017-02-06;30000000;empresarial ed.
femenino;comercio;variedades;20 de julio;3;10;2019-04-01;5000000;microempresarial
masculino;comercio;fabrica de;20 de julio;3;10;2018-07-13;5000000;microempresarial
femenino;comercio;variedades;20 de julio;3;10;2017-03-21;7000000;microempresarial
femenino;comercio;variedades;belencito;3;10;2016-04-18;6890000;microempresarial
femenino;comercio;fabrica de;belencito;3;10;2017-06-06;6000000;microempresarial
masculino;comercio;bares;belencito;3;10;2016-04-06;4000000;microempresarial
femenino;comercio;cafeteria;belencito;3;10;2018-02-09;5000000;microempresarial
femenino;comercio;variedades;belencito;3;10;2016-04-21;3000000;microempresarial
femenino;comercio;panaderia;belencito;3;10;2018-10-29;7800000;microempresarial
femenino;comercio;comidas rapidas;belencito;2;10;2018-05-23;6000000;microempresarial
femenino;comercio;comidas rapidas;belencito;3;10;2019-03-29;8000000;microempresarial
femenino;comercio;almacen de ropa en;belencito;3;10;2017-11-20;7000000;microempresarial
femenino;comercio;variedades;belencito;3;10;2016-05-06;6890000;microempresarial
femenino;comercio;variedades;belencito;3;10;2018-05-16;7800000;microempresarial
masculino;comercio;almacen de ropa en;belencito;3;10;2017-05-31;73770000;microempresarial
masculino;comercio;ferreteria;belencito;3;10;2017-02-17;7377000;microempresarial
femenino;industria;fabrica de;belencito;2;10;2016-02-24;6890000;microempresarial
femenino;industria;fabrica de;belencito;1;5;2018-07-05;6000000;microempresarial
femenino;servicio;fotografia;belencito;2;5;2018-05-04;6000000;microempresarial
femenino;industria;fabrica de;belencito;2;7;2018-06-06;7000000;microempresarial
femenino;comercio;legumbreria;belencito;1;7;2016-05-31;1500000;microempresarial
femenino;comercio;lenceria para el;belencito;3;7;2018-04-13;1500000;microempresarial
femenino;industria;fabrica de arepas;belencito;2;7;2016-04-12;6000000;microempresarial
femenino;servicio;peluqueria;belencito;3;7;2017-05-31;7370000;microempresarial
femenino;comercio;miscelanea;belencito;2;7;2016-06-14;2000000;microempresarial
femenino;servicio;tienda;belencito;1;7;2017-08-22;2000000;microempresarial
masculino;industria;fabrica de colchones;belencito;2;7;2018-01-29;7800000;microempresarial
femenino;servicio;peluqueria;belencito;1;7;2018-04-25;7800000;microempresarial
masculino;servicio;barberia;belencito;2;7;2017-06-30;5000000;microempresarial
masculino;servicio;barberia;belencito;2;7;2016-03-04;2000000;microempresarial
masculino;industria;joyeria;belencito;2;7;2016-02-18;6890000;microempresarial
masculino;comercio;restaurante;belencito;2;7;2018-02-13;7800000;microempresarial
femenino;servicio;productos de belleza;belencito;3;7;2017-07-12;7323000;microempresarial
femenino;comercio;variedades;belencito;2;7;2018-11-20;7000000;microempresarial
femenino;servicio;peluqueria;belencito;2;7;2017-11-29;5000000;microempresarial
masculino;comercio;charcuteria;belencito;1;7;2016-10-20;6890000;microempresarial
femenino;comercio;almacen de ropa en;belencito;2;7;2017-09-26;7100000;microempresarial
masculino;servicio;fotografia;belencito;2;7;2017-08-09;6000000;microempresarial
femenino;comercio;comidas rapidas;belencito;2;7;2016-10-04;6890000;microempresarial
masculino;servicio;barberia;belencito;3;7;2018-10-03;5000000;microempresarial
femenino;comercio;ferreteria;belencito;2;7;2017-11-28;7300000;microempresarial
masculino;comercio;barberia;belencito;2;7;2017-06-01;3000000;microempresarial
femenino;comercio;variedades;belencito;2;7;2017-05-16;5000000;microempresarial
masculino;servicio;cafe e internet;belencito;2;7;2018-02-05;7000000;microempresarial
masculino;comercio;fabrica de;belencito;2;7;2018-12-04;7000000;microempresarial
masculino;servicio;taller de electronica;belencito;2;7;2017-03-23;7377000;microempresarial
femenino;industria;fabrica de;belencito;1;7;2017-11-28;7300000;microempresarial
masculino;comercio;cerrajeria;belencito;1;7;2016-12-02;6800000;microempresarial
femenino;industria;fabrica de;belencito;3;7;2017-09-25;3000000;microempresarial
femenino;servicio;peluqueria;belencito;2;7;2018-02-02;7000000;microempresarial
femenino;servicio;panaderia;belencito;2;7;2018-05-10;7800000;microempresarial
femenino;comercio;variedades;belencito;2;7;2017-07-26;7300000;microempresarial
femenino;comercio;almacen de ropa en;belencito;2;7;2018-09-24;7000000;microempresarial
masculino;industria;fabrica de;belencito;2;7;2018-05-22;5000000;microempresarial
femenino;comercio;tienda;belencito;1;7;2016-11-08;2000000;microempresarial
femenino;industria;fabrica de;belencito;3;7;2018-06-12;2000000;microempresarial
femenino;comercio;tienda de helados;belencito;2;7;2018-09-05;5000000;microempresarial
femenino;industria;fabrica de;belencito;2;7;2017-09-27;7377000;microempresarial
masculino;industria;mantenimiento en;belencito;2;7;2017-06-13;7377000;microempresarial
femenino;comercio;almacen de ropa en;belencito;1;7;2017-03-23;7377000;microempresarial
femenino;comercio;variedades;belencito;1;7;2018-11-08;3500000;microempresarial
femenino;comercio;tienda;belencito;2;7;2017-03-02;6000000;microempresarial
masculino;servicio;tienda;belencito;3;7;2018-05-09;7800000;microempresarial
femenino;industria;fabrica de;belencito;2;7;2016-03-01;4500000;microempresarial
femenino;comercio;variedades;belencito;1;7;2018-02-23;4000000;microempresarial
femenino;comercio;almacen de ropa en;belencito;2;7;2017-02-15;7377000;microempresarial
femenino;industria;panaderia;belencito;1;7;2017-04-18;7377000;microempresarial
femenino;servicio;cafe e internet;belencito;2;7;2017-12-13;7300000;microempresarial
femenino;comercio;comidas rapidas;belencito;1;7;2018-03-13;3000000;microempresarial
femenino;servicio;barberia;belencito;2;7;2018-07-09;6000000;microempresarial
femenino;servicio;peluqueria;belencito;1;7;2018-10-25;7800000;microempresarial
femenino;comercio;variedades;belencito;1;7;2018-09-14;2200000;microempresarial
masculino;comercio;variedades;belencito;2;7;2018-07-27;7800000;microempresarial
masculino;comercio;miscelanea;belencito;2;7;2019-01-21;6000000;microempresarial
femenino;comercio;panaderia;belencito;1;7;2017-10-20;7370000;microempresarial
masculino;industria;fabrica de;belencito;1;7;2018-03-16;7000000;microempresarial
femenino;comercio;restaurante;belencito;3;7;2017-10-30;6000000;microempresarial
femenino;comercio;cafeteria;belencito;3;7;2017-12-29;7370000;microempresarial
masculino;comercio;barberia;belencito;2;7;2016-10-18;6890000;microempresarial
masculino;servicio;peluqueria;belencito;2;7;2018-07-16;7800000;microempresarial
femenino;comercio;fabrica de alimentos;belencito;2;7;2016-10-03;6800000;microempresarial
femenino;industria;fabrica de;belencito;1;7;2016-08-30;6000000;microempresarial
masculino;industria;fabrica de;belencito;2;7;2019-05-03;8200000;microempresarial
femenino;comercio;variedades;belencito;2;7;2018-03-16;5100000;microempresarial
femenino;comercio;venta de calzado;belencito;2;7;2016-06-01;3000000;microempresarial
femenino;industria;fabrica de arepas;belencito;2;7;2016-05-21;6890000;microempresarial
femenino;industria;fabrica de;belencito;2;7;2019-06-27;8000000;microempresarial
femenino;industria;fabrica de;belencito;2;7;2017-05-09;7000000;microempresarial
femenino;comercio;variedades;belencito;2;7;2017-09-29;7000000;microempresarial
femenino;comercio;almacen de ropa en;belencito;3;7;2017-06-29;7000000;microempresarial
femenino;comercio;comidas rapidas;belencito;2;7;2017-11-20;4400000;microempresarial
femenino;industria;fabrica de;belencito;2;7;2018-04-19;4000000;microempresarial
femenino;industria;fabrica de;la floresta;2;7;2016-09-09;6000000;microempresarial
femenino;comercio;variedades;la floresta;3;7;2017-04-18;7370000;microempresarial
femenino;comercio;almacen de ropa en;la floresta;3;7;2019-03-21;7500000;microempresarial
masculino;comercio;comidas rapidas;la floresta;3;7;2017-04-27;7000000;microempresarial
femenino;comercio;tienda;la floresta;1;7;2018-02-02;5000000;microempresarial
femenino;comercio;tienda;la floresta;1;7;2017-03-15;1500000;microempresarial
femenino;comercio;variedades;la floresta;1;7;2018-10-18;4000000;microempresarial
femenino;industria;fabrica de;la floresta;1;7;2017-09-06;7300000;microempresarial
femenino;comercio;comidas rapidas;la floresta;2;7;2018-09-05;6000000;microempresarial
masculino;agropecuaria;fabrica de alimentos;la floresta;3;7;2017-02-03;7377000;microempresarial
femenino;comercio;comidas rapidas;la floresta;2;7;2017-10-12;7300000;microempresarial
femenino;comercio;papeleria;la floresta;2;4;2019-04-10;6000000;microempresarial
masculino;comercio;venta de lacteos;la floresta;1;7;2016-06-03;6890000;microempresarial
masculino;industria;carpinteria;la floresta;2;7;2018-05-17;7800000;microempresarial
masculino;comercio;almacen de ropa en;la floresta;2;7;2017-09-12;4000000;juridica y cap.semilla
masculino;comercio;tienda;la floresta;3;7;2017-09-01;7377000;microempresarial
masculino;comercio;joyeria;la floresta;2;7;2018-05-08;7800000;microempresarial
femenino;servicio;peluqueria;la floresta;2;7;2018-01-30;6000000;microempresarial
femenino;comercio;productos de belleza;la floresta;2;7;2018-06-05;6000000;microempresarial
femenino;comercio;licorera;la floresta;2;7;2017-11-21;7000000;microempresarial
masculino;servicio;mantenimiento en;la floresta;2;7;2017-09-06;7000000;microempresarial
masculino;comercio;papeleria;la floresta;2;7;2017-07-25;7000000;microempresarial
femenino;industria;fabrica de;la floresta;1;7;2017-02-03;7377000;microempresarial
masculino;comercio;fabrica de;la floresta;2;7;2016-11-29;4000000;microempresarial
femenino;comercio;fabrica de;la floresta;2;7;2019-03-28;8000000;microempresarial
masculino;comercio;almacen de ropa en;la floresta;3;7;2016-12-13;6890000;microempresarial
femenino;servicio;mantenimiento en;la floresta;2;7;2018-01-25;7800000;microempresarial
femenino;industria;fabrica de ceramica;la floresta;1;7;2018-10-11;7800000;microempresarial
femenino;comercio;tienda;la floresta;2;7;2016-07-08;6890000;microempresarial
masculino;comercio;tienda;la floresta;2;7;2019-02-20;8281000;microempresarial
femenino;comercio;almacen de ropa en;la floresta;2;7;2017-12-11;4500000;microempresarial
femenino;comercio;variedades;la floresta;2;7;2018-01-16;4400000;microempresarial
femenino;comercio;tienda;la floresta;2;7;2018-12-28;7000000;microempresarial
masculino;comercio;recreativo educativo;la floresta;2;7;2016-03-14;6890000;microempresarial
femenino;comercio;tienda;la floresta;2;7;2018-05-08;7000000;microempresarial
femenino;comercio;variedades;la floresta;2;7;2016-04-06;3000000;microempresarial
masculino;industria;fabrica de;la floresta;2;7;2018-10-25;7000000;microempresarial
masculino;servicio;variedades;la floresta;2;7;2018-02-27;4000000;microempresarial
femenino;comercio;comidas rapidas;la floresta;1;7;2018-02-14;2000000;microempresarial
masculino;industria;fabrica de;la floresta;2;7;2016-02-17;5000000;microempresarial
masculino;comercio;tienda;la floresta;3;7;2017-10-04;7300000;microempresarial
femenino;servicio;comidas rapidas;la floresta;2;7;2016-10-11;4000000;microempresarial
femenino;comercio;comidas rapidas;la floresta;2;7;2016-12-21;6890000;microempresarial
femenino;comercio;comidas rapidas;la floresta;1;7;2018-06-20;4000000;microempresarial
masculino;servicio;mantenimiento en;la floresta;2;7;2018-10-11;7000000;microempresarial
masculino;comercio;productos de belleza;la floresta;2;7;2018-05-18;7800000;microempresarial
femenino;comercio;miscelanea;la floresta;1;7;2016-12-16;6890000;microempresarial
femenino;servicio;peluqueria;la floresta;2;7;2019-01-09;8281000;microempresarial
femenino;comercio;distribuidora de;la floresta;2;7;2018-03-15;5000000;microempresarial
femenino;comercio;tienda;la floresta;1;7;2018-12-20;6500000;microempresarial
femenino;comercio;tienda;la floresta;2;7;2017-05-04;7300000;microempresarial
femenino;comercio;peluqueria;la floresta;2;7;2018-07-17;7800000;microempresarial
femenino;comercio;tienda;la floresta;2;7;2017-03-06;1000000;microempresarial
femenino;industria;fabrica de;la floresta;2;7;2018-08-13;6000000;microempresarial
femenino;industria;variedades;la floresta;2;7;2017-08-08;5500000;microempresarial
masculino;comercio;restaurante;la floresta;2;7;2017-07-14;7377000;microempresarial
femenino;comercio;tienda;la floresta;2;7;2018-07-13;7800000;microempresarial
femenino;comercio;fabrica de muebles;la floresta;2;7;2017-02-27;7300000;microempresarial
femenino;servicio;peluqueria;la floresta;3;7;2017-12-01;5000000;microempresarial
femenino;comercio;variedades;la floresta;1;7;2018-08-24;7800000;microempresarial
masculino;comercio;variedades;la floresta;2;7;2019-06-26;1500000;microempresarial
femenino;comercio;fabrica de alimentos;la floresta;2;7;2018-07-30;7000000;microempresarial
femenino;industria;fabrica de;la floresta;2;7;2018-08-17;5000000;microempresarial
femenino;servicio;fabrica de;la floresta;1;7;2019-05-02;8000000;microempresarial
femenino;comercio;distribuidora de;la floresta;2;7;2019-01-25;3000000;microempresarial
femenino;comercio;restaurante;la floresta;2;7;2017-04-07;7347000;microempresarial
masculino;servicio;productos de belleza;la floresta;2;4;2018-07-10;5000000;microempresarial
femenino;industria;ferreteria;la floresta;2;7;2018-02-15;7800000;microempresarial
masculino;agropecuaria;criadero de animales;la floresta;3;7;2019-06-19;18000000;agropecuaria
masculino;comercio;almacen de ropa en;la floresta;2;7;2017-07-10;7377000;microempresarial
femenino;comercio;comidas rapidas;la floresta;2;7;2017-01-27;4000000;microempresarial
masculino;servicio;lavanderia;la floresta;3;7;2018-07-09;7800000;microempresarial
femenino;servicio;recreativo educativo;la floresta;2;7;2016-05-19;2000000;microempresarial
femenino;comercio;variedades;la floresta;2;7;2017-10-02;3000000;microempresarial
masculino;comercio;variedades;la floresta;2;7;2017-01-17;7377000;microempresarial
masculino;servicio;variedades;la floresta;2;7;2016-12-30;4000000;microempresarial
masculino;comercio;carniceria;la floresta;2;7;2018-03-07;7500000;microempresarial
femenino;servicio;comidas rapidas;la floresta;2;7;2016-03-01;4000000;microempresarial
masculino;industria;fabrica de;la floresta;2;7;2017-11-14;7300000;microempresarial
femenino;comercio;charcuteria;la floresta;2;7;2018-10-03;5500000;microempresarial
femenino;comercio;comidas rapidas;la floresta;2;7;2017-12-06;7300000;microempresarial
masculino;comercio;tienda;la floresta;1;7;2016-10-31;6000000;microempresarial
femenino;servicio;peluqueria;la floresta;3;7;2017-05-19;7000000;microempresarial
femenino;comercio;comidas rapidas;la floresta;3;7;2018-02-22;5000000;microempresarial
masculino;comercio;variedades;la floresta;2;7;2018-01-26;5000000;microempresarial
masculino;industria;fabrica de;la floresta;2;7;2017-11-15;5000000;microempresarial
femenino;servicio;servicios;la floresta;2;7;2017-07-19;7300000;microempresarial
femenino;comercio;almacen de ropa en;la floresta;1;7;2017-05-17;6000000;microempresarial
masculino;comercio;restaurante;la floresta;2;7;2018-04-17;7800000;microempresarial
femenino;industria;fabrica de;villatina;2;7;2018-07-10;3800000;microempresarial
masculino;comercio;cerrajeria;villatina;3;7;2019-02-20;7800000;microempresarial
masculino;agropecuaria;criadero de animales;villatina;2;7;2016-10-31;6890000;microempresarial
femenino;servicio;cafe e internet;villatina;1;7;2016-06-24;6000000;microempresarial
masculino;comercio;variedades;villatina;2;7;2018-12-11;7800000;microempresarial
femenino;comercio;fabrica de;villatina;2;7;2017-02-23;5000000;microempresarial
femenino;comercio;almacen de ropa en;villatina;2;7;2018-02-15;6000000;microempresarial
masculino;comercio;comidas rapidas;villatina;2;7;2018-10-03;6000000;microempresarial
femenino;comercio;tienda de helados;villatina;3;7;2018-05-23;7800000;microempresarial
femenino;comercio;variedades;villatina;2;7;2016-10-28;6000000;microempresarial
femenino;industria;fabrica de;villatina;2;7;2017-07-18;1500000;microempresarial
masculino;servicio;recreativo educativo;villatina;2;7;2016-11-25;5500000;microempresarial
femenino;comercio;almacen de ropa en;villatina;2;7;2018-07-03;4000000;microempresarial
femenino;comercio;tienda;villatina;2;7;2018-09-05;5000000;microempresarial
femenino;comercio;peluqueria;villatina;2;7;2018-05-03;6000000;microempresarial
masculino;servicio;comidas rapidas;villatina;3;7;2016-12-14;4000000;microempresarial
femenino;industria;fabrica de calzado;villatina;2;7;2018-03-23;7800000;microempresarial
femenino;comercio;fabrica de alimentos;villatina;3;7;2018-04-03;7800000;microempresarial
femenino;industria;fabrica de;villatina;2;7;2017-06-23;3000000;microempresarial
masculino;comercio;tienda;villatina;1;7;2017-12-18;5000000;microempresarial
femenino;comercio;comidas rapidas;villatina;3;7;2018-01-29;7800000;microempresarial
masculino;comercio;legumbreria;villatina;1;7;2018-02-06;7000000;microempresarial
femenino;comercio;tienda;villatina;2;7;2017-02-13;5000000;microempresarial
masculino;comercio;fabrica de calzado;villatina;3;7;2018-08-29;7800000;microempresarial
masculino;industria;fabrica de alimentos;villatina;3;7;2018-11-01;7800000;microempresarial
masculino;servicio;peluqueria;villatina;2;7;2018-02-21;7000000;microempresarial
masculino;servicio;barberia;villatina;2;7;2018-05-08;6000000;microempresarial
femenino;comercio;carniceria;villatina;3;7;2017-10-13;4000000;microempresarial
femenino;comercio;almacen de ropa en;villatina;2;7;2018-01-29;7800000;microempresarial
masculino;servicio;recreativo educativo;villatina;3;7;2016-11-08;20000000;juridica y cap.semilla
masculino;comercio;tienda;villatina;1;7;2018-02-14;7800000;microempresarial
femenino;comercio;almacen de ropa en;villatina;2;7;2017-03-09;6000000;microempresarial
masculino;servicio;comidas rapidas;villatina;2;7;2017-03-29;7377000;microempresarial
masculino;comercio;peluqueria;villatina;3;7;2019-01-21;8281000;microempresarial
masculino;comercio;variedades;villatina;3;7;2017-04-19;7300000;microempresarial
femenino;industria;fabrica de;villatina;2;7;2016-11-24;3000000;microempresarial
femenino;servicio;fabrica de;villatina;3;7;2018-04-13;7800000;microempresarial
femenino;comercio;distribuidora de;villatina;2;7;2016-08-12;5000000;microempresarial
femenino;industria;fabrica de;villatina;1;7;2019-02-21;7000000;microempresarial
masculino;comercio;licorera;villatina;2;7;2017-03-29;7377000;microempresarial
femenino;comercio;papeleria;villatina;2;7;2016-10-11;4000000;microempresarial
femenino;comercio;tienda;villatina;2;7;2018-05-11;5000000;microempresarial
femenino;comercio;tienda de helados;villatina;2;7;2016-08-18;6890000;microempresarial
femenino;comercio;variedades;villatina;2;7;2016-11-23;5000000;microempresarial
masculino;comercio;variedades;villatina;2;7;2018-05-17;7000000;microempresarial
femenino;comercio;fabrica de helados;villatina;2;7;2016-09-15;6000000;microempresarial
femenino;comercio;fabrica de;villatina;3;7;2018-01-25;7812000;microempresarial
femenino;comercio;almacen de ropa en;villatina;2;7;2017-09-25;7000000;microempresarial
femenino;comercio;tienda de helados;villatina;2;7;2018-07-12;5000000;microempresarial
femenino;servicio;papeleria;villatina;2;7;2018-07-26;2500000;microempresarial
masculino;comercio;tienda;villatina;2;7;2017-12-26;73000000;microempresarial
femenino;comercio;papeleria;villatina;1;7;2018-05-02;1200000;microempresarial
femenino;comercio;productos de belleza;villatina;1;7;2019-03-13;1500000;microempresarial
femenino;servicio;productos de belleza;villatina;2;7;2019-03-18;8280000;microempresarial
femenino;comercio;almacen de ropa en;villatina;3;7;2016-07-06;6890000;microempresarial
femenino;comercio;papeleria;villatina;3;7;2019-04-05;6500000;microempresarial
femenino;comercio;variedades;villatina;2;7;2016-11-23;6890000;microempresarial
masculino;industria;fabrica de;villatina;2;7;2016-02-16;6900000;microempresarial
femenino;comercio;variedades;villatina;2;7;2018-05-21;5000000;microempresarial
masculino;comercio;comidas rapidas;villatina;2;7;2017-03-21;7370000;microempresarial
masculino;comercio;panaderia;villatina;2;7;2016-08-31;6890000;microempresarial
masculino;industria;fabrica de;villatina;2;7;2018-10-30;7800000;microempresarial
masculino;comercio;ferreteria;villatina;3;7;2018-11-01;7800000;microempresarial
femenino;comercio;comidas rapidas;villatina;2;7;2018-02-12;1000000;microempresarial
masculino;servicio;comidas rapidas;villatina;3;7;2016-09-29;3500000;microempresarial
femenino;comercio;variedades;villatina;1;7;2017-11-23;5000000;microempresarial
femenino;comercio;tienda;villatina;2;7;2016-10-12;6890000;microempresarial
femenino;comercio;ferreteria;villatina;1;7;2018-05-17;5000000;microempresarial
femenino;servicio;servicios;villatina;2;7;2018-07-31;7800000;microempresarial
femenino;servicio;fotografia;villatina;2;7;2019-01-25;7800000;microempresarial
masculino;comercio;distribuidora de;villatina;2;7;2018-07-06;7800000;microempresarial
masculino;comercio;papeleria;villatina;2;7;2018-03-09;3000000;microempresarial
femenino;servicio;peluqueria;villatina;3;7;2016-07-15;6890000;microempresarial
femenino;comercio;tienda;villatina;2;7;2018-02-06;7000000;microempresarial
masculino;comercio;papeleria;villatina;3;7;2017-08-11;7377000;microempresarial
femenino;industria;fabrica de;villatina;2;7;2018-02-02;6000000;microempresarial
masculino;servicio;fabrica de;villatina;2;7;2016-08-09;6890000;microempresarial
masculino;industria;fabrica de productos;villatina;1;7;2016-10-26;4000000;microempresarial
femenino;comercio;variedades;villatina;2;7;2017-07-18;7377000;microempresarial
masculino;comercio;deposito de;villatina;2;7;2017-08-16;7377000;microempresarial
masculino;comercio;peluqueria;villatina;2;7;2018-02-16;5000000;microempresarial
femenino;industria;fabrica de;villatina;2;7;2016-04-05;2000000;microempresarial
femenino;industria;fabrica de;villatina;3;7;2017-10-17;7300000;microempresarial
femenino;servicio;servicios;villatina;2;7;2018-02-27;7300000;microempresarial
masculino;industria;fabrica de;villatina;3;7;2017-10-19;2000000;microempresarial
masculino;servicio;restaurante;villatina;3;7;2019-04-24;8280000;microempresarial
masculino;comercio;comidas rapidas;playon de los;2;7;2018-04-11;5000000;microempresarial
masculino;comercio;variedades;playon de los;2;7;2018-02-08;7000000;microempresarial
femenino;comercio;mantenimiento en;playon de los;2;7;2018-07-31;78000000;microempresarial
femenino;comercio;miscelanea;playon de los;3;7;2017-09-05;7300000;microempresarial
femenino;comercio;variedades;playon de los;2;7;2018-06-15;2000000;microempresarial
masculino;comercio;almacen de ropa en;playon de los;2;7;2016-08-25;6000000;microempresarial
masculino;comercio;deposito de;playon de los;2;7;2018-02-06;7800000;microempresarial
masculino;servicio;taller de mecanica;playon de los;3;7;2017-06-08;20000000;empresarial ed.
femenino;industria;fabrica de;playon de los;2;7;2018-05-17;5000000;microempresarial
femenino;servicio;reciclaje;playon de los;3;7;2017-11-15;7300000;microempresarial
femenino;industria;fabrica de;playon de los;2;7;2016-10-25;5000000;microempresarial
femenino;comercio;peluqueria;playon de los;1;7;2018-05-30;7000000;microempresarial
masculino;servicio;fabrica de;playon de los;2;7;2016-07-26;6890000;microempresarial
masculino;industria;fabrica de muebles;playon de los;3;7;2016-03-15;3000000;microempresarial
masculino;industria;fabrica de;playon de los;3;7;2017-10-12;7370000;microempresarial
femenino;industria;fabrica de;playon de los;1;7;2019-01-22;7800000;microempresarial
masculino;servicio;cafe e internet;playon de los;2;7;2018-07-09;6000000;microempresarial
femenino;comercio;variedades;playon de los;2;7;2018-09-21;7500000;microempresarial
masculino;servicio;barberia;playon de los;3;7;2018-09-14;5500000;microempresarial
masculino;servicio;legumbreria;playon de los;3;7;2017-05-10;1500000;microempresarial
femenino;industria;fabrica de;playon de los;2;7;2017-02-22;7000000;microempresarial
femenino;comercio;variedades;playon de los;3;7;2016-06-08;4000000;microempresarial
masculino;industria;fabrica de;playon de los;2;7;2016-11-28;6894000;microempresarial
femenino;comercio;cafeteria;playon de los;2;7;2016-08-01;6890000;microempresarial
femenino;industria;fabrica de;playon de los;2;7;2018-07-25;6000000;microempresarial
femenino;comercio;productos de belleza;playon de los;2;7;2018-05-15;1850000;microempresarial
femenino;servicio;peluqueria;playon de los;2;7;2018-05-23;4000000;microempresarial
masculino;comercio;distribuidora de;playon de los;2;7;2018-04-27;7800000;microempresarial
femenino;comercio;comidas rapidas;playon de los;2;7;2018-04-06;7800000;microempresarial
femenino;comercio;variedades;playon de los;2;7;2019-04-05;5000000;microempresarial
femenino;comercio;tienda;playon de los;2;7;2018-09-03;4000000;microempresarial
femenino;comercio;variedades;playon de los;1;7;2017-03-02;3000000;microempresarial
masculino;comercio;variedades;playon de los;2;7;2017-04-03;6500000;microempresarial
femenino;industria;fabrica de;playon de los;3;7;2018-03-01;1000000;microempresarial
femenino;industria;fabrica de;playon de los;2;7;2018-08-24;7000000;microempresarial
femenino;comercio;variedades;playon de los;2;7;2016-03-11;6800000;microempresarial
femenino;comercio;miscelanea;playon de los;2;7;2018-03-21;7000000;microempresarial
femenino;servicio;tienda de helados;playon de los;2;7;2016-04-21;6500000;microempresarial
femenino;comercio;variedades;playon de los;3;7;2016-03-01;6850000;microempresarial
femenino;servicio;restaurante;playon de los;2;7;2016-11-02;6894000;microempresarial
masculino;comercio;tienda;playon de los;3;7;2017-01-20;4500000;microempresarial
femenino;industria;fabrica de;playon de los;2;7;2017-03-30;6000000;microempresarial
femenino;industria;fabrica de;playon de los;2;7;2017-09-20;1500000;microempresarial
femenino;servicio;fabrica de;playon de los;1;7;2017-06-28;7377000;microempresarial
femenino;servicio;peluqueria;playon de los;3;7;2017-07-04;7377000;microempresarial
femenino;servicio;tienda;playon de los;2;7;2017-10-17;5000000;microempresarial
femenino;servicio;peluqueria;playon de los;2;7;2017-08-09;6000000;microempresarial
masculino;industria;fabrica de;playon de los;1;7;2016-05-31;4000000;microempresarial
femenino;comercio;taller de mecanica;playon de los;3;7;2017-08-23;7370000;microempresarial
masculino;industria;fabrica de;playon de los;2;7;2016-05-11;5800000;microempresarial
femenino;servicio;comidas rapidas;playon de los;2;7;2018-02-06;7300000;microempresarial
femenino;comercio;almacen de ropa en;playon de los;2;7;2016-10-11;6000000;microempresarial
femenino;comercio;comidas rapidas;playon de los;1;7;2017-05-23;2500000;microempresarial
femenino;servicio;peluqueria;playon de los;2;7;2018-05-18;5000000;microempresarial
femenino;comercio;marqueteria;playon de los;2;7;2017-11-20;2000000;microempresarial
femenino;industria;fabrica de;playon de los;1;7;2018-06-06;2300000;microempresarial
masculino;comercio;variedades;playon de los;3;7;2018-11-19;4500000;microempresarial
femenino;industria;fabrica de;playon de los;3;7;2016-06-14;6894540;microempresarial
femenino;comercio;fabrica de;playon de los;1;7;2018-01-25;7800000;microempresarial
masculino;comercio;variedades;playon de los;2;7;2017-11-01;5000000;microempresarial
femenino;comercio;variedades;playon de los;3;7;2018-03-22;3000000;microempresarial
femenino;industria;fabrica de;playon de los;1;7;2016-04-01;6890000;microempresarial
femenino;servicio;cafe e internet;playon de los;2;7;2016-05-10;6895000;microempresarial
masculino;servicio;variedades;playon de los;2;7;2016-09-29;5000000;microempresarial
femenino;comercio;tienda;playon de los;1;7;2016-11-18;6500000;microempresarial
femenino;comercio;panaderia;playon de los;3;7;2017-02-16;7000000;microempresarial
femenino;comercio;almacen de ropa en;playon de los;3;7;2017-02-06;4400000;credioportuno
femenino;industria;fabrica de;playon de los;2;7;2018-02-26;7000000;microempresarial
femenino;comercio;comidas rapidas;playon de los;3;9;2017-03-09;7300000;microempresarial
femenino;comercio;fabrica de helados;playon de los;2;7;2016-11-02;6890000;microempresarial
femenino;comercio;variedades;playon de los;2;7;2017-08-15;7000000;microempresarial
masculino;servicio;fotografia;playon de los;3;7;2016-07-07;1500000;microempresarial
masculino;comercio;charcuteria;playon de los;2;7;2017-05-17;75000000;microempresarial
femenino;comercio;fabrica de;playon de los;1;7;2018-07-16;2000000;microempresarial
femenino;comercio;comidas rapidas;playon de los;2;7;2016-07-08;5000000;microempresarial
femenino;comercio;variedades;playon de los;3;7;2017-02-20;7300000;microempresarial
masculino;comercio;tienda;playon de los;2;7;2017-11-24;7377000;microempresarial
femenino;comercio;variedades;playon de los;3;7;2016-04-27;6000000;microempresarial
femenino;comercio;almacen de ropa en;playon de los;1;7;2017-11-27;5000000;microempresarial
femenino;servicio;fabrica de;playon de los;2;7;2019-03-13;5000000;microempresarial
femenino;comercio;restaurante;playon de los;2;7;2016-11-18;5000000;microempresarial
femenino;comercio;tienda de helados;playon de los;1;7;2017-02-15;7300000;microempresarial
femenino;servicio;panaderia;playon de los;2;7;2016-12-28;6890000;microempresarial
masculino;industria;fabrica de;playon de los;2;7;2018-04-11;7000000;microempresarial
masculino;comercio;fabrica de;playon de los;3;7;2018-07-31;17187000;empresarial ed.
femenino;industria;fabrica de;granizal;3;7;2017-08-28;7377000;microempresarial
femenino;comercio;tienda;granizal;1;7;2017-03-24;7300000;microempresarial
masculino;comercio;restaurante;granizal;3;7;2018-08-29;7000000;microempresarial
masculino;comercio;comidas rapidas;granizal;3;7;2018-03-22;7800000;microempresarial
femenino;comercio;tienda;granizal;1;7;2016-03-28;3000000;microempresarial
masculino;comercio;drogueria;granizal;2;7;2018-02-20;7812000;microempresarial
femenino;comercio;almacen de ropa en;granizal;1;7;2018-02-21;4500000;microempresarial
masculino;comercio;legumbreria;granizal;2;7;2017-05-30;7000000;microempresarial
femenino;comercio;tienda de helados;granizal;1;7;2018-09-14;7000000;microempresarial
femenino;industria;fabrica de;granizal;2;7;2017-03-27;7300000;microempresarial
femenino;comercio;licorera;granizal;2;7;2017-12-18;3000000;microempresarial
femenino;comercio;miscelanea;granizal;2;7;2018-07-10;6000000;microempresarial
masculino;servicio;publicidad y;granizal;3;7;2016-04-04;28000000;empresarial ed.
femenino;industria;fabrica de;granizal;1;7;2018-07-09;5000000;microempresarial
femenino;comercio;comidas rapidas;granizal;1;7;2017-07-24;6000000;microempresarial
femenino;comercio;comidas rapidas;granizal;2;7;2017-08-09;7377000;microempresarial
femenino;servicio;peluqueria;granizal;2;7;2019-03-07;8000000;microempresarial
masculino;comercio;variedades;granizal;1;7;2016-11-22;6000000;microempresarial
femenino;industria;fabrica de;granizal;1;7;2018-08-29;5000000;microempresarial
femenino;comercio;variedades;granizal;2;7;2018-11-19;5000000;microempresarial
femenino;comercio;almacen de ropa en;granizal;2;7;2018-07-25;3000000;microempresarial
masculino;comercio;variedades;granizal;2;7;2018-02-09;700000;microempresarial
masculino;comercio;fabrica de velas;granizal;2;7;2018-10-24;6000000;microempresarial
femenino;industria;fabrica de;granizal;2;7;2016-12-16;4000000;microempresarial
femenino;comercio;restaurante;granizal;3;7;2016-10-04;3000000;microempresarial
femenino;industria;fabrica de;granizal;2;7;2017-02-07;7000000;microempresarial
femenino;comercio;tienda;granizal;1;7;2018-01-30;4000000;microempresarial
masculino;comercio;variedades;granizal;1;7;2016-04-22;4000000;microempresarial
masculino;comercio;comidas rapidas;granizal;2;7;2018-02-08;5000000;microempresarial
femenino;comercio;papeleria;granizal;2;7;2017-02-22;4000000;microempresarial
masculino;servicio;recreativo educativo;granizal;2;7;2018-03-06;2300000;microempresarial
masculino;agropecuaria;distribuidora de;granizal;3;7;2017-10-25;7377000;microempresarial
femenino;comercio;fabrica de;granizal;2;7;2018-10-25;2000000;microempresarial
femenino;comercio;variedades;granizal;2;7;2018-06-27;6000000;microempresarial
femenino;comercio;comidas rapidas;granizal;2;7;2018-10-25;3000000;microempresarial
femenino;comercio;comidas rapidas;granizal;1;7;2017-01-30;5000000;microempresarial
femenino;comercio;fabrica de;granizal;3;7;2018-03-23;7800000;microempresarial
masculino;comercio;variedades;granizal;3;7;2017-07-13;3000000;microempresarial
femenino;comercio;tienda;granizal;2;7;2017-06-13;4000000;microempresarial
masculino;comercio;cafe e internet;granizal;3;7;2017-10-13;5000000;microempresarial
femenino;servicio;criadero de animales;granizal;2;7;2016-12-07;5000000;microempresarial
femenino;comercio;tienda;granizal;1;7;2018-04-03;2000000;microempresarial
femenino;industria;fabrica de;granizal;3;7;2016-09-07;6890000;microempresarial
masculino;industria;fabrica de;granizal;2;7;2018-10-11;7812420;microempresarial
femenino;comercio;variedades;granizal;2;7;2018-11-20;4500000;microempresarial
femenino;comercio;almacen de ropa en;granizal;2;7;2018-07-05;5000000;microempresarial
femenino;comercio;fabrica de;granizal;2;7;2018-08-23;6000000;microempresarial
femenino;servicio;productos de belleza;granizal;2;7;2019-05-29;4000000;microempresarial
masculino;servicio;taller de electronica;granizal;2;7;2017-07-26;7000000;microempresarial
femenino;comercio;almacen de ropa en;granizal;2;7;2018-11-08;4000000;microempresarial
masculino;industria;fabrica de;granizal;2;7;2016-04-06;4000000;microempresarial
femenino;comercio;almacen de ropa en;granizal;3;7;2017-06-12;7377000;microempresarial
femenino;industria;fabrica de;granizal;2;7;2019-01-09;2200000;microempresarial
masculino;industria;fabrica de;granizal;2;7;2017-12-05;7000000;microempresarial
femenino;industria;fabrica de;granizal;1;7;2017-12-20;5000000;microempresarial
masculino;comercio;miscelanea;granizal;1;7;2019-03-05;6000000;microempresarial
femenino;servicio;panaderia;granizal;1;4;2018-06-14;7800000;microempresarial
masculino;comercio;variedades;granizal;1;7;2017-06-23;7000000;microempresarial
femenino;servicio;peluqueria;granizal;1;7;2017-11-21;7377000;microempresarial
masculino;industria;taller de electronica;granizal;3;7;2017-01-24;5000000;microempresarial
femenino;industria;fabrica de arepas;granizal;2;7;2016-02-15;6000000;microempresarial
femenino;comercio;cafeteria;granizal;2;7;2017-09-05;7300000;microempresarial
masculino;servicio;mantenimiento en;granizal;3;7;2017-01-25;7377000;microempresarial
femenino;servicio;peluqueria;granizal;3;7;2017-10-24;2000000;microempresarial
masculino;comercio;variedades;granizal;1;7;2017-11-10;7000000;microempresarial
femenino;comercio;joyeria;granizal;2;7;2016-06-28;2000000;microempresarial
masculino;comercio;distribuidora de;granizal;3;7;2018-07-11;6000000;microempresarial
femenino;comercio;variedades;granizal;2;7;2018-12-14;7000000;microempresarial
masculino;servicio;comidas rapidas;granizal;3;7;2017-05-10;5000000;microempresarial
femenino;industria;miscelanea;granizal;2;7;2016-10-20;6890000;microempresarial
femenino;comercio;tienda;granizal;1;7;2017-05-08;7000000;microempresarial
femenino;comercio;comidas rapidas;granizal;2;7;2018-08-23;7800000;microempresarial
masculino;servicio;variedades;granizal;2;7;2018-08-27;7000000;microempresarial
femenino;comercio;restaurante;granizal;2;7;2018-10-29;7000000;microempresarial
femenino;servicio;mantenimiento en;granizal;2;7;2017-12-06;7300000;microempresarial
masculino;servicio;variedades;granizal;3;7;2017-09-18;29823000;empresarial ed.
femenino;comercio;comidas rapidas;granizal;3;7;2016-12-22;1500000;microempresarial
femenino;comercio;almacen de ropa en;granizal;2;7;2017-08-04;3000000;microempresarial
femenino;servicio;peluqueria;florencia;2;7;2016-09-09;5000000;microempresarial
femenino;industria;fabrica de;florencia;2;7;2017-03-03;7000000;microempresarial
masculino;comercio;miscelanea;florencia;1;7;2018-02-26;2500000;microempresarial
femenino;comercio;comidas rapidas;florencia;2;7;2018-12-06;1200000;microempresarial
femenino;servicio;peluqueria;florencia;3;7;2018-04-23;6500000;microempresarial
masculino;comercio;variedades;florencia;2;7;2016-02-24;6000000;microempresarial
femenino;comercio;peluqueria;florencia;2;7;2017-11-14;7370000;microempresarial
masculino;comercio;fabrica de;florencia;2;7;2018-03-13;3000000;microempresarial
masculino;comercio;comidas rapidas;florencia;1;7;2017-07-11;5000000;microempresarial
femenino;industria;fabrica de;florencia;2;7;2017-10-24;4000000;microempresarial
femenino;industria;fabrica de;florencia;3;7;2018-05-22;4000000;microempresarial
femenino;industria;fabrica de;florencia;2;7;2017-03-15;2000000;microempresarial
femenino;industria;fabrica de;florencia;2;7;2016-07-29;3000000;microempresarial
masculino;industria;fabrica de;florencia;1;7;2017-02-20;7370000;microempresarial
femenino;comercio;almacen de ropa en;florencia;1;7;2018-08-16;7000000;microempresarial
masculino;servicio;barberia;florencia;2;7;2017-08-08;3000000;microempresarial
femenino;servicio;cafeteria;florencia;2;7;2016-05-05;5000000;microempresarial
masculino;comercio;variedades;florencia;2;7;2016-07-12;2000000;microempresarial
femenino;industria;fabrica de;florencia;1;7;2016-12-07;6890000;microempresarial
masculino;comercio;almacen de ropa en;florencia;2;7;2017-07-06;3500000;microempresarial
femenino;servicio;variedades;florencia;2;7;2017-10-30;7300000;microempresarial
femenino;comercio;comidas rapidas;florencia;3;7;2018-04-19;3000000;microempresarial
masculino;comercio;variedades;florencia;3;7;2017-10-26;73700000;microempresarial
masculino;comercio;distribuidora de;florencia;2;7;2016-04-28;6000000;microempresarial
femenino;servicio;cafe e internet;florencia;1;7;2017-02-22;7370000;microempresarial
masculino;servicio;carpinteria;florencia;2;7;2016-07-01;6000000;microempresarial
femenino;servicio;peluqueria;florencia;2;7;2017-04-20;6000000;microempresarial
femenino;servicio;cafe e internet;florencia;2;7;2018-02-14;7000000;microempresarial
femenino;comercio;variedades;florencia;1;7;2018-11-08;1200000;microempresarial
masculino;servicio;taller de mecanica;florencia;2;7;2017-09-11;7300000;microempresarial
femenino;comercio;almacen de ropa en;florencia;3;7;2017-10-20;7370000;microempresarial
masculino;comercio;panaderia;florencia;2;7;2017-03-29;7377000;microempresarial
femenino;servicio;peluqueria;florencia;1;7;2018-06-22;5000000;microempresarial
masculino;servicio;drogueria;florencia;1;7;2017-03-09;7300000;microempresarial
femenino;industria;fabrica de alimentos;florencia;2;7;2016-02-23;5500000;microempresarial
masculino;comercio;variedades;florencia;3;7;2018-06-15;7800000;microempresarial
masculino;servicio;barberia;florencia;3;7;2016-03-04;6000000;microempresarial
femenino;comercio;almacen de ropa en;florencia;2;7;2016-10-14;6890000;microempresarial
femenino;industria;fabrica de;florencia;2;7;2017-08-31;7300000;microempresarial
femenino;comercio;restaurante;florencia;2;7;2018-10-11;7200000;microempresarial
femenino;comercio;variedades;florencia;2;7;2018-06-27;7800000;microempresarial
femenino;servicio;fabrica de;florencia;2;7;2016-10-06;6000000;microempresarial
masculino;comercio;criadero de animales;florencia;3;7;2018-07-30;5000000;microempresarial
masculino;comercio;mantenimiento en;florencia;1;7;2019-03-20;18000000;microempresarial
masculino;comercio;comidas rapidas;florencia;2;7;2017-03-28;7000000;microempresarial
masculino;servicio;taller de electronica;florencia;2;7;2018-02-06;5000000;microempresarial
masculino;comercio;tienda;florencia;2;7;2018-12-05;1200000;microempresarial
femenino;comercio;productos de belleza;florencia;3;7;2017-06-22;4000000;microempresarial
masculino;comercio;fabrica de calzado;florencia;2;7;2018-02-08;5000000;microempresarial
masculino;comercio;variedades;florencia;3;7;2017-08-23;7370000;microempresarial
femenino;comercio;tienda;florencia;2;7;2016-05-17;6890000;microempresarial
masculino;industria;fabrica de arepas;florencia;2;7;2016-05-06;4500000;microempresarial
femenino;comercio;drogueria;florencia;2;7;2017-10-30;7300000;microempresarial
masculino;industria;fabrica de;florencia;2;7;2018-07-05;3000000;microempresarial
femenino;industria;fabrica de;florencia;2;7;2018-10-11;2000000;microempresarial
femenino;comercio;comidas rapidas;florencia;2;7;2018-10-26;5000000;microempresarial
masculino;comercio;taller de electronica;florencia;3;7;2016-12-02;5000000;microempresarial
masculino;comercio;restaurante;florencia;1;7;2018-03-08;5000000;microempresarial
femenino;industria;fabrica de;florencia;3;7;2018-05-07;2000000;microempresarial
masculino;servicio;barberia;florencia;3;7;2019-06-04;8000000;microempresarial
femenino;industria;fabrica de;florencia;2;7;2016-09-01;6000000;microempresarial
masculino;comercio;comidas rapidas;florencia;1;7;2017-03-21;7377000;microempresarial
femenino;industria;fabrica de;florencia;2;7;2018-10-30;7800000;microempresarial
masculino;comercio;tienda naturista;florencia;2;7;2017-08-11;7300000;microempresarial
femenino;servicio;peluqueria;florencia;2;7;2016-08-03;6890000;microempresarial
femenino;comercio;panaderia;florencia;2;7;2017-08-24;5000000;microempresarial
femenino;comercio;almacen de ropa en;florencia;1;7;2017-07-26;4500000;microempresarial
femenino;industria;fabrica de;florencia;1;7;2018-08-03;3000000;microempresarial
femenino;comercio;variedades;florencia;3;7;2018-06-08;10000000;juridica y cap.semilla
masculino;comercio;tienda;florencia;3;7;2016-10-27;4100000;microempresarial
femenino;servicio;gimnasio;florencia;2;7;2017-09-21;7370000;microempresarial
femenino;servicio;distribuidora de;florencia;2;7;2016-09-05;5000000;microempresarial
femenino;industria;fabrica de;picacho;2;7;2017-01-13;243010;microempresarial
femenino;comercio;restaurante;picacho;2;7;2019-02-08;8281000;microempresarial
femenino;comercio;tienda;picacho;1;7;2019-03-07;3000000;microempresarial
femenino;industria;fabrica de;picacho;2;7;2017-02-16;5000000;microempresarial
femenino;servicio;comidas rapidas;picacho;0;7;2016-04-15;6890000;microempresarial
masculino;comercio;cafeteria;picacho;2;7;2016-10-14;6890000;microempresarial
femenino;industria;fabrica de;picacho;2;7;2016-06-01;2100000;microempresarial
masculino;servicio;peluqueria;picacho;2;7;2016-08-09;6890000;microempresarial
femenino;industria;fabrica de;picacho;2;7;2018-06-01;5000000;microempresarial
femenino;industria;fabrica de;picacho;2;7;2018-01-23;6000000;microempresarial
femenino;comercio;almacen de ropa en;picacho;1;7;2019-05-03;8200000;microempresarial
femenino;comercio;carpinteria;picacho;1;7;2017-10-20;7300000;microempresarial
femenino;comercio;variedades;picacho;2;7;2018-10-24;7800000;microempresarial
masculino;comercio;barberia;picacho;2;7;2018-06-12;7800000;microempresarial
femenino;servicio;mantenimiento en;picacho;2;7;2018-05-22;5000000;microempresarial
femenino;comercio;variedades;picacho;3;7;2017-07-13;7000000;microempresarial
femenino;comercio;variedades;picacho;3;7;2018-02-02;7800000;microempresarial
femenino;servicio;fumigacion;picacho;2;7;2018-02-16;4000000;microempresarial
femenino;comercio;tienda;picacho;2;7;2018-06-07;7800000;microempresarial
femenino;servicio;restaurante;picacho;2;7;2018-07-17;7800000;microempresarial
femenino;comercio;almacen de ropa en;picacho;3;7;2018-01-25;7350000;microempresarial
femenino;comercio;variedades;picacho;2;7;2016-08-19;4000000;microempresarial
femenino;servicio;taller de mecanica;picacho;1;7;2016-09-20;5000000;microempresarial
femenino;comercio;variedades;picacho;3;7;2016-11-18;6890000;microempresarial
masculino;industria;recreativo educativo;picacho;3;7;2019-05-03;8281160;microempresarial
femenino;servicio;peluqueria;picacho;3;7;2018-11-09;3000000;microempresarial
femenino;comercio;granero;picacho;2;13;2016-09-20;6800000;microempresarial
femenino;comercio;tienda;picacho;1;7;2018-03-02;1300000;microempresarial
femenino;servicio;comidas rapidas;picacho;2;7;2018-11-23;7800000;microempresarial
femenino;comercio;tienda;picacho;2;7;2017-01-23;7377000;microempresarial
masculino;comercio;taller de mecanica;picacho;3;7;2018-08-09;3000000;microempresarial
femenino;comercio;comidas rapidas;picacho;2;7;2019-03-05;7000000;microempresarial
femenino;servicio;barberia;picacho;2;7;2017-11-08;3000000;microempresarial
masculino;comercio;almacen de ropa en;picacho;1;7;2017-09-15;5200000;microempresarial
femenino;industria;fabrica de;picacho;2;7;2016-10-11;3000000;microempresarial
femenino;comercio;variedades;picacho;2;7;2018-10-03;7800000;microempresarial
femenino;industria;fabrica de;picacho;2;7;2017-03-03;6000000;microempresarial
masculino;servicio;lavadero de;picacho;3;7;2017-02-07;2500000;microempresarial
masculino;comercio;variedades;picacho;3;7;2016-02-25;6890000;microempresarial
femenino;industria;fabrica de;picacho;3;7;2019-02-18;8200000;microempresarial
masculino;comercio;comidas rapidas;picacho;2;7;2018-06-20;5000000;microempresarial
masculino;comercio;variedades;picacho;3;7;2017-09-22;7377000;microempresarial
masculino;servicio;productos de belleza;picacho;2;7;2019-01-18;8200000;microempresarial
femenino;comercio;variedades;picacho;3;7;2017-05-05;7370000;microempresarial
femenino;comercio;restaurante;picacho;2;7;2017-07-24;7000000;microempresarial
masculino;industria;fabrica de;picacho;2;7;2017-09-12;5000000;microempresarial
femenino;servicio;peluqueria;picacho;2;7;2018-10-17;7800000;microempresarial
femenino;industria;fabrica de;picacho;2;7;2016-08-30;6890000;microempresarial
femenino;comercio;comidas rapidas;picacho;2;7;2018-04-05;6500000;microempresarial
femenino;servicio;peluqueria;picacho;1;7;2018-02-27;7812000;microempresarial
masculino;comercio;tienda;picacho;1;7;2017-02-03;7000000;microempresarial
femenino;servicio;papeleria;picacho;2;7;2016-07-21;5000000;microempresarial
femenino;industria;fabrica de;picacho;2;7;2019-05-30;7000000;microempresarial
masculino;servicio;variedades;picacho;2;7;2017-06-21;7377000;microempresarial
masculino;comercio;variedades;picacho;2;7;2017-09-04;7300000;microempresarial
femenino;comercio;panaderia;picacho;2;7;2017-02-06;4000000;microempresarial
masculino;industria;fabrica de calzado;picacho;3;7;2017-08-11;7370000;microempresarial
femenino;servicio;mantenimiento en;picacho;3;7;2016-04-25;4000000;microempresarial
femenino;comercio;comidas rapidas;picacho;1;7;2018-03-23;7800000;microempresarial
femenino;servicio;peluqueria;picacho;2;7;2017-12-12;7377000;microempresarial
femenino;industria;panaderia;picacho;2;7;2017-08-25;7370000;microempresarial
masculino;industria;fabrica de alimentos;picacho;2;7;2018-04-20;7800000;microempresarial
femenino;comercio;lavanderia;picacho;1;7;2018-07-11;6000000;microempresarial
masculino;comercio;comidas rapidas;picacho;2;7;2018-02-22;6500000;microempresarial
femenino;comercio;tienda;picacho;2;7;2016-02-26;4000000;microempresarial
femenino;servicio;peluqueria;picacho;3;7;2017-03-31;7377000;microempresarial
femenino;comercio;tienda;picacho;2;7;2018-11-29;7200000;microempresarial
femenino;comercio;tienda;picacho;1;7;2018-04-30;7800000;microempresarial
femenino;comercio;barberia;picacho;3;7;2018-02-27;7200000;microempresarial
femenino;comercio;variedades;picacho;2;7;2018-03-06;3400000;microempresarial
femenino;servicio;restaurante;santander;3;7;2016-08-11;20000000;juridica y cap.semilla
femenino;industria;fabrica de;santander;2;7;2018-04-23;3500000;microempresarial
femenino;comercio;fabrica de alimentos;santander;1;7;2017-11-29;7000000;microempresarial
femenino;comercio;venta de calzado;santander;2;7;2017-02-24;6500000;microempresarial
masculino;comercio;variedades;santander;1;7;2016-03-04;6000000;microempresarial
femenino;comercio;tienda;santander;2;7;2018-01-18;2000000;microempresarial
femenino;servicio;variedades;santander;3;7;2017-08-15;7377000;microempresarial
femenino;industria;fabrica de;santander;3;7;2018-04-25;7800000;microempresarial
masculino;comercio;variedades;santander;2;7;2019-01-30;2000000;microempresarial
masculino;comercio;almacen de ropa en;santander;2;7;2016-11-28;6000000;microempresarial
femenino;comercio;fabrica de calzado;santander;1;7;2016-09-22;2000000;microempresarial
femenino;industria;fabrica de;santander;2;7;2018-07-13;2000000;microempresarial
femenino;comercio;productos de belleza;santander;3;7;2017-03-02;4000000;microempresarial
femenino;industria;fabrica de;santander;3;7;2018-12-03;5000000;microempresarial
masculino;comercio;variedades;santander;2;7;2017-02-16;4000000;microempresarial
femenino;comercio;comidas rapidas;santander;1;7;2018-11-16;5000000;microempresarial
masculino;servicio;variedades;santander;2;3;2018-04-20;7800000;microempresarial
femenino;industria;fabrica de;santander;2;7;2016-12-26;6890000;microempresarial
femenino;servicio;comidas rapidas;santander;2;7;2018-02-21;1500000;microempresarial
masculino;servicio;lavanderia;santander;2;7;2018-04-17;7800000;microempresarial
femenino;servicio;peluqueria;santander;3;7;2016-08-04;6000000;microempresarial
masculino;comercio;variedades;santander;2;7;2018-10-26;7800000;microempresarial
masculino;industria;fabrica de;santander;3;7;2016-12-07;5000000;microempresarial
femenino;comercio;almacen de ropa en;santander;3;7;2017-08-23;7300000;microempresarial
femenino;servicio;recreativo educativo;santander;2;7;2016-11-18;6890000;microempresarial
femenino;comercio;almacen de ropa en;santander;2;7;2017-07-05;3000000;microempresarial
femenino;comercio;almacen de ropa en;santander;2;7;2017-07-10;7000000;microempresarial
masculino;industria;fabrica de;santander;2;7;2016-07-14;4000000;microempresarial
femenino;comercio;variedades;santander;1;7;2017-10-18;7377000;microempresarial
femenino;servicio;publicidad y;santander;2;7;2017-09-01;7377000;microempresarial
femenino;comercio;almacen de ropa en;santander;3;7;2017-12-14;5000000;microempresarial
femenino;comercio;variedades;santander;1;7;2019-02-11;8280000;microempresarial
femenino;comercio;almacen de ropa en;santander;3;7;2018-06-07;6500000;microempresarial
femenino;comercio;variedades;santander;2;7;2018-09-24;3000000;microempresarial
femenino;comercio;restaurante;santander;2;7;2017-04-25;7377000;microempresarial
femenino;servicio;variedades;santander;3;7;2017-08-11;5500000;microempresarial
femenino;servicio;papeleria;santander;2;7;2018-07-09;7000000;microempresarial
masculino;comercio;charcuteria;santander;2;7;2017-01-25;5000000;microempresarial
masculino;industria;fabrica de;santander;2;7;2017-07-28;7377000;microempresarial
femenino;comercio;variedades;santander;1;7;2016-04-11;6000000;microempresarial
femenino;industria;fabrica de;santander;1;7;2018-05-11;4000000;microempresarial
masculino;industria;reciclaje;santander;2;7;2017-09-29;1000000;microempresarial
femenino;comercio;almacen de ropa en;santander;2;7;2017-09-29;7300000;microempresarial
femenino;comercio;comidas rapidas;santander;3;7;2016-12-22;6890000;microempresarial
femenino;comercio;fabrica de calzado;santander;3;7;2017-10-24;7370000;microempresarial
femenino;servicio;peluqueria;santander;2;7;2017-07-12;7300000;microempresarial
femenino;industria;fabrica de;santander;3;7;2018-07-10;7800000;microempresarial
masculino;comercio;variedades;santander;3;7;2017-01-18;6890000;microempresarial
femenino;comercio;tienda;santander;2;9;2017-05-09;1500000;microempresarial
femenino;comercio;restaurante;santander;2;7;2017-05-08;7000000;microempresarial
femenino;industria;fabrica de;santander;2;7;2017-11-07;7300000;microempresarial
femenino;comercio;comidas rapidas;santander;2;7;2018-07-23;4500000;microempresarial
masculino;servicio;cerrajeria;santander;3;7;2016-10-20;6890000;microempresarial
femenino;servicio;peluqueria;santander;1;7;2018-10-03;7800000;microempresarial
femenino;industria;fabrica de;santander;2;7;2018-03-09;600000;microempresarial
femenino;comercio;distribuidora de;santander;2;7;2017-10-12;7300000;microempresarial
masculino;comercio;venta de;santander;3;7;2018-09-05;7800000;microempresarial
femenino;comercio;almacen de ropa en;santander;1;7;2018-04-16;4000000;microempresarial
femenino;comercio;almacen de ropa en;santander;2;7;2017-09-22;7300000;microempresarial
masculino;servicio;barberia;santander;2;7;2017-09-29;7377000;microempresarial
femenino;comercio;charcuteria;santander;1;7;2016-10-12;6890000;microempresarial
femenino;servicio;comidas rapidas;santander;2;7;2018-03-09;2000000;microempresarial
femenino;comercio;restaurante;santander;2;7;2018-10-29;7800000;microempresarial
masculino;comercio;variedades;santander;2;7;2017-07-24;7000000;microempresarial
femenino;comercio;tienda;santander;2;7;2018-10-24;5000000;microempresarial
femenino;industria;fabrica de;santander;2;7;2016-06-08;6000000;microempresarial
masculino;comercio;variedades;santander;1;7;2017-09-19;4000000;microempresarial
femenino;industria;fabrica de;calasanz;2;7;2018-07-17;3000000;microempresarial
femenino;industria;fabrica de;calasanz;2;7;2018-10-18;5000000;microempresarial
femenino;industria;fabrica de;calasanz;3;7;2018-04-25;1100000;microempresarial
femenino;comercio;variedades;calasanz;3;7;2018-02-07;7000000;microempresarial
femenino;servicio;variedades;calasanz;3;7;2017-10-24;4000000;microempresarial
femenino;industria;fabrica de;calasanz;2;7;2016-11-30;6890000;microempresarial
femenino;comercio;variedades;calasanz;2;7;2018-01-29;7300000;microempresarial
masculino;comercio;tienda;calasanz;3;7;2018-07-27;7000000;microempresarial
femenino;comercio;comidas rapidas;calasanz;2;7;2018-06-19;7500000;microempresarial
femenino;industria;fabrica de;calasanz;1;7;2016-12-13;6000000;microempresarial
masculino;servicio;barberia;calasanz;2;7;2018-06-20;6000000;microempresarial
femenino;industria;variedades;calasanz;3;7;2017-06-14;7000000;microempresarial
masculino;comercio;fabrica de alimentos;calasanz;2;7;2017-11-08;7300000;microempresarial
femenino;comercio;variedades;calasanz;1;7;2018-01-30;2000000;microempresarial
masculino;comercio;variedades;calasanz;1;7;2016-05-10;4100000;microempresarial
masculino;industria;fabrica de calzado;calasanz;2;7;2018-03-16;7800000;microempresarial
masculino;industria;fabrica de;calasanz;3;7;2018-10-03;5000000;microempresarial
masculino;servicio;lavadero de;calasanz;2;7;2016-11-29;6000000;microempresarial
femenino;comercio;variedades;calasanz;2;7;2016-04-28;6890000;microempresarial
femenino;comercio;reciclaje;calasanz;2;7;2018-04-12;7000000;microempresarial
masculino;servicio;mantenimiento en;calasanz;2;7;2018-11-14;7500000;microempresarial
femenino;servicio;variedades;calasanz;3;7;2017-06-08;7377000;microempresarial
femenino;comercio;variedades;calasanz;2;7;2019-05-21;8000000;microempresarial
masculino;industria;fabrica de;calasanz;2;7;2018-04-04;7812000;microempresarial
femenino;comercio;papeleria;calasanz;2;7;2018-10-24;1800000;microempresarial
masculino;servicio;variedades;calasanz;2;7;2018-02-07;7000000;microempresarial
masculino;comercio;variedades;calasanz;3;7;2017-05-02;7000000;microempresarial
masculino;servicio;cafe e internet;calasanz;2;7;2018-04-12;7000000;microempresarial
masculino;industria;fabrica de;calasanz;2;7;2016-05-02;6890000;microempresarial
masculino;comercio;papeleria;calasanz;1;7;2018-01-19;7000000;microempresarial
femenino;comercio;variedades;calasanz;3;7;2018-02-05;5000000;microempresarial
femenino;servicio;peluqueria;calasanz;2;7;2017-03-21;7300000;microempresarial
masculino;servicio;variedades;calasanz;2;7;2018-04-06;7800000;microempresarial
femenino;comercio;productos de belleza;calasanz;2;7;2018-05-25;7000000;microempresarial
femenino;comercio;fabrica de alimentos;calasanz;2;7;2016-10-18;4000000;microempresarial
femenino;servicio;distribuidora de;calasanz;3;7;2018-11-07;6000000;microempresarial
masculino;industria;fabrica de;calasanz;3;7;2016-06-03;6890000;microempresarial
masculino;servicio;barberia;calasanz;1;7;2018-05-25;5000000;microempresarial
femenino;industria;fabrica de calzado;calasanz;2;7;2017-11-21;6000000;microempresarial
femenino;comercio;comidas rapidas;calasanz;2;7;2018-08-10;7800000;microempresarial
masculino;comercio;distribuidora de;calasanz;3;7;2017-05-05;7300000;microempresarial
masculino;industria;fotografia;calasanz;1;7;2016-08-24;4000000;microempresarial
masculino;comercio;miscelanea;calasanz;3;7;2016-10-13;6890000;microempresarial
masculino;servicio;barberia;calasanz;2;7;2018-04-10;5000000;microempresarial
femenino;industria;fabrica de;calasanz;2;7;2017-10-26;6000000;microempresarial
femenino;servicio;cafe e internet;calasanz;3;7;2016-11-23;5000000;microempresarial
femenino;servicio;peluqueria;calasanz;2;7;2018-06-13;6000000;microempresarial
femenino;servicio;charcuteria;calasanz;3;7;2016-08-26;6000000;microempresarial
femenino;industria;fabrica de;calasanz;2;7;2017-10-25;7300000;microempresarial
femenino;comercio;distribuidora de;calasanz;2;7;2018-03-16;7000000;microempresarial
femenino;comercio;tienda naturista;calasanz;2;7;2017-01-11;4000000;microempresarial
femenino;comercio;tienda de helados;calasanz;3;7;2018-07-18;7800000;microempresarial
femenino;comercio;variedades;calasanz;2;7;2017-11-24;4000000;microempresarial
femenino;comercio;taller de mecanica;calasanz;2;7;2017-12-14;5000000;microempresarial
femenino;servicio;peluqueria;calasanz;2;7;2017-12-19;6000000;microempresarial
masculino;servicio;gimnasio;calasanz;2;7;2017-11-21;2000000;empresarial ed.
femenino;comercio;variedades;calasanz;2;7;2018-10-11;4000000;microempresarial
femenino;comercio;comidas rapidas;calasanz;2;7;2018-07-18;5000000;microempresarial
femenino;comercio;variedades;calasanz;2;7;2017-03-28;7377000;microempresarial
femenino;servicio;peluqueria;calasanz;2;7;2018-05-29;6500000;microempresarial
femenino;comercio;panaderia;calasanz;2;7;2018-12-04;1200000;microempresarial
femenino;comercio;comidas rapidas;calasanz;2;7;2018-10-29;7800000;microempresarial
femenino;comercio;tienda;calasanz;1;7;2017-11-22;7000000;microempresarial
masculino;comercio;restaurante;calasanz;2;7;2016-10-07;4000000;microempresarial
femenino;comercio;comidas rapidas;calasanz;2;7;2018-02-02;5000000;microempresarial
femenino;comercio;legumbreria;boston;1;7;2017-11-09;4000000;microempresarial
femenino;comercio;comidas rapidas;boston;2;7;2018-03-07;3000000;microempresarial
femenino;servicio;peluqueria;boston;2;7;2017-02-03;4000000;microempresarial
femenino;comercio;fabrica de;boston;3;7;2016-11-15;6894000;microempresarial
masculino;industria;fabrica de;boston;1;7;2018-02-01;4000000;microempresarial
femenino;comercio;comidas rapidas;boston;2;7;2018-07-12;2300000;microempresarial
femenino;servicio;fabrica de;boston;2;7;2016-06-21;6700000;microempresarial
femenino;industria;venta de calzado;boston;2;7;2016-10-10;6800000;microempresarial
masculino;servicio;reciclaje;boston;1;7;2016-11-19;3000000;microempresarial
masculino;industria;fabrica de;boston;2;7;2019-02-28;3000000;microempresarial
femenino;industria;fabrica de;boston;2;1;2018-09-03;7800000;microempresarial
femenino;servicio;cafe e internet;boston;1;7;2018-02-20;4000000;microempresarial
femenino;comercio;comidas rapidas;boston;2;7;2018-10-18;7800000;microempresarial
femenino;comercio;almacen de ropa en;boston;1;7;2017-06-01;7000000;microempresarial
femenino;servicio;fabrica de alimentos;boston;1;7;2018-10-24;5000000;microempresarial
femenino;comercio;peluqueria;boston;2;7;2019-01-22;8000000;microempresarial
masculino;comercio;restaurante;boston;2;7;2017-06-15;6500000;microempresarial
femenino;servicio;peluqueria;boston;3;7;2016-06-03;6890000;microempresarial
femenino;industria;fabrica de;boston;2;7;2016-06-07;6500000;microempresarial
femenino;comercio;comidas rapidas;boston;2;7;2018-05-25;6000000;microempresarial
femenino;servicio;venta de lacteos;boston;2;7;2016-07-07;4000000;microempresarial
masculino;industria;fabrica de;boston;1;7;2018-05-28;7800000;microempresarial
femenino;comercio;peluqueria;boston;2;7;2017-11-09;2000000;microempresarial
femenino;comercio;variedades;boston;2;7;2017-07-24;6000000;microempresarial
femenino;servicio;comidas rapidas;boston;2;7;2016-04-27;6890000;microempresarial
femenino;comercio;cafeteria;boston;3;7;2017-06-21;4000000;microempresarial
masculino;comercio;almacen de ropa en;boston;2;7;2017-03-22;4000000;microempresarial
femenino;servicio;fabrica de;boston;2;7;2018-04-20;7000000;microempresarial
masculino;industria;fabrica de alimentos;boston;2;7;2016-11-09;4000000;microempresarial
femenino;comercio;almacen de ropa en;boston;2;7;2017-07-11;3000000;microempresarial
femenino;comercio;variedades;boston;2;7;2018-04-05;4000000;microempresarial
masculino;industria;fabrica de;boston;1;7;2018-05-21;3000000;microempresarial
femenino;comercio;variedades;boston;2;7;2017-02-14;7370000;microempresarial
femenino;comercio;papeleria;boston;3;7;2017-06-07;4000000;microempresarial
femenino;comercio;cerrajeria;boston;2;7;2017-09-18;5800000;microempresarial
femenino;comercio;almacen de ropa en;boston;2;7;2018-02-12;7000000;microempresarial
femenino;comercio;peluqueria;boston;3;7;2016-07-28;6890000;microempresarial
femenino;servicio;servicios;boston;3;7;2017-06-05;7300000;microempresarial
masculino;servicio;variedades;boston;2;7;2019-01-04;7000000;microempresarial
femenino;comercio;variedades;boston;2;7;2017-03-29;3000000;microempresarial
masculino;comercio;charcuteria;boston;3;7;2017-11-20;7370000;microempresarial
femenino;industria;fabrica de;boston;1;7;2018-08-02;4700000;microempresarial
femenino;servicio;restaurante;boston;2;7;2019-04-25;6000000;microempresarial
masculino;comercio;variedades;boston;1;7;2017-10-18;7370000;microempresarial
masculino;comercio;fabrica de arepas;boston;3;7;2017-08-17;7000000;microempresarial
femenino;servicio;ebanistaria;boston;1;7;2018-02-12;7000000;microempresarial
femenino;servicio;cafe e internet;boston;1;7;2018-04-16;6000000;microempresarial
masculino;comercio;tienda;boston;3;7;2016-11-16;3500000;microempresarial
masculino;servicio;papeleria;boston;2;7;2016-11-09;6890000;microempresarial
masculino;comercio;tienda;boston;1;7;2016-09-12;6894000;microempresarial
masculino;servicio;comidas rapidas;boston;3;7;2018-08-02;7800000;microempresarial
femenino;comercio;variedades;boston;2;7;2016-08-23;1500000;microempresarial
femenino;comercio;almacen de ropa en;boston;2;7;2018-06-05;2000000;microempresarial
femenino;comercio;variedades;boston;3;7;2018-10-03;7839700;juridica y cap.semilla
femenino;comercio;miscelanea;boston;3;7;2018-05-02;2800000;microempresarial
femenino;comercio;productos de belleza;boston;2;7;2018-03-22;78000000;microempresarial
masculino;industria;fabrica de muebles;boston;2;7;2017-04-07;5000000;microempresarial
femenino;servicio;peluqueria;boston;2;7;2018-04-03;6000000;microempresarial
femenino;comercio;variedades;boston;2;7;2018-01-29;2000000;microempresarial
femenino;industria;fabrica de;santa elena central;1;7;2018-04-27;7000000;microempresarial
femenino;comercio;charcuteria;santa elena central;1;7;2016-10-21;1500000;microempresarial
femenino;comercio;peluqueria;santa elena central;2;7;2017-05-11;7377000;microempresarial
femenino;servicio;barberia;santa elena central;1;7;2016-03-18;6890000;microempresarial
femenino;comercio;charcuteria;santa elena central;2;7;2016-11-02;6000000;microempresarial
femenino;industria;fabrica de;santa elena central;2;7;2016-02-25;6500000;microempresarial
masculino;servicio;variedades;santa elena central;3;7;2017-09-07;7300000;microempresarial
masculino;comercio;fabrica de muebles;santa elena central;2;7;2017-09-20;7370000;microempresarial
masculino;industria;fabrica de alimentos;santa elena central;2;7;2018-03-01;7800000;microempresarial
femenino;comercio;almacen de ropa en;santa elena central;2;7;2016-11-16;2000000;microempresarial
masculino;industria;fabrica de calzado;santa elena central;2;7;2017-07-26;3000000;microempresarial
masculino;comercio;comidas rapidas;santa elena central;3;7;2017-06-08;7300000;microempresarial
femenino;comercio;fabrica de helados;santa elena central;2;7;2017-08-02;5000000;microempresarial
femenino;servicio;variedades;santa elena central;1;7;2019-01-15;3000000;microempresarial
femenino;comercio;almacen de ropa en;santa elena central;2;7;2018-02-19;5000000;microempresarial
masculino;comercio;variedades;santa elena central;2;7;2017-08-08;2000000;microempresarial
femenino;servicio;organización y;santa elena central;2;7;2018-05-11;7800000;microempresarial
masculino;comercio;comidas rapidas;santa elena central;1;7;2018-06-08;4000000;microempresarial
femenino;comercio;comidas rapidas;santa elena central;2;7;2018-04-16;7800000;microempresarial
femenino;comercio;almacen de ropa en;santa elena central;3;7;2016-06-07;4000000;microempresarial
femenino;servicio;recreativo educativo;santa elena central;2;7;2016-04-22;6800000;microempresarial
femenino;industria;fabrica de ceramica;santa elena central;1;7;2016-06-09;6890000;microempresarial
femenino;comercio;miscelanea;santa elena central;2;7;2017-12-05;6500000;microempresarial
femenino;comercio;papeleria;santa elena central;1;7;2017-02-28;6000000;microempresarial
masculino;servicio;mantenimiento en;santa elena central;3;7;2019-02-08;2000000;microempresarial
femenino;industria;fabrica de;santa elena central;1;7;2018-03-21;5000000;microempresarial
masculino;servicio;peluqueria;santa elena central;2;7;2018-04-27;2000000;microempresarial
femenino;industria;variedades;santa elena central;2;7;2018-10-11;7812000;microempresarial
femenino;comercio;miscelanea;santa elena central;2;7;2018-02-14;6000000;microempresarial
femenino;servicio;peluqueria;santa elena central;2;7;2017-10-26;3500000;microempresarial
femenino;comercio;variedades;santa elena central;1;7;2017-01-25;6000000;microempresarial
femenino;comercio;miscelanea;santa elena central;1;7;2017-02-09;7000000;microempresarial
masculino;comercio;tienda;santa elena central;1;7;2018-09-03;800000;microempresarial
masculino;comercio;barberia;santa elena central;3;7;2019-02-13;8200000;microempresarial
masculino;industria;fabrica de;santa elena central;2;7;2017-10-06;7300000;microempresarial
femenino;comercio;almacen de ropa en;santa elena central;2;7;2018-04-10;7812000;microempresarial
masculino;servicio;comidas rapidas;santa elena central;2;7;2016-04-21;3500000;microempresarial
masculino;agropecuaria;legumbreria;santa elena central;1;7;2018-08-03;2000000;microempresarial
femenino;industria;fabrica de;santa elena central;2;7;2017-02-16;7000000;microempresarial
femenino;comercio;papeleria;santa elena central;2;7;2019-02-13;6000000;microempresarial
femenino;industria;fabrica de;santa elena central;1;7;2016-07-19;6890000;microempresarial
masculino;comercio;almacen de ropa en;santa elena central;2;7;2018-09-27;7000000;microempresarial
femenino;servicio;mantenimiento en;santa elena central;2;7;2017-01-27;7377000;microempresarial
femenino;industria;fabrica de;santa elena central;2;7;2017-09-04;5000000;microempresarial
femenino;industria;marroquineria;santa elena central;2;7;2018-12-11;7500000;microempresarial
femenino;comercio;almacen de ropa en;santa elena central;1;7;2018-07-23;4000000;microempresarial
femenino;comercio;almacen de ropa en;santa elena central;2;7;2016-11-16;6000000;microempresarial
femenino;servicio;fabrica de;santa elena central;2;7;2019-04-04;5000000;microempresarial
femenino;servicio;peluqueria;santa elena central;2;7;2018-09-03;7800000;microempresarial
femenino;comercio;comidas rapidas;santa elena central;3;7;2017-07-28;7300000;microempresarial
femenino;comercio;fabrica de productos;santa elena central;2;7;2018-11-16;1500000;microempresarial
femenino;comercio;tienda;santa elena central;2;7;2017-05-09;5000000;microempresarial
femenino;industria;fabrica de;santa elena central;1;7;2018-08-10;7000000;microempresarial
masculino;industria;fabrica de;santa elena central;2;7;2017-06-02;5000000;microempresarial
masculino;comercio;fabrica de alimentos;santa elena central;2;7;2018-07-17;4000000;microempresarial
masculino;comercio;variedades;centro admtivo;2;7;2017-08-28;7377000;microempresarial
masculino;servicio;organización y;centro admtivo;2;7;2016-09-08;1500000;microempresarial
masculino;industria;fabrica de calzado;centro admtivo;2;7;2017-09-22;7300000;microempresarial
femenino;servicio;joyeria;centro admtivo;2;7;2018-02-12;5000000;microempresarial
femenino;servicio;cafe e internet;centro admtivo;2;7;2016-11-11;6800000;microempresarial
femenino;comercio;almacen de ropa en;centro admtivo;1;7;2016-12-02;4000000;microempresarial
femenino;industria;fabrica de;centro admtivo;3;7;2016-04-21;5000000;microempresarial
femenino;comercio;tienda de helados;centro admtivo;2;7;2018-11-09;7000000;microempresarial
femenino;comercio;variedades;centro admtivo;2;7;2016-05-27;4000000;microempresarial
masculino;servicio;lavanderia;centro admtivo;1;7;2017-03-07;7300000;microempresarial
femenino;servicio;comidas rapidas;centro admtivo;2;7;2017-11-30;7000000;microempresarial
femenino;comercio;variedades;centro admtivo;2;7;2017-12-05;7377170;microempresarial
femenino;comercio;variedades;centro admtivo;2;7;2018-11-01;3000000;microempresarial
masculino;comercio;comidas rapidas;centro admtivo;2;7;2018-10-25;7800000;microempresarial
masculino;servicio;cafe e internet;centro admtivo;2;7;2018-02-07;7800000;microempresarial
femenino;industria;fabrica de;centro admtivo;1;7;2017-05-03;6000000;microempresarial
femenino;comercio;tienda;centro admtivo;2;7;2018-01-26;7800000;microempresarial
masculino;comercio;variedades;centro admtivo;2;7;2017-01-30;3000000;microempresarial
masculino;servicio;variedades;centro admtivo;1;7;2017-08-23;7300000;microempresarial
femenino;comercio;variedades;centro admtivo;2;7;2017-08-28;2000000;microempresarial
femenino;industria;fabrica de;centro admtivo;2;7;2018-04-03;2000000;microempresarial
masculino;comercio;tienda;centro admtivo;2;7;2018-10-26;4000000;microempresarial
femenino;industria;fabrica de;centro admtivo;2;7;2017-08-22;7300000;microempresarial
femenino;comercio;variedades;centro admtivo;2;7;2019-06-05;8200000;microempresarial
masculino;comercio;legumbreria;centro admtivo;2;7;2017-07-14;4000000;microempresarial
femenino;comercio;charcuteria;centro admtivo;2;7;2018-06-12;7800000;microempresarial
femenino;comercio;variedades;centro admtivo;1;7;2018-09-24;5000000;microempresarial
femenino;servicio;mantenimiento en;centro admtivo;2;7;2019-05-30;8200000;microempresarial
femenino;servicio;comidas rapidas;centro admtivo;3;7;2017-05-12;4000000;microempresarial
femenino;comercio;almacen de ropa en;centro admtivo;2;7;2018-01-25;7800000;microempresarial
masculino;comercio;variedades;centro admtivo;2;7;2016-10-26;6890000;microempresarial
masculino;comercio;restaurante;centro admtivo;3;7;2017-06-27;7000000;microempresarial
femenino;comercio;comidas rapidas;centro admtivo;2;7;2016-12-21;6000000;microempresarial
femenino;comercio;tienda;centro admtivo;2;7;2019-04-08;8281000;microempresarial
masculino;comercio;variedades;centro admtivo;2;7;2018-06-07;3500000;microempresarial
femenino;comercio;almacen de ropa en;centro admtivo;2;7;2018-03-15;3000000;microempresarial
femenino;industria;fabrica de;centro admtivo;2;7;2016-03-07;3000000;microempresarial
masculino;comercio;fabrica de;centro admtivo;2;7;2018-02-19;3000000;microempresarial
femenino;comercio;peluqueria;centro admtivo;1;7;2017-05-19;6000000;microempresarial
femenino;comercio;tienda de helados;centro admtivo;2;7;2018-04-11;4000000;microempresarial
femenino;industria;fabrica de;centro admtivo;1;7;2016-09-26;6800000;microempresarial
masculino;comercio;tienda;centro admtivo;2;7;2019-05-03;8000000;microempresarial
femenino;industria;fabrica de;centro admtivo;2;7;2017-09-11;3000000;microempresarial
femenino;servicio;fotografia;centro admtivo;2;7;2018-07-12;5000000;microempresarial
femenino;comercio;comidas rapidas;centro admtivo;3;7;2018-09-14;7000000;microempresarial
femenino;comercio;miscelanea;centro admtivo;2;7;2017-11-28;4500000;microempresarial
masculino;comercio;variedades;centro admtivo;2;7;2018-02-14;2000000;microempresarial
femenino;industria;cafe e internet;centro admtivo;2;7;2018-02-28;3000000;microempresarial
femenino;comercio;almacen de ropa en;centro admtivo;2;7;2018-04-20;1500000;microempresarial
femenino;industria;fabrica de;centro admtivo;2;7;2018-07-27;7000000;microempresarial
femenino;comercio;variedades;centro admtivo;3;7;2017-01-31;7377000;microempresarial
femenino;comercio;fotografia;centro admtivo;2;7;2017-01-17;7377000;microempresarial
femenino;servicio;comidas rapidas;san pablo;2;7;2019-01-25;7800000;microempresarial
masculino;comercio;legumbreria;san pablo;1;7;2018-06-13;4000000;microempresarial
femenino;industria;fabrica de;san pablo;2;7;2017-08-03;7300000;microempresarial
femenino;servicio;peluqueria;san pablo;3;7;2017-03-17;3000000;microempresarial
masculino;comercio;variedades;san pablo;2;7;2018-01-24;5000000;microempresarial
femenino;comercio;almacen de ropa en;san pablo;2;7;2017-06-09;2000000;microempresarial
masculino;comercio;comidas rapidas;san pablo;2;7;2017-02-22;7000000;microempresarial
femenino;servicio;restaurante;san pablo;2;7;2016-08-26;6890000;microempresarial
masculino;comercio;variedades;san pablo;2;7;2018-03-12;6000000;microempresarial
femenino;comercio;comidas rapidas;san pablo;3;7;2019-06-18;8281160;microempresarial
masculino;comercio;tienda;san pablo;3;7;2018-05-03;2500000;microempresarial
femenino;comercio;tienda;san pablo;2;7;2018-05-09;6000000;microempresarial
femenino;comercio;papeleria;san pablo;2;7;2018-06-27;6000000;microempresarial
femenino;comercio;fabrica de velas;san pablo;2;7;2018-06-08;7800000;microempresarial
femenino;servicio;comidas rapidas;san pablo;2;7;2018-01-19;6350000;microempresarial
femenino;servicio;restaurante;san pablo;3;7;2017-10-27;7000000;microempresarial
femenino;servicio;recreativo educativo;san pablo;1;8;2018-10-26;7800000;microempresarial
femenino;comercio;variedades;san pablo;3;7;2017-10-25;7300000;microempresarial
masculino;servicio;taller de electronica;san pablo;2;7;2018-02-27;5000000;microempresarial
masculino;servicio;recreativo educativo;san pablo;2;7;2016-02-25;5000000;microempresarial
femenino;industria;fabrica de;san pablo;2;7;2017-07-05;5000000;microempresarial
masculino;comercio;fabrica de helados;san pablo;1;7;2016-11-16;6000000;microempresarial
masculino;comercio;tienda;san pablo;3;7;2017-11-10;7000000;microempresarial
femenino;servicio;restaurante;san pablo;1;7;2018-05-16;3000000;microempresarial
femenino;comercio;tienda;san pablo;2;7;2017-03-24;7370000;microempresarial
femenino;comercio;almacen de ropa en;san pablo;2;7;2018-05-28;3000000;microempresarial
femenino;comercio;almacen de ropa en;san pablo;1;7;2018-12-05;7812000;microempresarial
femenino;servicio;tienda;san pablo;2;7;2017-02-20;6000000;microempresarial
femenino;industria;fabrica de;san pablo;2;7;2016-09-12;3500000;microempresarial
masculino;industria;fabrica de;san pablo;2;7;2017-11-16;7000000;microempresarial
femenino;industria;fabrica de;san pablo;3;7;2017-03-10;1000000;microempresarial
masculino;servicio;fotografia;san pablo;2;7;2018-10-30;6000000;microempresarial
femenino;comercio;fabrica de muebles;san pablo;1;7;2018-12-07;7800000;microempresarial
femenino;servicio;barberia;san pablo;2;7;2018-02-02;7000000;microempresarial
femenino;comercio;distribuidora de;san pablo;2;7;2016-11-22;4000000;microempresarial
femenino;comercio;variedades;san pablo;3;7;2018-08-22;4500000;microempresarial
femenino;industria;variedades;san pablo;2;7;2016-05-04;6890000;microempresarial
masculino;comercio;barberia;san pablo;2;7;2019-01-18;8281000;microempresarial
femenino;comercio;venta de calzado;san pablo;2;7;2018-10-11;7800000;microempresarial
femenino;comercio;tienda;san pablo;2;7;2016-10-27;6890000;microempresarial
masculino;comercio;variedades;san pablo;2;7;2017-04-19;6000000;microempresarial
masculino;comercio;taller de mecanica;san pablo;3;7;2018-06-28;6000000;microempresarial
femenino;comercio;variedades;san pablo;3;7;2016-03-31;6800000;microempresarial
femenino;comercio;papeleria;san pablo;2;7;2018-09-04;4500000;microempresarial
femenino;industria;fabrica de;san pablo;1;7;2016-07-27;3000000;microempresarial
femenino;industria;fabrica de;san pablo;2;7;2016-10-03;6890000;microempresarial
masculino;servicio;publicidad y;san pablo;2;7;2018-02-22;19000000;empresarial ed.
masculino;industria;fabrica de;san pablo;2;7;2018-03-23;2000000;microempresarial
masculino;servicio;mantenimiento en;san pablo;1;7;2018-12-04;7800000;microempresarial
femenino;industria;fabrica de;san pablo;2;7;2017-04-03;7377000;microempresarial
masculino;industria;fabrica de;carpinelo;1;7;2018-05-17;3500000;microempresarial
femenino;comercio;fabrica de helados;carpinelo;2;7;2017-03-14;7300000;microempresarial
masculino;comercio;legumbreria;carpinelo;3;7;2017-05-16;1500000;microempresarial
femenino;industria;fabrica de;carpinelo;2;7;2017-07-11;4500000;microempresarial
femenino;comercio;almacen de ropa en;carpinelo;2;7;2018-12-13;7800000;microempresarial
masculino;comercio;fabrica de muebles;carpinelo;2;7;2018-03-01;7800000;microempresarial
masculino;comercio;tienda;carpinelo;2;7;2017-08-02;7000000;microempresarial
masculino;comercio;variedades;carpinelo;2;7;2018-04-27;7800000;microempresarial
femenino;servicio;peluqueria;carpinelo;2;7;2018-10-03;7800000;microempresarial
femenino;comercio;tienda de helados;carpinelo;2;7;2018-02-13;7800000;microempresarial
femenino;comercio;charcuteria;carpinelo;3;7;2016-10-28;6890000;microempresarial
femenino;servicio;peluqueria;carpinelo;3;7;2017-05-26;6000000;microempresarial
femenino;comercio;charcuteria;carpinelo;2;7;2016-03-29;6000000;microempresarial
masculino;comercio;barberia;carpinelo;2;9;2016-04-26;6890000;microempresarial
femenino;comercio;legumbreria;carpinelo;2;7;2018-09-05;3000000;microempresarial
femenino;comercio;almacen de ropa en;carpinelo;2;7;2016-08-04;2500000;microempresarial
femenino;servicio;cafe e internet;carpinelo;2;7;2016-10-13;6890000;microempresarial
masculino;industria;fabrica de;carpinelo;2;7;2018-11-20;5000000;microempresarial
femenino;comercio;variedades;carpinelo;3;7;2017-08-02;5000000;microempresarial
masculino;servicio;mantenimiento en;carpinelo;2;7;2017-10-23;73000000;microempresarial
masculino;comercio;mantenimiento en;carpinelo;2;7;2018-04-03;5000000;microempresarial
femenino;industria;fabrica de;carpinelo;2;7;2017-03-13;3500000;microempresarial
masculino;servicio;barberia;carpinelo;1;7;2018-06-01;7800000;microempresarial
masculino;servicio;servicios;carpinelo;2;7;2019-02-11;7800000;microempresarial
masculino;comercio;variedades;carpinelo;2;7;2016-06-14;40000000;microempresarial
femenino;comercio;variedades;carpinelo;2;7;2017-02-22;4000000;microempresarial
masculino;comercio;fabrica de calzado;carpinelo;2;7;2017-03-30;5000000;microempresarial
masculino;servicio;lavadero de;carpinelo;2;7;2018-10-03;7800000;microempresarial
masculino;servicio;fabrica de colchones;carpinelo;2;7;2018-10-11;7800000;microempresarial
femenino;comercio;comidas rapidas;carpinelo;3;7;2018-10-03;2000000;microempresarial
femenino;industria;fabrica de;carpinelo;3;7;2016-11-09;6000000;microempresarial
masculino;comercio;fabrica de;carpinelo;3;7;2017-05-02;7300000;microempresarial
femenino;comercio;comidas rapidas;carpinelo;2;7;2018-08-24;3750000;microempresarial
femenino;comercio;cafe e internet;carpinelo;2;7;2016-05-18;6800000;microempresarial
femenino;servicio;fabrica de;carpinelo;2;7;2017-08-04;5500000;microempresarial
femenino;comercio;variedades;carpinelo;2;7;2018-04-19;6000000;microempresarial
masculino;servicio;mantenimiento en;carpinelo;1;7;2018-03-16;2000000;microempresarial
femenino;comercio;tienda;carpinelo;1;7;2016-04-07;6890000;microempresarial
masculino;servicio;variedades;carpinelo;2;7;2017-07-21;4000000;microempresarial
masculino;comercio;fabrica de alimentos;carpinelo;3;7;2018-05-15;2000000;microempresarial
masculino;comercio;tienda;carpinelo;2;7;2016-04-25;3000000;microempresarial
femenino;comercio;charcuteria;carpinelo;2;7;2019-02-05;8281000;microempresarial
femenino;servicio;productos de belleza;carpinelo;3;7;2017-02-24;7370000;microempresarial
femenino;comercio;cafe e internet;carpinelo;2;7;2019-01-31;8281000;microempresarial
masculino;servicio;mantenimiento en;carpinelo;2;7;2018-05-25;7800000;microempresarial
femenino;comercio;miscelanea;carpinelo;3;60;2019-01-28;8281000;microempresarial
femenino;comercio;charcuteria;carpinelo;2;7;2018-05-22;7800000;microempresarial
femenino;industria;fabrica de;carpinelo;2;7;2016-03-09;4000000;microempresarial
femenino;industria;fabrica de;carpinelo;3;7;2017-02-17;5500000;microempresarial
femenino;servicio;peluqueria;la francia;2;7;2016-10-11;4000000;microempresarial
femenino;comercio;variedades;la francia;2;7;2016-09-30;6890000;microempresarial
femenino;comercio;variedades;la francia;3;7;2018-09-24;7812420;microempresarial
femenino;comercio;tienda;la francia;3;7;2017-05-19;7377000;microempresarial
masculino;industria;distribuidora de;la francia;3;7;2016-08-18;6890000;microempresarial
femenino;industria;cafe e internet;la francia;3;7;2017-05-30;7370000;microempresarial
femenino;comercio;comidas rapidas;la francia;1;7;2017-06-20;7360000;microempresarial
femenino;comercio;legumbreria;la francia;1;7;2016-04-06;4000000;microempresarial
femenino;industria;fabrica de;la francia;3;7;2016-02-10;689000;microempresarial
femenino;servicio;peluqueria;la francia;2;7;2017-05-16;7300000;microempresarial
femenino;comercio;papeleria;la francia;2;7;2017-02-27;3000000;microempresarial
masculino;comercio;variedades;la francia;1;7;2016-11-03;4000000;microempresarial
femenino;servicio;peluqueria;la francia;2;7;2016-09-20;3000000;microempresarial
masculino;comercio;tienda;la francia;2;7;2017-07-27;7370000;microempresarial
masculino;comercio;barberia;la francia;3;7;2018-03-14;7812000;microempresarial
femenino;comercio;tienda;la francia;1;7;2016-06-24;4000000;microempresarial
femenino;comercio;joyeria;la francia;3;7;2018-03-01;7800000;microempresarial
femenino;comercio;publicidad y;la francia;3;7;2017-05-23;7377000;microempresarial
femenino;agropecuaria;variedades;la francia;2;7;2016-03-08;4000000;microempresarial
femenino;comercio;variedades;la francia;2;7;2018-05-04;800000;microempresarial
masculino;industria;fabrica de arepas;la francia;1;7;2018-08-06;2000000;microempresarial
masculino;servicio;barberia;la francia;2;7;2017-02-27;5000000;microempresarial
masculino;industria;fabrica de;la francia;2;7;2017-12-19;5000000;microempresarial
femenino;comercio;fabrica de alimentos;la francia;2;7;2018-09-24;6000000;microempresarial
femenino;industria;fabrica de;la francia;2;7;2018-04-19;5000000;microempresarial
femenino;servicio;comidas rapidas;la francia;3;7;2016-04-07;4000000;microempresarial
femenino;comercio;tienda;la francia;2;7;2017-02-17;7377000;microempresarial
femenino;comercio;tienda naturista;la francia;2;7;2017-10-06;7300000;microempresarial
femenino;comercio;variedades;la francia;2;7;2016-02-29;4000000;microempresarial
femenino;comercio;cafe e internet;la francia;2;7;2017-04-21;6000000;microempresarial
masculino;industria;fabrica de;la francia;2;7;2017-06-20;3000000;microempresarial
masculino;comercio;tienda;la francia;2;7;2017-11-16;7300000;microempresarial
femenino;comercio;restaurante;la francia;3;7;2017-04-24;6000000;microempresarial
femenino;servicio;mantenimiento en;la francia;2;7;2017-11-01;7377000;microempresarial
femenino;servicio;restaurante;la francia;3;7;2018-07-12;7800000;microempresarial
femenino;comercio;restaurante;la francia;1;7;2018-06-07;7800000;microempresarial
masculino;industria;fabrica de;la francia;2;7;2018-05-17;3200000;microempresarial
femenino;comercio;tienda;la francia;1;7;2017-04-17;7377000;microempresarial
femenino;industria;fabrica de;la francia;2;7;2017-05-03;7300000;microempresarial
masculino;comercio;comidas rapidas;la francia;2;7;2018-05-17;5000000;microempresarial
femenino;comercio;tienda;la francia;3;16;2018-05-08;2200000;microempresarial
femenino;comercio;papeleria;la francia;2;16;2017-05-09;7370000;microempresarial
masculino;comercio;barberia;la francia;3;8;2018-02-14;7800000;microempresarial
femenino;industria;fabrica de;la francia;1;8;2018-05-08;7000000;microempresarial
masculino;servicio;tienda;la francia;2;8;2017-12-26;737717;microempresarial
femenino;industria;fabrica de;la francia;3;8;2017-06-16;7000000;microempresarial
femenino;industria;fabrica de;la francia;3;8;2019-05-28;8000000;microempresarial
femenino;agropecuaria;sembrados;la francia;3;8;2017-12-18;1500000;microempresarial
femenino;comercio;legumbreria;alfonso lopez;1;8;2017-12-01;7000000;microempresarial
femenino;servicio;tienda;alfonso lopez;3;8;2017-08-14;5000000;microempresarial
masculino;comercio;tienda;alfonso lopez;3;8;2019-06-21;4500000;microempresarial
masculino;industria;fabrica de;alfonso lopez;2;10;2018-04-25;3000000;microempresarial
masculino;industria;fabrica de;alfonso lopez;3;10;2018-06-01;4400000;microempresarial
masculino;comercio;cafeteria;alfonso lopez;3;10;2018-07-17;7800000;microempresarial
femenino;comercio;peluqueria;alfonso lopez;3;10;2016-02-10;6800000;microempresarial
femenino;servicio;peluqueria;alfonso lopez;3;10;2018-04-30;6000000;microempresarial
masculino;comercio;variedades;alfonso lopez;1;10;2018-10-11;800000;microempresarial
masculino;servicio;fabrica de;alfonso lopez;3;10;2019-03-28;8280000;microempresarial
masculino;industria;fabrica de alimentos;alfonso lopez;3;10;2018-02-20;18000000;empresarial ed.
femenino;industria;fabrica de repuestos;alfonso lopez;3;10;2018-05-28;5000000;microempresarial
femenino;servicio;lavadero de;alfonso lopez;3;16;2018-03-23;3000000;microempresarial
femenino;servicio;peluqueria;alfonso lopez;3;16;2019-05-24;8000000;microempresarial
masculino;servicio;mantenimiento en;alfonso lopez;2;10;2017-11-21;4000000;microempresarial
femenino;servicio;peluqueria;alfonso lopez;2;10;2016-09-21;6890000;microempresarial
femenino;comercio;comidas rapidas;alfonso lopez;2;10;2017-05-31;7000000;microempresarial
femenino;comercio;comidas rapidas;alfonso lopez;2;10;2018-08-09;7800000;microempresarial
femenino;comercio;comidas rapidas;alfonso lopez;2;10;2016-11-10;6000000;microempresarial
masculino;industria;fabrica de;alfonso lopez;2;10;2018-04-09;7800000;microempresarial
masculino;comercio;variedades;alfonso lopez;3;10;2017-06-28;44000000;microempresarial
masculino;comercio;fabrica de alimentos;alfonso lopez;2;10;2016-09-06;6840000;microempresarial
femenino;servicio;variedades;alfonso lopez;2;10;2017-07-06;7377000;microempresarial
masculino;comercio;almacen de ropa en;alfonso lopez;2;10;2018-04-03;4000000;microempresarial
femenino;comercio;almacen de ropa en;alfonso lopez;2;10;2018-04-10;2000000;microempresarial
femenino;industria;fabrica de;alfonso lopez;2;10;2019-03-26;4000000;microempresarial
masculino;comercio;variedades;alfonso lopez;3;10;2017-10-23;6000000;microempresarial
masculino;industria;variedades;alfonso lopez;2;10;2017-08-29;7370000;microempresarial
femenino;servicio;fabrica de;alfonso lopez;2;10;2016-01-20;6000000;microempresarial
masculino;comercio;almacen de ropa en;alfonso lopez;2;10;2017-01-17;5000000;microempresarial
femenino;comercio;variedades;alfonso lopez;2;10;2017-11-21;7370000;microempresarial
masculino;servicio;restaurante;alfonso lopez;3;10;2016-04-21;6890000;microempresarial
masculino;comercio;tienda;alfonso lopez;2;10;2018-08-14;6000000;microempresarial
femenino;servicio;comidas rapidas;alfonso lopez;1;10;2016-05-12;4000000;microempresarial
masculino;servicio;tienda;alfonso lopez;2;10;2018-07-26;3000000;microempresarial
femenino;comercio;variedades;alfonso lopez;2;10;2018-09-10;3000000;microempresarial
femenino;comercio;fabrica de arepas;alfonso lopez;2;10;2018-11-14;7800000;microempresarial
masculino;servicio;taller de mecanica;alfonso lopez;2;10;2016-12-30;5000000;microempresarial
femenino;industria;fabrica de;alfonso lopez;2;10;2018-07-17;2000000;microempresarial
masculino;comercio;fabrica de muebles;alfonso lopez;3;10;2016-01-25;4000000;microempresarial
femenino;industria;fabrica de;alfonso lopez;2;10;2017-09-27;5000000;microempresarial
masculino;comercio;tienda;alfonso lopez;3;7;2017-08-29;7000000;microempresarial
femenino;comercio;variedades;alfonso lopez;2;7;2018-07-23;7800000;microempresarial
masculino;comercio;tienda;alfonso lopez;1;7;2017-08-28;7000000;microempresarial
masculino;industria;fabrica de;alfonso lopez;2;7;2017-04-25;7000000;microempresarial
femenino;comercio;tienda;alfonso lopez;3;7;2018-03-09;7800000;microempresarial
femenino;comercio;comidas rapidas;alfonso lopez;3;7;2019-01-25;3700000;microempresarial
femenino;comercio;comidas rapidas;alfonso lopez;1;7;2016-10-05;5000000;microempresarial
masculino;comercio;variedades;juan xxiii la quiebra;3;7;2018-04-25;19531000;empresarial ed.
femenino;industria;fabrica de;juan xxiii la quiebra;3;7;2016-09-26;4000000;microempresarial
femenino;comercio;mantenimiento en;juan xxiii la quiebra;3;7;2018-02-14;6000000;microempresarial
masculino;comercio;variedades;juan xxiii la quiebra;3;7;2017-08-14;7370000;microempresarial
femenino;comercio;papeleria;juan xxiii la quiebra;2;7;2016-07-14;6300000;microempresarial
femenino;comercio;variedades;juan xxiii la quiebra;3;4;2018-03-21;7000000;microempresarial
femenino;industria;fabrica de;juan xxiii la quiebra;1;13;2017-07-13;6000000;microempresarial
femenino;comercio;tienda;juan xxiii la quiebra;3;13;2018-06-01;4000000;microempresarial
femenino;comercio;fabrica de;juan xxiii la quiebra;1;13;2019-04-01;8281000;microempresarial
femenino;servicio;restaurante;juan xxiii la quiebra;3;13;2017-03-22;7370000;microempresarial
femenino;comercio;almacen de ropa en;juan xxiii la quiebra;3;13;2018-05-04;7000000;microempresarial
femenino;industria;fabrica de;juan xxiii la quiebra;3;13;2017-10-20;3000000;microempresarial
masculino;industria;fabrica de repuestos;juan xxiii la quiebra;2;90;2018-06-01;2000000;microempresarial
femenino;industria;fabrica de colchones;juan xxiii la quiebra;2;13;2018-10-25;3000000;microempresarial
masculino;comercio;venta de calzado;juan xxiii la quiebra;2;13;2017-05-05;5000000;microempresarial
femenino;comercio;almacen de ropa en;juan xxiii la quiebra;2;13;2019-04-05;6000000;microempresarial
femenino;industria;fabrica de;juan xxiii la quiebra;3;13;2019-05-20;3750000;microempresarial
femenino;comercio;almacen de ropa en;juan xxiii la quiebra;2;13;2017-05-08;7300000;microempresarial
masculino;industria;fabrica de;juan xxiii la quiebra;2;13;2016-10-26;5000000;microempresarial
femenino;servicio;peluqueria;juan xxiii la quiebra;2;13;2018-11-09;5000000;microempresarial
femenino;industria;fabrica de;juan xxiii la quiebra;3;13;2018-02-07;7800000;microempresarial
femenino;servicio;restaurante;juan xxiii la quiebra;2;13;2017-08-28;7300000;microempresarial
femenino;servicio;comidas rapidas;juan xxiii la quiebra;2;13;2016-10-11;5000000;microempresarial
femenino;comercio;variedades;juan xxiii la quiebra;2;13;2018-02-23;6000000;microempresarial
femenino;industria;fabrica de;juan xxiii la quiebra;2;13;2017-11-20;2800000;microempresarial
femenino;comercio;variedades;juan xxiii la quiebra;3;13;2018-01-30;6000000;microempresarial
femenino;comercio;variedades;juan xxiii la quiebra;3;13;2019-01-30;8000000;microempresarial
femenino;servicio;peluqueria;juan xxiii la quiebra;1;13;2016-08-10;2000000;microempresarial
masculino;comercio;comidas rapidas;juan xxiii la quiebra;3;13;2017-08-04;73770000;microempresarial
femenino;comercio;tienda;juan xxiii la quiebra;1;13;2018-12-03;2000000;microempresarial
masculino;servicio;servicios;juan xxiii la quiebra;3;13;2018-06-27;7800000;microempresarial
femenino;agropecuaria;criadero de animales;juan xxiii la quiebra;2;13;2017-09-08;7000000;microempresarial
femenino;servicio;cafe e internet;juan xxiii la quiebra;1;13;2018-10-31;3000000;microempresarial
masculino;industria;fabrica de;juan xxiii la quiebra;1;13;2018-02-21;2000000;microempresarial
femenino;industria;fabrica de;juan xxiii la quiebra;2;13;2018-02-21;6000000;microempresarial
femenino;servicio;peluqueria;juan xxiii la quiebra;3;13;2017-05-03;3000000;microempresarial
masculino;comercio;tienda de helados;juan xxiii la quiebra;3;13;2017-04-19;7000000;microempresarial
femenino;comercio;variedades;juan xxiii la quiebra;1;13;2017-04-27;5000000;microempresarial
femenino;comercio;variedades;juan xxiii la quiebra;1;13;2019-04-05;4000000;microempresarial
femenino;comercio;tienda;juan xxiii la quiebra;1;13;2018-02-26;4500000;microempresarial
femenino;servicio;peluqueria;juan xxiii la quiebra;3;13;2018-03-05;7800000;microempresarial
femenino;comercio;miscelanea;juan xxiii la quiebra;1;13;2017-11-21;3000000;microempresarial
masculino;comercio;restaurante;juan xxiii la quiebra;3;13;2017-04-19;7370000;microempresarial
masculino;comercio;tienda;juan xxiii la quiebra;3;13;2017-10-17;7300000;microempresarial
masculino;industria;fabrica de juegos;juan xxiii la quiebra;1;13;2016-03-04;6000000;microempresarial
femenino;industria;fabrica de;juan xxiii la quiebra;1;13;2016-06-29;5000000;microempresarial
masculino;industria;fabrica de;juan xxiii la quiebra;2;13;2018-05-29;7800000;microempresarial
masculino;comercio;cafeteria;juan xxiii la quiebra;1;13;2017-02-06;4400000;credioportuno
femenino;comercio;tienda;llanaditas;1;13;2017-03-31;7000000;microempresarial
femenino;industria;fabrica de;llanaditas;3;13;2018-06-08;7000000;microempresarial
masculino;industria;marroquineria;llanaditas;3;13;2016-02-25;1800000;microempresarial
femenino;industria;fabrica de;llanaditas;2;13;2018-09-20;7800000;microempresarial
femenino;comercio;almacen de ropa en;llanaditas;3;13;2017-03-23;7000000;microempresarial
femenino;servicio;restaurante;llanaditas;2;13;2017-08-18;6000000;microempresarial
femenino;comercio;comidas rapidas;llanaditas;2;13;2018-11-13;1300000;microempresarial
femenino;comercio;variedades;llanaditas;1;13;2018-10-26;7800000;microempresarial
femenino;comercio;tienda;llanaditas;2;13;2019-03-12;7000000;microempresarial
masculino;industria;distribuidora de;llanaditas;3;1;2017-03-14;30000000;empresarial ed.
masculino;industria;fabrica de;llanaditas;3;13;2019-05-20;6000000;microempresarial
femenino;servicio;comidas rapidas;llanaditas;2;13;2016-04-28;6500000;microempresarial
femenino;servicio;peluqueria;llanaditas;3;13;2016-10-24;6000000;microempresarial
masculino;comercio;tienda;llanaditas;2;13;2016-10-25;6800000;microempresarial
masculino;servicio;comidas rapidas;llanaditas;2;13;2018-02-05;2000000;microempresarial
femenino;industria;fabrica de;llanaditas;1;13;2018-09-24;6000000;microempresarial
masculino;servicio;barberia;llanaditas;2;13;2018-05-09;4000000;microempresarial
femenino;industria;variedades;llanaditas;3;13;2018-07-23;5000000;microempresarial
femenino;servicio;lavanderia;llanaditas;1;13;2016-09-01;5000000;microempresarial
femenino;comercio;comidas rapidas;llanaditas;2;13;2018-05-08;1200000;microempresarial
femenino;servicio;restaurante;llanaditas;1;13;2016-10-04;4000000;microempresarial
femenino;comercio;fabrica de alimentos;llanaditas;2;13;2018-05-30;5000000;microempresarial
masculino;comercio;variedades;llanaditas;1;13;2018-07-03;7000000;microempresarial
femenino;comercio;bares;llanaditas;3;13;2017-08-24;7370000;microempresarial
masculino;servicio;bares;llanaditas;2;13;2018-07-16;5000000;microempresarial
masculino;agropecuaria;criadero de animales;llanaditas;1;13;2018-02-23;6000000;microempresarial
femenino;servicio;charcuteria;llanaditas;2;13;2018-01-03;7377000;microempresarial
masculino;servicio;variedades;llanaditas;2;13;2018-05-30;7800000;microempresarial
femenino;industria;fabrica de;llanaditas;2;13;2018-01-19;4000000;microempresarial
femenino;servicio;productos de belleza;llanaditas;2;13;2018-05-09;7800000;microempresarial
femenino;comercio;tienda;llanaditas;2;13;2016-04-04;5000000;microempresarial
femenino;comercio;tienda;llanaditas;1;13;2019-04-04;7500000;microempresarial
femenino;comercio;tienda;llanaditas;1;13;2016-08-23;6500000;microempresarial
femenino;comercio;comidas rapidas;llanaditas;1;13;2018-07-27;1300000;microempresarial
masculino;servicio;mantenimiento en;llanaditas;1;13;2016-05-16;6800000;microempresarial
femenino;servicio;fabrica de;llanaditas;1;13;2018-02-22;3000000;microempresarial
femenino;industria;fabrica de;llanaditas;1;13;2018-02-07;2000000;microempresarial
femenino;comercio;restaurante;llanaditas;1;13;2018-07-18;3000000;microempresarial
masculino;servicio;publicidad y;llanaditas;3;13;2017-08-03;7370000;microempresarial
masculino;comercio;variedades;llanaditas;3;13;2017-11-17;7377000;microempresarial
femenino;industria;fabrica de;llanaditas;2;13;2017-09-01;7300000;microempresarial
femenino;servicio;comidas rapidas;llanaditas;3;13;2019-02-18;8281000;microempresarial
femenino;comercio;variedades;llanaditas;1;13;2016-11-19;6800000;microempresarial
masculino;comercio;comidas rapidas;llanaditas;2;13;2018-10-30;5000000;microempresarial
femenino;comercio;fabrica de alimentos;llanaditas;2;13;2017-05-02;5000000;microempresarial
femenino;comercio;variedades;llanaditas;2;7;2018-11-09;3000000;microempresarial
masculino;comercio;tienda;llanaditas;1;13;2017-10-25;7370000;microempresarial
femenino;comercio;cafeteria;altavista;1;13;2016-12-14;6160000;microempresarial
masculino;servicio;recreativo educativo;altavista;2;13;2017-05-16;22131510;juridica y cap.semilla
femenino;servicio;peluqueria;altavista;3;13;2018-08-01;7600000;microempresarial
femenino;comercio;almacen de ropa en;altavista;2;13;2016-10-21;5200000;microempresarial
femenino;servicio;comidas rapidas;altavista;1;13;2016-04-01;4000000;microempresarial
masculino;comercio;variedades;altavista;2;13;2018-07-25;6000000;microempresarial
femenino;industria;fabrica de;altavista;1;13;2018-04-20;3000000;microempresarial
masculino;servicio;cafe e internet;altavista;2;13;2017-05-08;7000000;microempresarial
femenino;industria;fabrica de;altavista;1;13;2018-05-28;4000000;microempresarial
femenino;comercio;tienda;altavista;2;13;2018-07-17;782000;microempresarial
femenino;industria;peluqueria;altavista;2;13;2016-07-21;5000000;microempresarial
femenino;comercio;variedades;altavista;2;13;2017-11-14;7370000;microempresarial
femenino;comercio;variedades;altavista;1;13;2017-04-19;4000000;microempresarial
femenino;industria;fabrica de arepas;altavista;3;13;2016-06-15;6500000;microempresarial
femenino;industria;fabrica de;altavista;2;13;2017-02-16;3000000;microempresarial
masculino;servicio;mantenimiento en;altavista;3;13;2016-03-09;6000000;microempresarial
femenino;servicio;fabrica de muebles;altavista;1;13;2016-08-03;6000000;microempresarial
femenino;comercio;fabrica de;altavista;1;13;2018-07-18;2500000;microempresarial
masculino;industria;fabrica de;altavista;2;13;2017-09-18;7000000;microempresarial
femenino;comercio;variedades;altavista;2;13;2017-08-08;2000000;microempresarial
femenino;industria;panaderia;altavista;3;13;2016-02-01;10000000;juridica y cap.semilla
femenino;comercio;lenceria para el;altavista;3;13;2017-09-04;7300000;microempresarial
femenino;comercio;tienda;altavista;1;13;2016-04-18;4000000;microempresarial
masculino;comercio;variedades;altavista;1;13;2016-05-17;6000000;microempresarial
masculino;servicio;barberia;altavista;3;13;2018-04-20;7800000;microempresarial
masculino;industria;fabrica de;altavista;2;13;2018-02-21;5000000;microempresarial
femenino;servicio;peluqueria;altavista;1;13;2018-06-13;5000000;microempresarial
femenino;comercio;distribuidora de;altavista;1;13;2018-07-05;2000000;microempresarial
femenino;servicio;mantenimiento en;altavista;2;12;2019-04-24;7500000;microempresarial
femenino;comercio;fabrica de helados;altavista;2;13;2018-09-24;6000000;microempresarial
femenino;comercio;comidas rapidas;altavista;1;13;2017-08-04;2000000;microempresarial
femenino;comercio;miscelanea;altavista;2;13;2017-12-18;7300000;microempresarial
masculino;comercio;variedades;altavista;2;13;2018-07-18;4000000;microempresarial
masculino;comercio;tienda;altavista;1;13;2018-02-13;3000000;microempresarial
femenino;comercio;variedades;altavista;3;13;2018-04-16;7800000;microempresarial
femenino;industria;fabrica de;altavista;1;13;2016-03-31;6800000;microempresarial
femenino;servicio;papeleria;altavista;2;13;2016-11-30;3000000;microempresarial
femenino;comercio;variedades;altavista;3;13;2017-10-11;7000000;microempresarial
masculino;comercio;comidas rapidas;altavista;3;13;2017-07-18;7377000;microempresarial
femenino;comercio;fabrica de;altavista;2;13;2018-04-12;6000000;microempresarial
femenino;comercio;fabrica de;altavista;1;13;2018-02-21;5000000;microempresarial
femenino;agropecuaria;criadero de animales;altavista;2;13;2016-04-07;4000000;microempresarial
masculino;comercio;variedades;altavista;2;13;2018-05-30;7800000;microempresarial
femenino;comercio;fabrica de productos;altavista;3;13;2017-04-24;7000000;microempresarial
femenino;industria;cerrajeria;altavista;2;13;2018-10-11;7800000;microempresarial
femenino;comercio;variedades;las palmas;3;13;2018-04-05;7000000;microempresarial
masculino;servicio;mantenimiento en;las palmas;3;13;2018-02-09;4500000;microempresarial
femenino;comercio;comidas rapidas;las palmas;2;13;2018-07-25;4000000;microempresarial
femenino;comercio;hoteles moteles;las palmas;3;13;2017-04-27;6800000;microempresarial
femenino;comercio;miscelanea;las palmas;3;13;2017-07-05;7300000;microempresarial
femenino;comercio;cafeteria;las palmas;2;13;2017-11-29;7300000;microempresarial
femenino;comercio;comidas rapidas;las palmas;1;13;2017-09-05;7377000;microempresarial
masculino;servicio;barberia;las palmas;3;13;2018-04-12;6000000;microempresarial
masculino;comercio;tienda;las palmas;1;13;2019-05-29;7000000;microempresarial
masculino;comercio;mantenimiento en;las palmas;2;13;2017-02-01;7377000;microempresarial
femenino;industria;fabrica de;las palmas;1;13;2018-12-05;5000000;microempresarial
femenino;comercio;comidas rapidas;las palmas;1;13;2018-03-14;7800000;microempresarial
masculino;comercio;carpinteria;las palmas;2;13;2017-10-23;7370000;microempresarial
femenino;industria;fabrica de;las palmas;1;13;2017-08-31;5000000;microempresarial
masculino;industria;fabrica de;las palmas;3;13;2018-02-06;5000000;microempresarial
masculino;servicio;peluqueria;las palmas;2;13;2016-12-22;6890000;microempresarial
femenino;servicio;distribuidora de;las palmas;2;13;2017-04-03;7000000;microempresarial
femenino;industria;fabrica de;las palmas;1;13;2018-02-20;6500000;microempresarial
femenino;comercio;variedades;las palmas;2;13;2016-09-05;6000000;microempresarial
femenino;comercio;fabrica de helados;las palmas;1;13;2018-02-16;7800000;microempresarial
femenino;industria;fabrica de;las palmas;1;13;2018-05-17;7000000;microempresarial
femenino;comercio;tienda de helados;las palmas;2;13;2017-09-27;30000000;empresarial ed.
masculino;servicio;mantenimiento en;las palmas;2;13;2018-02-27;19500000;microempresarial
femenino;servicio;comidas rapidas;las palmas;3;13;2017-10-23;7000000;microempresarial
femenino;comercio;miscelanea;las palmas;1;13;2017-02-10;5000000;microempresarial
femenino;industria;fotografia;las palmas;3;13;2017-03-17;3500000;microempresarial
femenino;comercio;restaurante;las palmas;1;13;2017-05-08;3000000;microempresarial
masculino;comercio;joyeria;las palmas;2;13;2017-11-21;7377000;microempresarial
masculino;comercio;variedades;las palmas;1;13;2018-03-02;2500000;microempresarial
femenino;comercio;variedades;las palmas;3;13;2018-07-27;4000000;microempresarial
masculino;comercio;comidas rapidas;las palmas;3;13;2018-06-18;7140000;microempresarial
femenino;comercio;fabrica de repuestos;las palmas;3;13;2018-08-29;7000000;microempresarial
femenino;industria;fabrica de;las palmas;2;13;2017-08-24;5000000;microempresarial
femenino;industria;fabrica de;las palmas;1;13;2016-06-22;6800000;microempresarial
femenino;industria;fabrica de;las palmas;1;13;2018-12-12;5000000;microempresarial
femenino;industria;papeleria;las palmas;3;13;2018-05-30;7800000;microempresarial
femenino;comercio;papeleria;las palmas;1;13;2018-10-12;1000000;microempresarial
femenino;comercio;papeleria;las palmas;2;13;2018-11-13;7800000;microempresarial
femenino;servicio;publicidad y;las palmas;3;13;2017-12-12;4000000;microempresarial
masculino;industria;fabrica de;las palmas;1;13;2018-04-24;7000000;microempresarial
femenino;comercio;tienda;las palmas;1;13;2016-10-28;6800000;microempresarial
masculino;servicio;recreativo educativo;las palmas;3;13;2016-05-27;6500000;microempresarial
femenino;comercio;almacen de ropa en;las palmas;1;13;2017-10-26;7000000;microempresarial
femenino;comercio;restaurante;las palmas;3;13;2017-07-11;7370000;microempresarial
femenino;comercio;variedades;villa del socorro;2;13;2017-11-28;7000000;microempresarial
femenino;industria;fabrica de;villa del socorro;3;13;2018-06-05;7800000;microempresarial
femenino;industria;fabrica de;villa del socorro;1;13;2017-02-08;4000000;microempresarial
femenino;industria;fabrica de alimentos;villa del socorro;1;13;2016-03-14;3000000;microempresarial
femenino;comercio;miscelanea;villa del socorro;3;13;2018-10-26;7800000;microempresarial
masculino;servicio;peluqueria;villa del socorro;1;13;2017-02-09;2000000;microempresarial
masculino;industria;fabrica de;villa del socorro;2;13;2017-03-01;7000000;microempresarial
masculino;comercio;distribuidora de;villa del socorro;1;13;2016-06-16;4000000;microempresarial
masculino;comercio;miscelanea;villa del socorro;2;13;2018-03-09;1000000;microempresarial
femenino;comercio;variedades;villa del socorro;2;13;2018-04-17;6000000;microempresarial
femenino;industria;fabrica de;villa del socorro;1;13;2018-04-03;7800000;microempresarial
femenino;comercio;tienda;villa del socorro;2;13;2018-11-07;7000000;microempresarial
femenino;servicio;peluqueria;villa del socorro;2;13;2016-04-19;6400000;microempresarial
femenino;comercio;tienda;villa del socorro;2;13;2016-12-21;1500000;microempresarial
masculino;comercio;distribuidora de;villa del socorro;2;13;2017-04-07;7377000;microempresarial
femenino;servicio;peluqueria;villa del socorro;1;13;2017-09-12;7300000;microempresarial
masculino;servicio;variedades;villa del socorro;3;13;2016-12-26;28267000;empresarial ed.
femenino;servicio;variedades;villa del socorro;3;13;2018-02-06;4000000;microempresarial
femenino;comercio;variedades;villa del socorro;2;13;2018-01-22;7800000;microempresarial
masculino;servicio;mensajeria;villa del socorro;2;13;2018-10-12;19000000;empresarial ed.
masculino;comercio;tienda;villa del socorro;2;13;2018-02-15;5000000;microempresarial
femenino;comercio;tienda naturista;villa del socorro;3;13;2018-10-25;2000000;microempresarial
masculino;servicio;cafe e internet;villa del socorro;1;13;2019-01-22;6000000;microempresarial
masculino;servicio;taller de electronica;villa del socorro;3;13;2019-02-15;8122200;microempresarial
femenino;comercio;variedades;villa del socorro;1;13;2017-07-13;4000000;microempresarial
femenino;comercio;variedades;villa del socorro;2;13;2017-03-27;7370000;microempresarial
masculino;servicio;mantenimiento en;villa del socorro;3;13;2018-05-23;7800000;microempresarial
masculino;comercio;almacen de ropa en;villa del socorro;1;13;2018-12-06;7800000;microempresarial
masculino;comercio;papeleria;villa del socorro;2;13;2016-05-02;5000000;microempresarial
masculino;comercio;fabrica de helados;villa del socorro;2;13;2017-07-28;6000000;microempresarial
masculino;servicio;restaurante;villa del socorro;3;13;2016-06-03;6890000;microempresarial
femenino;servicio;peluqueria;villa del socorro;1;13;2017-06-15;7370000;microempresarial
masculino;industria;fabrica de;villa del socorro;2;13;2018-10-31;7000000;microempresarial
masculino;servicio;cafe e internet;villa del socorro;3;13;2016-12-29;10000000;empresarial ed.
femenino;comercio;variedades;villa del socorro;2;13;2018-04-20;5000000;microempresarial
femenino;servicio;comidas rapidas;villa del socorro;1;4;2019-01-22;6000000;microempresarial
masculino;comercio;variedades;villa del socorro;3;13;2018-02-09;7800000;microempresarial
femenino;industria;cerrajeria;villa del socorro;1;13;2016-10-11;6890000;microempresarial
masculino;comercio;fabrica de;villa del socorro;1;13;2019-01-04;6000000;microempresarial
femenino;comercio;variedades;villa del socorro;3;13;2016-07-05;6000000;microempresarial
masculino;industria;fabrica de;villa del socorro;3;13;2017-04-28;7377000;microempresarial
masculino;comercio;comidas rapidas;villa del socorro;2;13;2016-01-20;6800000;microempresarial
masculino;comercio;comidas rapidas;villa del socorro;3;13;2018-04-25;7800000;microempresarial
femenino;comercio;mantenimiento en;trinidad;2;13;2018-08-30;6000000;microempresarial
femenino;industria;fabrica de;trinidad;2;13;2017-11-22;3500000;microempresarial
femenino;comercio;peluqueria;trinidad;2;13;2018-09-24;7000000;microempresarial
masculino;industria;fabrica de;trinidad;1;13;2017-05-08;7377000;microempresarial
femenino;servicio;restaurante;trinidad;3;13;2017-08-18;3500000;microempresarial
femenino;industria;fabrica de;trinidad;2;13;2018-05-17;7800000;microempresarial
femenino;servicio;fabrica de;trinidad;3;13;2017-09-26;7377000;microempresarial
femenino;comercio;distribuidora de;trinidad;2;13;2016-12-22;5000000;microempresarial
femenino;servicio;organización y;trinidad;1;13;2018-04-18;7000000;microempresarial
masculino;comercio;reciclaje;trinidad;1;13;2018-10-31;7800000;microempresarial
masculino;industria;fabrica de;trinidad;3;13;2017-09-15;7370000;microempresarial
femenino;comercio;variedades;trinidad;2;13;2018-05-30;1500000;microempresarial
masculino;comercio;variedades;trinidad;3;13;2017-09-11;7000000;microempresarial
femenino;industria;fabrica de;trinidad;1;13;2018-10-29;7800000;microempresarial
masculino;comercio;almacen de ropa en;trinidad;1;13;2018-07-24;7800000;microempresarial
femenino;servicio;peluqueria;trinidad;1;13;2016-06-07;3000000;microempresarial
masculino;comercio;tienda;trinidad;1;13;2016-05-26;6000000;microempresarial
femenino;comercio;tienda de helados;trinidad;3;13;2017-07-06;7000000;microempresarial
masculino;comercio;variedades;trinidad;1;13;2018-05-04;6000000;microempresarial
masculino;comercio;variedades;trinidad;1;13;2018-07-03;5000000;microempresarial
femenino;industria;fabrica de;trinidad;1;13;2017-04-06;7000000;microempresarial
femenino;comercio;variedades;trinidad;3;13;2017-02-22;6890000;microempresarial
masculino;industria;panaderia;trinidad;2;13;2018-07-11;4000000;microempresarial
femenino;servicio;variedades;trinidad;3;13;2018-12-06;7500000;microempresarial
masculino;industria;fabrica de repuestos;trinidad;1;13;2017-12-07;7300000;microempresarial
femenino;industria;fabrica de;trinidad;3;13;2017-05-30;7370000;microempresarial
masculino;industria;fabrica de productos;trinidad;3;13;2016-12-22;5000000;microempresarial
femenino;industria;fabrica de;trinidad;1;13;2018-02-07;4000000;microempresarial
masculino;servicio;variedades;trinidad;3;13;2017-05-24;73000000;microempresarial
femenino;comercio;variedades;trinidad;3;13;2016-10-14;4000000;microempresarial
femenino;agropecuaria;viveros;trinidad;2;13;2016-06-08;5000000;agropecuaria
masculino;comercio;fabrica de;trinidad;3;13;2018-01-26;7812000;microempresarial
femenino;industria;fabrica de;trinidad;3;13;2017-05-17;70000000;microempresarial
masculino;industria;fabrica de;trinidad;2;13;2018-05-04;5000000;microempresarial
femenino;comercio;fabrica de;trinidad;1;13;2016-08-11;6800000;microempresarial
femenino;servicio;peluqueria;trinidad;2;13;2017-08-18;1000000;microempresarial
femenino;industria;fabrica de;trinidad;2;13;2017-12-04;7377000;microempresarial
femenino;comercio;panaderia;trinidad;2;13;2018-02-01;2000000;microempresarial
femenino;comercio;variedades;trinidad;2;13;2017-10-27;5000000;microempresarial
femenino;comercio;tienda;trinidad;2;13;2018-02-06;7800000;microempresarial
femenino;servicio;peluqueria;trinidad;2;13;2018-02-07;7800000;microempresarial
femenino;comercio;variedades;trinidad;2;13;2019-01-04;6000000;microempresarial
femenino;comercio;almacen de ropa en;trinidad;1;13;2018-06-07;1200000;microempresarial
femenino;industria;fabrica de;villa niza;2;13;2017-11-07;7300000;microempresarial
femenino;comercio;tienda;villa niza;2;13;2017-12-05;4000000;microempresarial
femenino;comercio;restaurante;villa niza;1;13;2019-06-05;8000000;microempresarial
masculino;comercio;variedades;villa niza;2;13;2018-11-13;6000000;microempresarial
masculino;comercio;variedades;villa niza;2;13;2017-09-22;7300000;microempresarial
masculino;comercio;comidas rapidas;villa niza;3;13;2017-07-21;7000000;microempresarial
masculino;comercio;cafeteria;villa niza;2;13;2016-11-03;4000000;microempresarial
masculino;comercio;tienda;villa niza;1;13;2018-05-16;7800000;microempresarial
femenino;industria;fabrica de;villa niza;2;13;2017-07-14;7000000;microempresarial
femenino;comercio;legumbreria;villa niza;3;13;2016-05-26;6890000;microempresarial
masculino;comercio;variedades;villa niza;1;13;2018-05-22;7812000;microempresarial
femenino;industria;fabrica de;villa niza;1;13;2018-06-20;7800000;microempresarial
femenino;industria;fabrica de;villa niza;3;13;2016-04-29;6894000;microempresarial
masculino;comercio;fabrica de;villa niza;1;13;2018-02-01;6000000;microempresarial
femenino;industria;fabrica de;villa niza;1;80;2018-08-17;6300000;microempresarial
masculino;servicio;barberia;villa niza;1;13;2019-06-05;5000000;microempresarial
femenino;comercio;restaurante;villa niza;1;13;2018-10-26;7800000;microempresarial
masculino;industria;fabrica de;villa niza;1;13;2016-02-01;6800000;microempresarial
femenino;comercio;productos de belleza;villa niza;1;13;2018-05-09;5000000;microempresarial
masculino;comercio;panaderia;villa niza;2;13;2018-01-24;2000000;microempresarial
femenino;comercio;variedades;villa niza;2;13;2017-01-13;6890000;microempresarial
femenino;comercio;tienda;villa niza;2;13;2018-01-16;4000000;microempresarial
femenino;servicio;productos de belleza;villa niza;3;13;2018-03-21;2400000;microempresarial
femenino;comercio;tienda;villa niza;1;13;2016-11-19;4000000;microempresarial
femenino;comercio;almacen de ropa en;villa niza;2;13;2016-12-14;6890000;microempresarial
femenino;comercio;tienda;villa niza;2;13;2018-02-08;7800000;microempresarial
femenino;industria;fabrica de;villa niza;1;13;2018-12-06;3500000;microempresarial
femenino;comercio;fabrica de;villa niza;2;13;2018-01-30;2000000;microempresarial
masculino;servicio;cafe e internet;villa niza;2;13;2018-04-16;7000000;microempresarial
masculino;industria;fabrica de;villa niza;1;13;2018-08-23;4000000;microempresarial
masculino;comercio;variedades;villa niza;2;13;2017-10-19;1200000;microempresarial
femenino;servicio;gimnasio;villa niza;3;13;2016-11-19;6890000;microempresarial
femenino;comercio;tienda;villa niza;1;13;2016-11-01;5000000;microempresarial
masculino;servicio;peluqueria;villa niza;3;13;2018-03-02;7800000;microempresarial
femenino;servicio;cafe e internet;villa niza;2;13;2018-03-14;7800000;microempresarial
femenino;industria;fabrica de;villa niza;2;13;2016-12-02;4000000;microempresarial
femenino;industria;fabrica de;villa niza;2;13;2019-04-01;8000000;microempresarial
femenino;industria;fabrica de;villa niza;2;13;2018-02-23;7800000;microempresarial
masculino;servicio;carpinteria;villa niza;3;13;2017-02-21;7300000;microempresarial
femenino;servicio;peluqueria;villa niza;2;13;2018-02-02;500000;microempresarial
femenino;comercio;charcuteria;villa niza;3;13;2016-12-23;6890000;microempresarial
femenino;comercio;cafeteria;villa niza;2;13;2018-03-01;7000000;microempresarial
masculino;comercio;variedades;villa niza;3;13;2017-06-22;6000000;microempresarial
femenino;servicio;taller de mecanica;boyaca;2;13;2017-06-09;5000000;microempresarial
femenino;comercio;comidas rapidas;boyaca;1;13;2017-07-26;7370000;microempresarial
femenino;industria;fabrica de;boyaca;2;13;2016-06-22;5000000;microempresarial
femenino;comercio;tienda;boyaca;2;13;2017-05-08;7377000;microempresarial
masculino;comercio;comidas rapidas;boyaca;1;13;2017-09-22;6000000;microempresarial
femenino;comercio;almacen de ropa en;boyaca;3;13;2018-03-07;5000000;microempresarial
femenino;comercio;variedades;boyaca;1;13;2017-11-15;7300000;microempresarial
femenino;comercio;almacen de ropa en;boyaca;3;13;2018-04-24;3500000;microempresarial
masculino;comercio;comidas rapidas;boyaca;1;13;2018-02-21;7800000;microempresarial
femenino;comercio;tienda;boyaca;2;13;2019-03-05;5000000;microempresarial
femenino;comercio;papeleria;boyaca;2;13;2018-02-21;6000000;microempresarial
femenino;comercio;variedades;boyaca;2;13;2016-03-29;6500000;microempresarial
masculino;industria;tienda;boyaca;2;13;2019-05-08;6000000;microempresarial
femenino;comercio;tienda;boyaca;1;13;2016-01-21;6800000;microempresarial
masculino;comercio;tienda de helados;boyaca;2;13;2016-07-19;27000000;empresarial ed.
femenino;comercio;comidas rapidas;boyaca;2;13;2016-11-30;4000000;microempresarial
masculino;industria;fabrica de productos;boyaca;3;13;2018-02-27;3000000;microempresarial
femenino;comercio;comidas rapidas;boyaca;2;13;2017-04-19;7000000;microempresarial
femenino;servicio;fabrica de arepas;boyaca;3;13;2016-08-26;1500000;microempresarial
masculino;comercio;ferreteria;boyaca;1;13;2018-08-08;3000000;microempresarial
femenino;comercio;comidas rapidas;boyaca;3;13;2018-02-01;7800000;microempresarial
femenino;comercio;tienda;boyaca;2;13;2016-06-08;6890000;microempresarial
femenino;comercio;variedades;boyaca;1;13;2016-05-23;4000000;microempresarial
femenino;agropecuaria;criadero de animales;boyaca;2;13;2017-03-02;4000000;microempresarial
femenino;comercio;almacen de ropa en;boyaca;2;13;2018-03-07;7800000;microempresarial
masculino;comercio;tienda;boyaca;2;13;2017-07-28;6000000;microempresarial
femenino;comercio;papeleria;boyaca;1;13;2018-02-15;6000000;microempresarial
femenino;comercio;comidas rapidas;boyaca;2;13;2018-06-20;4000000;microempresarial
masculino;servicio;mantenimiento en;boyaca;2;13;2018-04-06;7000000;microempresarial
masculino;industria;fabrica de;boyaca;1;13;2017-09-29;5200000;microempresarial
femenino;comercio;cerrajeria;boyaca;2;13;2016-05-31;6890000;microempresarial
femenino;industria;fabrica de;boyaca;3;13;2018-10-29;7000000;microempresarial
femenino;servicio;peluqueria;boyaca;2;13;2018-07-12;7800000;microempresarial
femenino;servicio;servicios;boyaca;1;13;2018-05-11;7800000;microempresarial
femenino;industria;fabrica de;boyaca;2;13;2017-12-06;4000000;microempresarial
femenino;comercio;variedades;boyaca;1;13;2018-08-01;7800000;microempresarial
femenino;comercio;almacen de ropa en;boyaca;1;13;2017-10-09;4000000;microempresarial
femenino;comercio;ferreteria;boyaca;3;13;2016-01-19;2500000;microempresarial
femenino;agropecuaria;viveros;boyaca;1;13;2016-04-20;6000000;microempresarial
masculino;industria;fabrica de;boyaca;2;13;2017-08-30;5000000;microempresarial
femenino;industria;fabrica de;girardot;1;13;2018-07-06;5000000;microempresarial
masculino;comercio;comidas rapidas;girardot;1;13;2018-10-31;7800000;microempresarial
femenino;comercio;comidas rapidas;girardot;1;13;2018-05-08;2500000;microempresarial
masculino;industria;publicidad y;girardot;2;13;2017-02-22;4000000;microempresarial
masculino;servicio;comidas rapidas;girardot;2;13;2018-11-08;7800000;microempresarial
femenino;industria;fabrica de;girardot;2;13;2016-02-26;6000000;microempresarial
masculino;comercio;fabrica de;girardot;2;13;2018-05-08;6500000;microempresarial
masculino;comercio;tienda;girardot;1;13;2018-12-06;5000000;microempresarial
femenino;servicio;variedades;girardot;2;13;2017-05-24;6500000;microempresarial
masculino;comercio;fabrica de;girardot;2;13;2017-09-13;7370000;microempresarial
masculino;industria;fabrica de;girardot;2;13;2018-10-30;7500000;microempresarial
masculino;comercio;restaurante;girardot;2;13;2017-11-16;3000000;microempresarial
femenino;comercio;fabrica de;girardot;2;13;2016-12-01;5300000;microempresarial
femenino;industria;fabrica de;girardot;2;13;2017-03-07;7370000;microempresarial
masculino;servicio;carpinteria;girardot;2;13;2017-08-15;7377000;microempresarial
femenino;comercio;restaurante;girardot;2;13;2017-05-24;7000000;microempresarial
femenino;comercio;fabrica de;girardot;1;13;2017-10-05;7300000;microempresarial
masculino;industria;fabrica de;girardot;1;13;2017-08-15;6000000;microempresarial
femenino;industria;fabrica de alimentos;girardot;1;13;2018-05-28;6000000;microempresarial
femenino;comercio;tienda;girardot;2;13;2019-06-11;829000;credioportuno
masculino;comercio;deposito de;girardot;3;13;2017-05-04;7370000;microempresarial
masculino;comercio;legumbreria;girardot;1;13;2017-09-07;7000000;microempresarial
masculino;comercio;variedades;girardot;2;13;2018-06-05;7800000;microempresarial
masculino;comercio;distribuidora de;girardot;2;13;2018-09-14;6000000;microempresarial
masculino;comercio;variedades;girardot;3;13;2018-02-21;7377000;microempresarial
femenino;industria;fabrica de;girardot;2;13;2018-04-10;3000000;microempresarial
masculino;servicio;comidas rapidas;girardot;1;13;2017-07-05;5000000;microempresarial
masculino;comercio;variedades;girardot;3;13;2016-08-09;6500000;microempresarial
masculino;comercio;variedades;girardot;1;13;2018-07-13;7800000;microempresarial
femenino;comercio;almacen de ropa en;girardot;1;13;2017-05-12;6000000;microempresarial
femenino;comercio;variedades;girardot;1;13;2019-04-22;3000000;microempresarial
femenino;servicio;comidas rapidas;girardot;2;13;2018-02-09;6000000;microempresarial
masculino;comercio;variedades;girardot;1;13;2017-07-14;3000000;microempresarial
femenino;servicio;peluqueria;girardot;2;13;2018-03-16;7800000;microempresarial
masculino;comercio;restaurante;girardot;2;13;2018-09-21;7800000;microempresarial
femenino;industria;fabrica de;girardot;1;13;2018-03-08;3000000;microempresarial
femenino;comercio;comidas rapidas;girardot;2;13;2018-04-27;2000000;microempresarial
femenino;comercio;variedades;girardot;2;13;2017-05-02;7377000;microempresarial
femenino;servicio;tienda de helados;pablo vi;2;13;2017-04-05;3000000;microempresarial
femenino;comercio;variedades;pablo vi;1;13;2018-06-20;7000000;microempresarial
femenino;comercio;variedades;pablo vi;2;13;2018-04-27;1500000;microempresarial
femenino;comercio;miscelanea;pablo vi;1;13;2018-07-10;7000000;microempresarial
masculino;comercio;tienda;pablo vi;1;13;2016-02-04;6600000;microempresarial
masculino;servicio;fabrica de;pablo vi;3;13;2016-02-04;6400000;microempresarial
femenino;comercio;papeleria;pablo vi;3;13;2018-05-24;7000000;microempresarial
femenino;industria;fabrica de;pablo vi;2;13;2017-12-21;5200000;microempresarial
masculino;servicio;recreativo educativo;pablo vi;1;13;2016-12-07;62000000;microempresarial
femenino;servicio;variedades;pablo vi;2;13;2017-03-28;7370000;microempresarial
masculino;industria;fabrica de;pablo vi;1;13;2016-07-28;6890000;microempresarial
masculino;industria;fabrica de;pablo vi;2;13;2017-04-06;6000000;microempresarial
femenino;servicio;tienda;pablo vi;2;13;2017-06-23;30000000;microempresarial
masculino;comercio;miscelanea;pablo vi;3;13;2017-02-21;7300000;microempresarial
femenino;industria;fabrica de;pablo vi;2;13;2017-11-07;5000000;microempresarial
masculino;servicio;mantenimiento en;pablo vi;1;13;2018-05-23;7800000;microempresarial
femenino;comercio;tienda;pablo vi;1;13;2017-03-23;6000000;microempresarial
femenino;comercio;comidas rapidas;pablo vi;2;13;2018-04-27;3000000;microempresarial
femenino;industria;fabrica de;pablo vi;3;13;2018-03-05;5000000;microempresarial
femenino;comercio;legumbreria;pablo vi;1;13;2018-08-02;5000000;microempresarial
masculino;industria;fabrica de alimentos;pablo vi;2;13;2016-10-27;6800000;microempresarial
masculino;servicio;comidas rapidas;pablo vi;1;13;2017-08-23;7377000;microempresarial
femenino;comercio;almacen de ropa en;pablo vi;1;13;2017-05-31;7377000;microempresarial
masculino;comercio;variedades;pablo vi;2;13;2019-05-24;8000000;microempresarial
femenino;servicio;peluqueria;pablo vi;1;13;2018-02-01;7300000;microempresarial
femenino;comercio;papeleria;pablo vi;2;13;2016-09-08;4000000;microempresarial
femenino;comercio;joyeria;pablo vi;2;13;2017-02-07;7377000;microempresarial
femenino;servicio;comidas rapidas;pablo vi;1;13;2018-01-29;5000000;microempresarial
masculino;servicio;comidas rapidas;pablo vi;2;13;2017-07-05;4000000;microempresarial
femenino;industria;fabrica de;pablo vi;1;13;2017-05-04;7000000;microempresarial
masculino;comercio;fabrica de alimentos;pablo vi;1;13;2018-05-16;2000000;microempresarial
masculino;servicio;fabrica de;pablo vi;3;13;2017-02-14;6890000;microempresarial
masculino;comercio;variedades;pablo vi;1;13;2018-03-05;6500000;microempresarial
femenino;comercio;variedades;pablo vi;1;13;2017-09-20;2000000;microempresarial
masculino;comercio;tienda;pablo vi;2;13;2017-07-11;4000000;microempresarial
masculino;servicio;restaurante;pablo vi;1;13;2016-10-03;238298;microempresarial
masculino;comercio;granero;pablo vi;2;13;2019-06-25;8280000;microempresarial
femenino;comercio;variedades;picachito;1;13;2017-09-05;5200000;microempresarial
femenino;comercio;variedades;picachito;3;13;2016-09-26;5000000;microempresarial
masculino;industria;fabrica de alimentos;picachito;2;13;2016-06-07;6000000;microempresarial
masculino;servicio;mantenimiento en;picachito;1;13;2018-10-25;7800000;microempresarial
femenino;industria;fabrica de;picachito;2;13;2017-03-23;7370000;microempresarial
femenino;comercio;tienda;picachito;2;13;2019-02-21;8200000;microempresarial
masculino;industria;fabrica de alimentos;picachito;3;13;2016-02-29;6890000;microempresarial
femenino;comercio;almacen de ropa en;picachito;1;13;2017-09-28;1000000;microempresarial
masculino;servicio;ebanistaria;picachito;2;13;2017-05-04;2500000;microempresarial
femenino;comercio;distribuidora de;picachito;3;10;2017-05-30;7370000;microempresarial
masculino;comercio;tienda;picachito;3;13;2016-09-28;6894000;microempresarial
femenino;comercio;variedades;picachito;1;13;2017-04-05;3000000;microempresarial
femenino;comercio;variedades;picachito;3;13;2016-04-05;5000000;microempresarial
femenino;comercio;granero;picachito;1;13;2016-08-16;6800000;microempresarial
masculino;servicio;comidas rapidas;picachito;3;13;2016-11-11;2000000;microempresarial
masculino;servicio;ebanistaria;picachito;2;13;2018-04-20;3500000;microempresarial
femenino;agropecuaria;criadero de animales;picachito;2;13;2016-02-17;5000000;agropecuaria
femenino;comercio;variedades;picachito;3;13;2018-10-25;7000000;microempresarial
femenino;industria;fabrica de;picachito;1;13;2016-04-20;4500000;microempresarial
femenino;comercio;papeleria;picachito;2;13;2016-03-04;6000000;microempresarial
masculino;servicio;lavanderia;picachito;1;13;2016-03-28;6000000;microempresarial
masculino;comercio;almacen de ropa en;picachito;1;13;2018-07-12;7000000;microempresarial
femenino;servicio;mantenimiento en;picachito;3;11;2018-08-09;7800000;microempresarial
masculino;servicio;organización y;picachito;2;3;2018-04-18;800000;microempresarial
masculino;comercio;distribuidora de;picachito;1;3;2018-12-20;5000000;microempresarial
femenino;servicio;fabrica de;picachito;1;3;2018-09-14;3000000;microempresarial
masculino;comercio;comidas rapidas;picachito;2;3;2018-04-04;5000000;microempresarial
masculino;comercio;almacen de ropa en;picachito;1;3;2017-11-28;7300000;microempresarial
femenino;comercio;tienda;picachito;1;3;2016-08-12;6890000;microempresarial
femenino;comercio;billares;picachito;2;3;2018-03-08;7800000;microempresarial
masculino;comercio;publicidad y;picachito;2;3;2017-03-09;237976;microempresarial
femenino;industria;fabrica de;picachito;2;3;2018-06-15;7000000;microempresarial
femenino;servicio;recreativo educativo;picachito;1;3;2018-01-30;5000000;microempresarial
masculino;industria;fabrica de calzado;picachito;1;3;2016-11-22;1000000;microempresarial
masculino;comercio;variedades;picachito;1;3;2017-11-09;2500000;microempresarial
masculino;comercio;reciclaje;picachito;2;3;2018-05-22;1500000;microempresarial
femenino;comercio;variedades;olaya herrera;1;3;2016-08-24;6000000;microempresarial
femenino;comercio;variedades;olaya herrera;2;3;2018-02-15;7000000;microempresarial
femenino;servicio;almacen de ropa en;olaya herrera;2;3;2019-06-06;5000000;microempresarial
femenino;industria;tienda;olaya herrera;2;3;2018-05-11;1500000;microempresarial
femenino;comercio;variedades;olaya herrera;2;3;2018-09-20;7000000;microempresarial
femenino;comercio;comidas rapidas;olaya herrera;1;3;2018-02-16;2000000;microempresarial
masculino;comercio;variedades;olaya herrera;1;3;2019-02-20;3750000;microempresarial
masculino;comercio;variedades;olaya herrera;1;3;2018-03-07;7800000;microempresarial
masculino;comercio;tienda;olaya herrera;1;3;2016-08-03;2000000;microempresarial
masculino;servicio;barberia;olaya herrera;1;3;2018-02-16;6200000;microempresarial
masculino;agropecuaria;sembrados;olaya herrera;1;60;2017-12-04;14000000;microempresarial
femenino;agropecuaria;sembrados;olaya herrera;2;60;2017-06-02;4000000;microempresarial
femenino;comercio;fabrica de;olaya herrera;3;6;2017-08-08;7000000;microempresarial
masculino;industria;carpinteria;olaya herrera;2;6;2016-06-15;6890000;microempresarial
masculino;comercio;miscelanea;olaya herrera;1;6;2018-05-08;7500000;microempresarial
masculino;comercio;variedades;olaya herrera;2;1;2016-10-25;3000000;microempresarial
femenino;comercio;distribuidora de;olaya herrera;2;1;2016-10-07;6890000;microempresarial
masculino;comercio;bares;olaya herrera;2;1;2018-04-26;7800000;microempresarial
femenino;comercio;peluqueria;olaya herrera;1;1;2018-03-14;3000000;microempresarial
masculino;comercio;variedades;olaya herrera;2;1;2017-09-25;2500000;microempresarial
femenino;comercio;tienda;olaya herrera;1;1;2016-11-15;5000000;microempresarial
femenino;industria;fabrica de;olaya herrera;2;3;2019-02-04;700;microempresarial
femenino;industria;fabrica de;olaya herrera;1;1;2018-05-29;2500000;microempresarial
femenino;comercio;variedades;olaya herrera;2;1;2017-11-28;5000000;microempresarial
femenino;comercio;miscelanea;olaya herrera;2;1;2018-01-31;7800000;microempresarial
femenino;servicio;cafe e internet;olaya herrera;1;1;2016-11-19;6800000;microempresarial
femenino;comercio;almacen de ropa en;olaya herrera;1;1;2018-02-21;3000000;microempresarial
femenino;industria;fabrica de;olaya herrera;1;1;2018-09-20;7000000;microempresarial
masculino;comercio;comidas rapidas;olaya herrera;2;1;2019-02-22;5000000;microempresarial
femenino;industria;fabrica de;olaya herrera;2;1;2018-11-16;4000000;microempresarial
femenino;industria;fabrica de;olaya herrera;1;1;2016-03-29;5000000;microempresarial
masculino;servicio;peluqueria;olaya herrera;2;1;2018-01-12;7800000;microempresarial
femenino;industria;fabrica de;olaya herrera;2;1;2018-12-21;7800000;microempresarial
femenino;comercio;taller de mecanica;olaya herrera;1;1;2018-03-20;7800000;microempresarial
masculino;servicio;taller de mecanica;olaya herrera;1;1;2017-09-05;7300000;microempresarial
femenino;comercio;variedades;olaya herrera;1;1;2016-12-07;6890000;microempresarial
femenino;comercio;variedades;francisco antonio zea;1;1;2016-08-09;3000000;microempresarial
femenino;comercio;panaderia;francisco antonio zea;2;1;2018-04-24;3000000;microempresarial
femenino;comercio;variedades;francisco antonio zea;1;1;2017-09-27;7300000;microempresarial
femenino;comercio;variedades;francisco antonio zea;2;1;2016-11-29;6800000;microempresarial
masculino;comercio;almacen de ropa en;francisco antonio zea;2;1;2018-02-21;7800000;microempresarial
femenino;comercio;peluqueria;francisco antonio zea;1;1;2018-07-13;7800000;microempresarial
masculino;industria;carpinteria;francisco antonio zea;2;1;2018-05-10;6000000;microempresarial
femenino;industria;fabrica de;francisco antonio zea;2;1;2018-04-04;4000000;microempresarial
femenino;comercio;variedades;francisco antonio zea;1;1;2018-11-01;7000000;microempresarial
femenino;comercio;almacen de ropa en;francisco antonio zea;2;1;2017-03-21;5000000;microempresarial
masculino;comercio;comidas rapidas;francisco antonio zea;1;1;2018-02-15;3000000;microempresarial
masculino;comercio;cafeteria;francisco antonio zea;2;1;2019-02-13;8200000;microempresarial
femenino;comercio;variedades;francisco antonio zea;2;1;2018-03-01;3000000;microempresarial
femenino;industria;fabrica de;francisco antonio zea;2;1;2018-07-06;4000000;microempresarial
femenino;industria;fabrica de;francisco antonio zea;2;1;2018-02-21;1000000;microempresarial
femenino;industria;fabrica de;francisco antonio zea;2;1;2016-03-04;4000000;microempresarial
femenino;comercio;comidas rapidas;francisco antonio zea;2;1;2018-06-14;2000000;microempresarial
femenino;comercio;comidas rapidas;francisco antonio zea;2;1;2018-03-05;7800000;microempresarial
masculino;industria;fabrica de;francisco antonio zea;2;1;2017-10-04;4400000;microempresarial
femenino;servicio;fabrica de;francisco antonio zea;2;1;2016-07-13;3500000;microempresarial
femenino;comercio;miscelanea;francisco antonio zea;2;1;2017-07-04;7377170;microempresarial
femenino;comercio;variedades;francisco antonio zea;2;1;2018-05-11;6000000;microempresarial
femenino;comercio;comidas rapidas;francisco antonio zea;2;1;2018-09-20;7800000;microempresarial
femenino;industria;fabrica de;francisco antonio zea;2;1;2018-11-01;7800000;microempresarial
femenino;comercio;fabrica de calzado;francisco antonio zea;1;1;2016-09-22;2000000;microempresarial
femenino;industria;fabrica de;francisco antonio zea;1;1;2018-08-02;7000000;microempresarial
masculino;comercio;almacen de ropa en;francisco antonio zea;2;1;2017-03-08;7000000;microempresarial
femenino;comercio;comidas rapidas;francisco antonio zea;2;1;2018-03-20;3000000;microempresarial
masculino;comercio;cafeteria;francisco antonio zea;1;1;2017-12-20;7000000;microempresarial
femenino;servicio;comidas rapidas;francisco antonio zea;2;4;2018-08-03;5000000;microempresarial
masculino;industria;fabrica de;francisco antonio zea;2;4;2016-12-27;6890000;microempresarial
femenino;comercio;restaurante;francisco antonio zea;2;4;2018-07-04;7200000;microempresarial
masculino;comercio;comidas rapidas;francisco antonio zea;2;4;2017-06-13;7300000;microempresarial
masculino;industria;fabrica de;francisco antonio zea;2;4;2018-04-16;5000000;microempresarial
femenino;comercio;tienda;loreto;2;2;2017-01-10;1000000;microempresarial
femenino;comercio;variedades;loreto;2;2;2018-05-03;7800000;microempresarial
femenino;comercio;tienda;loreto;1;2;2018-06-22;7500000;microempresarial
femenino;comercio;comidas rapidas;loreto;2;2;2017-08-08;5000000;microempresarial
femenino;comercio;comidas rapidas;loreto;2;2;2019-05-22;8200000;microempresarial
femenino;servicio;papeleria;loreto;2;2;2017-04-26;7377000;microempresarial
femenino;servicio;mantenimiento en;loreto;2;2;2018-01-25;7800000;microempresarial
masculino;industria;fabrica de;loreto;2;2;2016-09-30;6890000;microempresarial
femenino;servicio;tienda;loreto;2;2;2017-07-28;5000000;microempresarial
femenino;servicio;productos de belleza;loreto;2;2;2019-03-29;6000000;microempresarial
femenino;comercio;restaurante;loreto;2;2;2016-12-23;6800000;microempresarial
femenino;servicio;peluqueria;loreto;2;2;2019-06-14;7000000;microempresarial
masculino;comercio;distribuidora de;loreto;2;2;2018-02-13;7800000;microempresarial
femenino;industria;fabrica de;loreto;2;2;2016-11-10;6890000;microempresarial
femenino;comercio;comidas rapidas;loreto;2;2;2018-03-22;1500000;microempresarial
femenino;comercio;almacen de ropa en;loreto;2;2;2018-10-25;7800000;microempresarial
femenino;servicio;fabrica de;loreto;2;2;2017-08-24;4000000;microempresarial
masculino;servicio;peluqueria;loreto;1;2;2018-09-14;5000000;microempresarial
femenino;comercio;tienda;loreto;2;2;2017-10-13;7300000;microempresarial
femenino;servicio;variedades;loreto;2;2;2017-10-20;7370000;microempresarial
femenino;comercio;tienda;loreto;1;2;2019-01-04;7500000;microempresarial
masculino;servicio;mantenimiento en;loreto;2;2;2017-11-07;4400000;microempresarial
femenino;servicio;peluqueria;loreto;1;2;2018-11-01;6000000;microempresarial
masculino;comercio;fabrica de;loreto;2;2;2019-01-23;8281160;microempresarial
femenino;comercio;almacen de ropa en;loreto;1;2;2018-03-14;7000000;microempresarial
femenino;comercio;variedades;loreto;2;2;2017-07-24;6500000;microempresarial
femenino;servicio;peluqueria;loreto;2;2;2018-07-16;2000000;microempresarial
masculino;comercio;variedades;loreto;2;2;2018-08-02;2000000;microempresarial
masculino;servicio;peluqueria;loreto;2;2;2017-08-01;7377000;microempresarial
masculino;servicio;reciclaje;loreto;2;2;2018-02-02;6000000;microempresarial
femenino;servicio;peluqueria;loreto;2;2;2017-01-13;6000000;microempresarial
masculino;industria;fabrica de muebles;loreto;2;2;2016-05-27;6800000;microempresarial
femenino;comercio;variedades;loreto;2;2;2017-06-14;4000000;microempresarial
masculino;comercio;variedades;loreto;1;16;2017-05-18;6000000;microempresarial
femenino;servicio;peluqueria;kennedy;2;2;2018-05-02;7800000;microempresarial
femenino;servicio;variedades;kennedy;1;2;2017-10-10;2000000;microempresarial
femenino;comercio;distribuidora de;kennedy;3;2;2018-02-19;1000000;microempresarial
masculino;comercio;almacen de ropa en;kennedy;2;2;2017-01-26;6300000;microempresarial
femenino;comercio;peluqueria;kennedy;1;4;2018-11-26;7000000;microempresarial
masculino;comercio;almacen de ropa en;kennedy;2;2;2019-02-22;8000000;microempresarial
femenino;industria;fabrica de calzado;kennedy;2;2;2019-01-15;8200000;microempresarial
femenino;comercio;comidas rapidas;kennedy;2;2;2017-06-27;7370000;microempresarial
femenino;servicio;peluqueria;kennedy;2;2;2018-11-30;7000000;microempresarial
femenino;industria;fabrica de alimentos;kennedy;2;2;2016-12-22;5000000;microempresarial
femenino;comercio;variedades;kennedy;2;2;2016-12-29;6890000;microempresarial
femenino;comercio;tienda de helados;kennedy;2;2;2018-10-26;2500000;microempresarial
femenino;comercio;comidas rapidas;kennedy;1;2;2017-10-30;7000000;microempresarial
femenino;industria;fabrica de;kennedy;2;2;2017-12-07;7000000;microempresarial
femenino;comercio;almacen de ropa en;kennedy;2;2;2017-10-02;2000000;microempresarial
femenino;comercio;variedades;kennedy;1;2;2018-12-10;7800000;microempresarial
femenino;comercio;almacen de ropa en;kennedy;2;2;2018-02-07;1000000;microempresarial
masculino;servicio;barberia;kennedy;2;2;2017-11-03;7300000;microempresarial
femenino;comercio;comidas rapidas;kennedy;2;2;2018-08-02;3000000;microempresarial
femenino;servicio;variedades;kennedy;2;2;2018-01-31;4500000;microempresarial
femenino;servicio;peluqueria;kennedy;1;2;2016-07-13;6894000;microempresarial
femenino;comercio;tienda;kennedy;2;2;2018-06-18;2000000;microempresarial
femenino;industria;tienda;kennedy;2;2;2016-06-29;5000000;microempresarial
femenino;comercio;tienda;kennedy;2;2;2018-08-02;5000000;microempresarial
masculino;comercio;productos de mar;kennedy;2;2;2018-06-07;2500000;microempresarial
femenino;servicio;peluqueria;kennedy;2;2;2018-03-14;2000000;microempresarial
femenino;industria;fabrica de;kennedy;1;2;2019-06-12;8000000;microempresarial
femenino;servicio;peluqueria;kennedy;2;2;2017-08-16;1500000;microempresarial
femenino;comercio;tienda;kennedy;2;2;2019-05-03;8200000;microempresarial
femenino;comercio;drogueria;kennedy;2;2;2017-09-28;7377000;microempresarial
femenino;comercio;tienda;kennedy;2;2;2018-04-04;6000000;microempresarial
femenino;comercio;tienda;kennedy;2;2;2016-07-11;6890000;microempresarial
masculino;industria;ebanistaria;kennedy;1;2;2018-09-18;5000000;microempresarial
femenino;comercio;comidas rapidas;la pradera;2;2;2018-12-19;6500000;microempresarial
masculino;comercio;almacen de ropa en;la pradera;2;2;2019-02-05;8000000;microempresarial
femenino;industria;fabrica de productos;la pradera;2;2;2017-08-11;4000000;microempresarial
femenino;industria;panaderia;la pradera;1;2;2016-03-31;6000000;microempresarial
femenino;servicio;restaurante;la pradera;2;2;2016-06-23;6000000;microempresarial
femenino;comercio;variedades;la pradera;2;2;2018-06-15;7800000;microempresarial
femenino;servicio;peluqueria;la pradera;2;2;2018-07-31;5000000;microempresarial
femenino;comercio;variedades;la pradera;2;2;2017-01-13;7337000;microempresarial
masculino;servicio;barberia;la pradera;2;2;2016-03-11;6400000;microempresarial
masculino;comercio;variedades;la pradera;2;2;2018-04-27;78000000;microempresarial
masculino;servicio;restaurante;la pradera;2;2;2016-07-05;6890000;microempresarial
femenino;comercio;bares;la pradera;2;2;2019-04-02;7000000;microempresarial
femenino;industria;fabrica de;la pradera;2;2;2019-05-29;6000000;microempresarial
femenino;industria;fabrica de;la pradera;2;2;2018-07-17;7800000;microempresarial
femenino;industria;fabrica de;la pradera;2;2;2019-03-26;7500000;microempresarial
femenino;comercio;comidas rapidas;la pradera;2;2;2018-12-03;6000000;microempresarial
femenino;servicio;peluqueria;la pradera;2;2;2017-02-03;7377000;microempresarial
masculino;servicio;mensajeria;la pradera;2;2;2017-04-18;7000000;microempresarial
masculino;servicio;taller de mecanica;la pradera;2;2;2017-06-21;7377000;microempresarial
femenino;industria;fabrica de;la pradera;2;2;2018-07-09;4500000;microempresarial
masculino;comercio;tienda;la pradera;2;2;2017-02-14;6000000;microempresarial
masculino;industria;fabrica de;la pradera;2;2;2018-06-18;2000000;microempresarial
femenino;servicio;productos de belleza;la pradera;2;2;2019-03-19;8000000;microempresarial
femenino;comercio;fabrica de alimentos;la pradera;2;2;2017-03-21;7000000;microempresarial
femenino;comercio;variedades;la pradera;2;2;2018-03-01;2000000;microempresarial
femenino;comercio;papeleria;la pradera;2;2;2017-11-09;7000000;microempresarial
masculino;servicio;fabrica de calzado;la pradera;2;2;2018-12-07;7800000;microempresarial
femenino;comercio;papeleria;la pradera;2;2;2016-11-15;1800000;microempresarial
masculino;comercio;comidas rapidas;la pradera;2;1;2019-06-04;8281000;microempresarial
masculino;comercio;granero;la pradera;1;2;2017-05-22;7377000;microempresarial
femenino;comercio;tienda;la pradera;2;2;2016-04-04;4000000;microempresarial
femenino;servicio;peluqueria;la pradera;2;2;2017-08-30;5000000;microempresarial
femenino;comercio;variedades;la pradera;2;2;2018-04-17;7800000;microempresarial
femenino;comercio;variedades;santa lucia;2;2;2016-03-07;5000000;microempresarial
femenino;comercio;variedades;santa lucia;2;2;2017-08-09;7300000;microempresarial
femenino;comercio;almacen de ropa en;santa lucia;2;80;2017-06-06;6000000;microempresarial
femenino;comercio;ferreteria;santa lucia;2;2;2017-08-04;5000000;microempresarial
masculino;comercio;comidas rapidas;santa lucia;2;2;2018-02-14;5000000;microempresarial
masculino;industria;fabrica de;santa lucia;2;2;2018-05-09;3000000;microempresarial
femenino;servicio;peluqueria;santa lucia;2;2;2018-09-12;6000000;microempresarial
femenino;servicio;restaurante;santa lucia;2;2;2018-06-15;3000000;microempresarial
masculino;comercio;cafeteria;santa lucia;2;2;2018-08-08;7800000;microempresarial
femenino;comercio;variedades;santa lucia;1;2;2017-06-20;7300000;microempresarial
femenino;industria;fabrica de;santa lucia;2;2;2016-06-21;5000000;microempresarial
masculino;servicio;peluqueria;santa lucia;2;2;2017-11-02;7000000;microempresarial
femenino;comercio;almacen de ropa en;santa lucia;2;2;2017-02-21;6000000;microempresarial
femenino;comercio;fabrica de;santa lucia;2;2;2018-07-18;7812000;microempresarial
femenino;industria;fabrica de;santa lucia;2;2;2016-09-14;6000000;microempresarial
femenino;industria;fabrica de;santa lucia;2;2;2016-11-25;5000000;microempresarial
femenino;servicio;productos de belleza;santa lucia;2;2;2016-07-25;3500000;microempresarial
femenino;servicio;peluqueria;santa lucia;2;2;2018-11-22;7800000;microempresarial
femenino;comercio;variedades;santa lucia;2;2;2017-06-13;4000000;microempresarial
masculino;industria;carpinteria;santa lucia;1;2;2016-08-11;4000000;microempresarial
femenino;industria;fabrica de;santa lucia;1;2;2018-11-23;2500000;microempresarial
femenino;comercio;comidas rapidas;santa lucia;2;2;2018-10-11;5000000;microempresarial
femenino;industria;fabrica de;santa lucia;2;2;2018-06-15;6000000;microempresarial
femenino;servicio;panaderia;santa lucia;1;2;2017-02-20;4000000;microempresarial
femenino;industria;fabrica de;santa lucia;1;2;2016-08-31;6890000;microempresarial
masculino;comercio;comidas rapidas;santa lucia;2;2;2018-05-31;5000000;microempresarial
masculino;servicio;mantenimiento en;santa lucia;2;2;2018-04-10;7800000;microempresarial
femenino;comercio;comidas rapidas;santa lucia;2;2;2018-05-31;7800000;microempresarial
femenino;comercio;variedades;santa lucia;2;2;2018-10-24;2000000;microempresarial
femenino;industria;fabrica de;santa lucia;2;2;2017-10-06;2000000;microempresarial
masculino;industria;fabrica de calzado;santa lucia;2;2;2017-02-23;7340000;microempresarial
femenino;servicio;recreativo educativo;santa lucia;2;2;2016-12-07;6894000;juridica y cap.semilla
femenino;industria;fabrica de;prado;2;2;2018-07-09;6500000;microempresarial
femenino;comercio;miscelanea;prado;2;2;2018-07-11;3300000;microempresarial
femenino;industria;papeleria;prado;2;2;2016-09-26;6890000;microempresarial
masculino;servicio;mantenimiento en;prado;2;2;2017-03-28;4500000;microempresarial
masculino;comercio;ferreteria;prado;2;2;2017-06-21;7000000;microempresarial
femenino;comercio;restaurante;prado;2;2;2018-02-05;7800000;microempresarial
femenino;industria;fabrica de;prado;2;2;2016-07-08;5000000;microempresarial
masculino;industria;fabrica de;prado;1;2;2019-06-28;7500000;microempresarial
femenino;servicio;fabrica de productos;prado;2;2;2017-03-16;2500000;microempresarial
femenino;comercio;variedades;prado;2;2;2017-05-23;7300000;microempresarial
femenino;comercio;tienda;prado;2;2;2018-06-14;7800000;microempresarial
masculino;comercio;tienda naturista;prado;2;2;2018-02-08;4500000;microempresarial
femenino;comercio;restaurante;prado;2;2;2018-02-28;4000000;microempresarial
femenino;comercio;panaderia;prado;2;2;2017-06-05;7377000;microempresarial
femenino;servicio;productos de belleza;prado;2;2;2018-04-13;7800000;microempresarial
masculino;comercio;variedades;prado;2;2;2016-09-05;6000000;microempresarial
masculino;comercio;almacen de ropa en;prado;2;2;2017-03-14;2500000;microempresarial
femenino;servicio;fabrica de;prado;2;2;2017-05-23;7000000;microempresarial
femenino;servicio;comidas rapidas;prado;2;2;2017-05-11;7000000;microempresarial
femenino;comercio;almacen de ropa en;prado;2;2;2017-12-18;7377000;microempresarial
masculino;comercio;tienda;prado;2;2;2019-03-14;6000000;microempresarial
femenino;comercio;tienda;prado;2;2;2018-05-10;7800000;microempresarial
femenino;comercio;tienda;prado;1;2;2017-11-10;7370000;microempresarial
masculino;comercio;miscelanea;prado;2;2;2017-12-19;4000000;microempresarial
femenino;comercio;comidas rapidas;prado;2;2;2017-01-19;5000000;microempresarial
masculino;comercio;comidas rapidas;prado;2;2;2018-05-17;7800000;microempresarial
masculino;industria;fabrica de;prado;2;2;2018-03-14;7000000;microempresarial
femenino;industria;fabrica de;prado;2;2;2017-04-17;6000000;microempresarial
femenino;comercio;variedades;prado;2;2;2018-11-07;5000000;microempresarial
femenino;comercio;tienda;prado;2;2;2019-03-18;5000000;microempresarial
femenino;industria;fabrica de;lopez de mesa;2;2;2017-06-05;3500000;microempresarial
masculino;comercio;variedades;lopez de mesa;2;2;2018-07-17;6000000;microempresarial
femenino;servicio;tienda;lopez de mesa;2;2;2018-03-23;7000000;microempresarial
masculino;comercio;comidas rapidas;lopez de mesa;2;2;2018-05-10;7800000;microempresarial
femenino;industria;fabrica de;lopez de mesa;2;2;2017-06-20;3000000;microempresarial
femenino;comercio;miscelanea;lopez de mesa;2;2;2016-09-30;3000000;microempresarial
femenino;comercio;variedades;lopez de mesa;2;2;2017-10-24;7000000;microempresarial
femenino;industria;variedades;lopez de mesa;2;2;2018-03-15;2000000;microempresarial
masculino;industria;fabrica de;lopez de mesa;2;2;2018-04-23;4500000;microempresarial
masculino;comercio;variedades;lopez de mesa;2;2;2017-09-27;7000000;microempresarial
masculino;comercio;tienda;lopez de mesa;2;2;2018-03-16;3000000;microempresarial
masculino;servicio;recreativo educativo;lopez de mesa;3;2;2018-02-14;7800000;microempresarial
masculino;comercio;comidas rapidas;lopez de mesa;2;2;2017-03-10;7377000;microempresarial
masculino;servicio;servicios;lopez de mesa;2;2;2017-03-22;3500000;microempresarial
femenino;comercio;fabrica de;lopez de mesa;2;2;2018-05-09;6000000;microempresarial
femenino;comercio;tienda;lopez de mesa;1;2;2017-09-06;6000000;microempresarial
femenino;industria;fabrica de;lopez de mesa;2;2;2017-11-02;5000000;microempresarial
femenino;comercio;comidas rapidas;lopez de mesa;2;2;2018-06-15;4000000;microempresarial
masculino;comercio;comidas rapidas;lopez de mesa;2;2;2017-03-09;7377000;microempresarial
femenino;comercio;ferreteria;lopez de mesa;2;2;2018-10-31;7000000;microempresarial
masculino;comercio;comidas rapidas;lopez de mesa;2;2;2018-04-10;7800000;microempresarial
femenino;comercio;distribuidora de;lopez de mesa;2;2;2017-08-08;5000000;microempresarial
femenino;industria;fabrica de;lopez de mesa;2;2;2016-11-03;6000000;microempresarial
masculino;servicio;mantenimiento en;lopez de mesa;2;2;2018-04-09;7000000;microempresarial
masculino;comercio;venta de calzado;lopez de mesa;2;2;2017-04-20;7377000;microempresarial
femenino;industria;variedades;lopez de mesa;2;2;2017-02-03;6000000;microempresarial
masculino;comercio;variedades;lopez de mesa;1;2;2019-02-21;5000000;microempresarial
femenino;industria;fabrica de;toscana;2;2;2016-07-26;6000000;microempresarial
masculino;comercio;variedades;toscana;2;2;2017-09-12;3000000;microempresarial
femenino;comercio;variedades;toscana;2;2;2017-11-17;4500000;microempresarial
masculino;comercio;variedades;toscana;2;2;2018-09-24;7800000;microempresarial
femenino;servicio;peluqueria;toscana;3;2;2018-07-12;7800000;microempresarial
masculino;comercio;venta de calzado;toscana;2;2;2017-07-28;7370000;microempresarial
femenino;servicio;comidas rapidas;toscana;2;2;2016-11-22;6890000;microempresarial
femenino;comercio;variedades;toscana;2;2;2016-09-20;2000000;microempresarial
femenino;servicio;variedades;toscana;2;2;2017-11-27;4000000;microempresarial
femenino;comercio;peluqueria;toscana;2;2;2018-02-06;4500000;microempresarial
femenino;servicio;recreativo educativo;toscana;2;2;2016-04-19;6890000;microempresarial
masculino;servicio;mantenimiento en;toscana;2;2;2018-07-16;7800000;microempresarial
femenino;comercio;almacen de ropa en;toscana;2;2;2018-06-01;4000000;microempresarial
femenino;servicio;comidas rapidas;toscana;1;2;2016-03-08;5000000;microempresarial
femenino;comercio;variedades;toscana;2;2;2017-09-15;6000000;microempresarial
femenino;comercio;fabrica de;toscana;2;2;2017-06-23;7377000;microempresarial
masculino;servicio;taller de mecanica;toscana;2;2;2017-07-14;5500000;microempresarial
femenino;comercio;tienda;toscana;2;2;2016-06-10;6000000;microempresarial
masculino;industria;carpinteria;toscana;2;2;2018-03-12;4500000;microempresarial
femenino;comercio;variedades;toscana;2;1;2019-06-25;7200000;microempresarial
masculino;industria;fabrica de calzado;toscana;2;2;2018-08-02;6000000;microempresarial
femenino;servicio;bares;toscana;2;2;2018-05-02;3000000;microempresarial
femenino;comercio;tienda;toscana;2;2;2017-09-25;7370000;microempresarial
masculino;comercio;mantenimiento en;toscana;2;2;2019-03-05;8821000;microempresarial
femenino;comercio;almacen de ropa en;toscana;2;2;2019-01-30;8281000;microempresarial
masculino;comercio;variedades;toscana;2;2;2017-02-23;5500000;microempresarial
femenino;comercio;variedades;toscana;2;2;2018-08-24;7800000;microempresarial
femenino;industria;fabrica de;san diego;2;2;2018-02-06;7800000;microempresarial
femenino;industria;fabrica de;san diego;2;2;2016-02-18;6000000;microempresarial
femenino;comercio;papeleria;san diego;2;2;2017-09-27;7300000;microempresarial
femenino;servicio;peluqueria;san diego;2;2;2017-06-06;7377000;microempresarial
femenino;servicio;peluqueria;san diego;2;2;2018-07-25;6000000;microempresarial
masculino;comercio;almacen de ropa en;san diego;2;2;2017-03-23;7000000;microempresarial
femenino;comercio;variedades;san diego;2;2;2018-03-14;1500000;microempresarial
masculino;comercio;almacen de ropa en;san diego;2;2;2018-01-25;7100000;microempresarial
femenino;industria;fabrica de;san diego;2;2;2017-03-06;7000000;microempresarial
masculino;comercio;comidas rapidas;san diego;2;2;2017-03-17;7377000;microempresarial
masculino;servicio;peluqueria;san diego;1;2;2017-03-28;3500000;microempresarial
femenino;comercio;almacen de ropa en;san diego;2;2;2018-11-30;5000000;microempresarial
femenino;servicio;peluqueria;san diego;1;2;2017-02-03;7377000;microempresarial
femenino;industria;fabrica de;san diego;2;2;2017-08-14;5000000;microempresarial
femenino;servicio;peluqueria;san diego;1;2;2018-07-16;4500000;microempresarial
femenino;comercio;cafe e internet;san diego;2;2;2018-04-04;7800000;microempresarial
masculino;comercio;panaderia;san diego;2;2;2017-03-17;73000000;microempresarial
masculino;comercio;restaurante;san diego;2;2;2017-03-14;4000000;microempresarial
femenino;comercio;almacen de ropa en;san diego;1;2;2017-08-04;7377000;microempresarial
femenino;comercio;tienda;san diego;2;2;2016-09-16;3500000;microempresarial
femenino;comercio;tienda;san diego;2;2;2017-05-15;7000000;microempresarial
femenino;servicio;variedades;san diego;2;2;2018-02-16;7000000;microempresarial
femenino;comercio;miscelanea;san diego;2;4;2019-02-08;8281000;microempresarial
femenino;comercio;variedades;san diego;2;2;2018-01-25;5000000;microempresarial
masculino;comercio;marroquineria;san diego;2;2;2018-05-16;4500000;microempresarial
femenino;industria;fabrica de;san diego;2;2;2017-10-20;4500000;microempresarial
femenino;industria;fabrica de;san diego;2;2;2017-04-04;3000000;microempresarial
femenino;comercio;panaderia;13 de noviembre;2;2;2018-05-17;10000000;empresarial ed.
masculino;comercio;comidas rapidas;13 de noviembre;2;2;2018-07-12;5000000;microempresarial
femenino;servicio;variedades;13 de noviembre;2;2;2018-02-14;2000000;microempresarial
masculino;comercio;variedades;13 de noviembre;1;2;2017-02-06;6000000;microempresarial
femenino;comercio;tienda;13 de noviembre;2;2;2017-09-28;7300000;microempresarial
femenino;comercio;comidas rapidas;13 de noviembre;1;2;2016-08-19;4000000;microempresarial
femenino;servicio;carpinteria;13 de noviembre;2;2;2017-06-20;4000000;microempresarial
femenino;comercio;variedades;13 de noviembre;2;2;2019-01-15;6000000;microempresarial
femenino;comercio;distribuidora de;13 de noviembre;1;2;2018-03-15;5000000;microempresarial
femenino;industria;fabrica de;13 de noviembre;2;2;2016-04-15;600000;microempresarial
femenino;comercio;distribuidora de;13 de noviembre;2;2;2017-05-09;7377000;microempresarial
femenino;servicio;distribuidora de;13 de noviembre;2;2;2016-10-28;6000000;microempresarial
femenino;agropecuaria;sembrados;13 de noviembre;2;90;2018-09-24;7000000;microempresarial
femenino;agropecuaria;taller de electronica;13 de noviembre;2;90;2016-05-16;6890000;agropecuaria
masculino;agropecuaria;floristeria;13 de noviembre;2;90;2016-07-18;2500000;agropecuaria
masculino;comercio;tienda;13 de noviembre;1;90;2018-05-08;3000000;microempresarial
masculino;industria;panaderia;13 de noviembre;2;90;2017-04-03;7000000;microempresarial
masculino;comercio;joyeria;13 de noviembre;1;6;2019-04-23;8281000;microempresarial
masculino;industria;fabrica de alimentos;13 de noviembre;1;90;2019-04-24;5000000;microempresarial
masculino;comercio;comidas rapidas;13 de noviembre;1;90;2018-07-03;4000000;microempresarial
masculino;comercio;variedades;13 de noviembre;2;90;2017-07-25;7377000;microempresarial
masculino;comercio;fabrica de helados;13 de noviembre;2;90;2018-03-15;250000;microempresarial
masculino;comercio;joyeria;13 de noviembre;3;90;2016-11-02;5500000;microempresarial
masculino;comercio;distribuidora de;13 de noviembre;2;90;2016-06-17;6890000;microempresarial
masculino;agropecuaria;productos de belleza;13 de noviembre;1;90;2018-05-16;800000;microempresarial
masculino;industria;fabrica de;13 de noviembre;2;90;2018-03-15;5000000;microempresarial
femenino;agropecuaria;criadero de animales;la candelaria;2;90;2017-01-19;30000000;empresarial ed.
masculino;agropecuaria;sembrados;la candelaria;2;90;2019-06-26;7500000;agropecuaria
masculino;agropecuaria;sembrados;la candelaria;2;90;2018-05-09;7800000;microempresarial
masculino;industria;sembrados;la candelaria;2;90;2018-05-31;7800000;microempresarial
femenino;agropecuaria;jardineria;la candelaria;2;90;2017-02-22;13000000;agropecuaria
femenino;comercio;variedades;la candelaria;2;90;2018-01-30;5000000;microempresarial
masculino;servicio;cafeteria;la candelaria;1;90;2016-05-18;6000000;microempresarial
femenino;industria;fabrica de;la candelaria;1;90;2016-11-04;700000;microempresarial
femenino;agropecuaria;sembrados;la candelaria;2;90;2016-03-11;6500000;microempresarial
masculino;agropecuaria;sembrados;la candelaria;2;90;2016-12-23;13000000;agropecuaria
masculino;comercio;tienda;la candelaria;2;90;2018-05-18;7800000;microempresarial
masculino;agropecuaria;sembrados;la candelaria;2;90;2016-08-02;6000000;agropecuaria
masculino;servicio;cafeteria;la candelaria;2;90;2016-05-16;6000000;microempresarial
masculino;agropecuaria;sembrados;la candelaria;2;90;2017-07-26;10000000;agropecuaria
masculino;servicio;mantenimiento en;la candelaria;2;90;2018-12-05;7812000;microempresarial
femenino;servicio;peluqueria;la candelaria;2;90;2017-07-27;6000000;microempresarial
femenino;agropecuaria;sembrados;la candelaria;2;90;2017-11-15;14000000;agropecuaria
masculino;servicio;mantenimiento en;la candelaria;2;90;2017-02-01;7300000;microempresarial
masculino;agropecuaria;sembrados;la candelaria;2;90;2017-06-14;14;agropecuaria
masculino;comercio;panaderia;la candelaria;2;90;2018-09-05;7800000;microempresarial
masculino;industria;variedades;la candelaria;2;90;2017-08-28;22000000;microempresarial
femenino;comercio;tienda;la candelaria;2;90;2017-09-06;7377000;microempresarial
femenino;agropecuaria;sembrados;la candelaria;1;90;2017-12-27;2000000;microempresarial
femenino;agropecuaria;sembrados;la candelaria;3;90;2018-02-02;19000000;agropecuaria
masculino;agropecuaria;sembrados;la candelaria;3;90;2017-08-15;3000000;empresarial ed.
femenino;servicio;peluqueria;la candelaria;1;90;2019-05-31;8200000;microempresarial
femenino;agropecuaria;criadero de animales;el socorro;3;90;2017-11-20;14754000;microempresarial
femenino;agropecuaria;sembrados;el socorro;1;90;2017-04-20;7000000;agropecuaria
masculino;agropecuaria;viveros;el socorro;1;90;2016-08-01;6890000;microempresarial
masculino;industria;carpinteria;el socorro;2;90;2018-01-25;2000000;microempresarial
femenino;servicio;hoteles moteles;el socorro;3;90;2017-02-01;7377000;microempresarial
femenino;industria;fabrica de;el socorro;2;60;2018-11-21;3000000;microempresarial
masculino;agropecuaria;sembrados;el socorro;2;90;2018-02-26;3200000;microempresarial
femenino;agropecuaria;sembrados;el socorro;2;90;2016-09-13;13000000;agropecuaria
femenino;comercio;variedades;el socorro;1;90;2017-12-01;30000000;microempresarial
femenino;comercio;tienda;el socorro;3;90;2016-04-18;6890000;microempresarial
masculino;industria;restaurante;el socorro;3;90;2019-05-22;2000000;microempresarial
masculino;servicio;restaurante;el socorro;3;90;2016-03-29;2000000;microempresarial
femenino;comercio;almacen de ropa en;el socorro;1;90;2016-06-27;1000000;microempresarial
masculino;servicio;tienda naturista;el socorro;3;90;2017-04-05;7000000;microempresarial
femenino;agropecuaria;criadero de animales;el socorro;2;90;2017-05-03;10000000;microempresarial
femenino;servicio;peluqueria;el socorro;3;15;2018-03-22;5000000;microempresarial
femenino;industria;fabrica de colchones;el socorro;1;3;2017-03-27;7377000;microempresarial
femenino;servicio;peluqueria;el socorro;1;3;2018-04-27;4000000;microempresarial
femenino;servicio;cafe e internet;el socorro;2;3;2018-05-09;2000000;microempresarial
femenino;comercio;comidas rapidas;el socorro;2;3;2018-03-22;2000000;microempresarial
masculino;servicio;cafeteria;el socorro;2;3;2018-04-27;1500000;microempresarial
femenino;comercio;comidas rapidas;el socorro;2;3;2018-07-18;4000000;microempresarial
femenino;comercio;tienda naturista;el socorro;3;3;2016-07-08;6890000;microempresarial
femenino;servicio;peluqueria;el socorro;3;12;2017-05-26;7370000;microempresarial
femenino;industria;variedades;el socorro;3;12;2018-04-23;7800000;microempresarial
masculino;servicio;restaurante;blanquizal;3;12;2019-01-15;4000000;microempresarial
femenino;servicio;productos de belleza;blanquizal;2;12;2016-09-15;6000000;microempresarial
femenino;comercio;tienda;blanquizal;3;12;2017-04-05;3000000;microempresarial
femenino;comercio;productos de belleza;blanquizal;3;1;2017-05-12;6500000;microempresarial
femenino;servicio;peluqueria;blanquizal;3;12;2017-03-23;7000000;microempresarial
masculino;comercio;variedades;blanquizal;3;12;2017-08-24;22000000;juridica y cap.semilla
femenino;servicio;fotografia;blanquizal;3;12;2018-02-21;7500000;microempresarial
masculino;comercio;publicidad y;blanquizal;3;12;2016-11-08;6800000;microempresarial
femenino;comercio;restaurante;blanquizal;3;12;2017-03-21;7370000;microempresarial
femenino;comercio;cafeteria;blanquizal;3;12;2018-07-10;7800000;microempresarial
femenino;industria;fabrica de;blanquizal;3;12;2018-12-27;7800000;microempresarial
femenino;servicio;papeleria;blanquizal;3;12;2016-11-15;6890000;microempresarial
femenino;comercio;almacen de ropa en;blanquizal;3;12;2018-07-27;7800000;microempresarial
femenino;comercio;almacen de ropa en;blanquizal;3;12;2017-03-13;7370000;microempresarial
masculino;comercio;variedades;blanquizal;3;12;2018-07-06;7800000;microempresarial
femenino;industria;fabrica de;blanquizal;3;12;2018-05-24;4000000;microempresarial
femenino;comercio;fabrica de helados;blanquizal;3;12;2017-06-29;4000000;microempresarial
masculino;industria;fabrica de;blanquizal;1;12;2017-03-14;7377000;microempresarial
femenino;servicio;comidas rapidas;blanquizal;2;12;2017-01-13;6890000;microempresarial
masculino;comercio;distribuidora de;blanquizal;2;12;2018-03-16;7000000;microempresarial
masculino;servicio;fabrica de muebles;blanquizal;3;12;2016-08-26;6890000;microempresarial
masculino;comercio;comidas rapidas;blanquizal;3;12;2017-09-06;5000000;microempresarial
masculino;industria;fabrica de;blanquizal;3;12;2018-04-26;4500000;microempresarial
femenino;industria;fabrica de;blanquizal;3;12;2018-09-20;900000;microempresarial
femenino;servicio;recreativo educativo;blanquizal;3;12;2017-08-04;70000000;microempresarial
masculino;comercio;productos de belleza;belalcazar;3;12;2017-11-08;7200000;microempresarial
femenino;industria;fabrica de;belalcazar;3;12;2018-08-27;7000000;microempresarial
femenino;comercio;restaurante;belalcazar;3;12;2018-04-30;7800000;microempresarial
femenino;industria;fabrica de;belalcazar;3;12;2016-12-30;6890000;microempresarial
masculino;comercio;almacen de ropa en;belalcazar;3;12;2017-10-12;7377170;microempresarial
femenino;comercio;almacen de ropa en;belalcazar;2;7;2018-02-21;2500000;microempresarial
femenino;servicio;tienda naturista;belalcazar;2;7;2018-03-14;5000000;microempresarial
masculino;industria;fabrica de;belalcazar;1;7;2018-04-04;2000000;microempresarial
masculino;servicio;organización y;belalcazar;3;14;2017-06-09;20000000;empresarial ed.
femenino;industria;cafeteria;belalcazar;3;12;2018-02-23;7800000;microempresarial
masculino;industria;fabrica de;belalcazar;1;12;2018-06-15;7800000;microempresarial
masculino;comercio;fabrica de alimentos;belalcazar;2;12;2018-03-15;7800000;microempresarial
femenino;servicio;peluqueria;belalcazar;3;12;2018-06-27;7800000;microempresarial
femenino;comercio;papeleria;belalcazar;3;12;2018-07-30;4000000;microempresarial
femenino;comercio;variedades;belalcazar;3;12;2018-06-20;4500000;microempresarial
femenino;industria;fabrica de;belalcazar;3;12;2019-02-25;7500000;microempresarial
femenino;industria;fotografia;belalcazar;3;12;2018-08-08;7800000;microempresarial
masculino;servicio;recreativo educativo;belalcazar;3;13;2019-04-11;4500000;microempresarial
masculino;industria;fabrica de;belalcazar;2;13;2017-03-06;5000000;microempresarial
femenino;servicio;peluqueria;belalcazar;3;13;2017-10-20;7370000;microempresarial
femenino;servicio;comidas rapidas;belalcazar;2;13;2016-09-13;3500000;microempresarial
masculino;servicio;variedades;belalcazar;3;13;2018-09-10;1000000;microempresarial
femenino;comercio;tienda;belalcazar;1;13;2017-05-22;4000000;microempresarial
femenino;comercio;variedades;belalcazar;2;13;2018-05-28;5000000;microempresarial
masculino;servicio;recreativo educativo;tejelo;2;13;2017-12-12;6000000;microempresarial
femenino;comercio;variedades;tejelo;2;13;2018-08-29;7000000;microempresarial
masculino;industria;fabrica de;tejelo;3;13;2017-10-24;7000000;microempresarial
masculino;comercio;comidas rapidas;tejelo;2;13;2018-02-05;7800000;microempresarial
masculino;comercio;cafeteria;tejelo;2;12;2018-05-04;3500000;microempresarial
femenino;comercio;reciclaje;tejelo;2;12;2017-04-07;7370000;microempresarial
femenino;servicio;peluqueria;tejelo;2;6;2018-02-14;4000000;microempresarial
femenino;industria;fabrica de;tejelo;1;6;2017-01-25;7000000;microempresarial
femenino;comercio;drogueria;tejelo;2;6;2016-05-24;4500000;microempresarial
femenino;industria;fabrica de;tejelo;3;6;2017-02-08;3500000;microempresarial
masculino;comercio;miscelanea;tejelo;2;6;2017-01-10;5000000;microempresarial
femenino;servicio;fabrica de alimentos;tejelo;2;6;2018-02-08;6000000;microempresarial
femenino;servicio;peluqueria;tejelo;2;6;2016-04-18;2800000;microempresarial
masculino;comercio;peluqueria;tejelo;2;6;2017-08-31;7000000;microempresarial
masculino;industria;fabrica de;tejelo;2;6;2017-03-22;5000000;microempresarial
masculino;comercio;billares;tejelo;3;6;2016-04-26;6890000;microempresarial
femenino;comercio;organización y;tejelo;2;6;2016-09-01;3000000;microempresarial
femenino;servicio;peluqueria;tejelo;2;6;2018-08-09;7000000;microempresarial
femenino;comercio;variedades;tejelo;2;6;2017-01-31;6000000;microempresarial
femenino;comercio;fabrica de;tejelo;2;6;2017-01-27;2000000;microempresarial
femenino;industria;fabrica de;tejelo;1;6;2016-05-26;4000000;microempresarial
femenino;comercio;tienda;tejelo;2;6;2017-12-06;7377000;microempresarial
femenino;comercio;variedades;tejelo;2;6;2016-04-25;6000000;microempresarial
femenino;comercio;variedades;tejelo;2;6;2017-02-14;5000000;microempresarial
femenino;comercio;variedades;la america;2;6;2017-08-30;7370000;microempresarial
femenino;comercio;variedades;la america;2;12;2017-10-03;5000000;juridica y cap.semilla
femenino;comercio;tienda;la america;1;6;2018-03-22;7800000;microempresarial
femenino;comercio;variedades;la america;2;6;2016-04-25;3500000;microempresarial
masculino;servicio;organización y;la america;2;6;2018-03-02;3500000;microempresarial
femenino;industria;fabrica de;la america;2;6;2018-05-22;5000000;microempresarial
masculino;servicio;taller de mecanica;la america;2;6;2018-01-17;7000000;microempresarial
masculino;industria;fabrica de productos;la america;2;6;2017-08-18;7377000;microempresarial
femenino;comercio;variedades;la america;2;6;2018-06-21;6000000;microempresarial
femenino;servicio;almacen de ropa en;la america;2;6;2019-05-13;6000000;microempresarial
femenino;servicio;fabrica de;la america;2;6;2017-02-06;3600000;microempresarial
femenino;industria;fabrica de;la america;2;6;2017-07-04;7300000;microempresarial
masculino;comercio;fabrica de alimentos;la america;3;6;2018-05-16;7800000;microempresarial
masculino;industria;fabrica de calzado;la america;2;6;2017-05-23;7000000;microempresarial
femenino;servicio;peluqueria;la america;2;6;2017-08-17;7000000;microempresarial
masculino;servicio;comidas rapidas;la america;2;6;2016-09-15;1000000;microempresarial
femenino;comercio;variedades;la america;2;6;2016-02-29;6000000;microempresarial
femenino;comercio;legumbreria;la america;2;6;2018-10-22;7800000;microempresarial
femenino;servicio;peluqueria;la america;2;6;2017-07-27;7000000;microempresarial
masculino;industria;fabrica de;la america;2;6;2017-08-02;3000000;microempresarial
femenino;comercio;almacen de ropa en;la america;2;6;2018-02-28;3000000;microempresarial
femenino;servicio;fabrica de;la america;2;6;2016-07-27;6890000;microempresarial
femenino;comercio;tienda de helados;la america;2;6;2017-06-27;7377000;microempresarial
femenino;industria;miscelanea;la america;1;6;2018-06-22;2000000;microempresarial
femenino;comercio;variedades;palmitas;2;6;2017-11-14;7370000;microempresarial
femenino;industria;fabrica de;palmitas;2;6;2018-06-27;3500000;microempresarial
masculino;industria;fabrica de;palmitas;2;6;2017-08-17;7370000;microempresarial
femenino;comercio;almacen de ropa en;palmitas;2;6;2016-08-17;4000000;microempresarial
masculino;industria;fabrica de;palmitas;2;6;2018-07-09;4000000;microempresarial
masculino;comercio;almacen de ropa en;palmitas;2;6;2017-09-13;7000000;microempresarial
femenino;comercio;miscelanea;palmitas;2;6;2016-08-09;6800000;microempresarial
femenino;comercio;comidas rapidas;palmitas;2;6;2018-10-03;7800000;microempresarial
femenino;comercio;variedades;palmitas;2;6;2018-10-22;7812000;microempresarial
femenino;industria;fabrica de;palmitas;2;6;2017-07-17;3000000;microempresarial
femenino;servicio;servicios;palmitas;2;6;2017-06-22;30000000;empresarial ed.
masculino;comercio;miscelanea;palmitas;2;6;2018-01-12;7800000;microempresarial
femenino;comercio;comidas rapidas;palmitas;1;6;2019-04-30;4000000;microempresarial
femenino;comercio;tienda;palmitas;2;6;2018-01-23;7800000;juridica y cap.semilla
femenino;industria;fabrica de;palmitas;2;6;2017-03-14;7300000;microempresarial
masculino;industria;fabrica de;palmitas;2;6;2018-07-18;5000000;microempresarial
femenino;servicio;comidas rapidas;palmitas;2;6;2019-02-13;6000000;microempresarial
femenino;comercio;comidas rapidas;palmitas;2;6;2018-10-30;7800000;microempresarial
masculino;comercio;taller de mecanica;palmitas;2;6;2018-01-24;7800000;microempresarial
femenino;comercio;tienda;palmitas;2;6;2018-11-09;7800000;microempresarial
masculino;comercio;taller de mecanica;palmitas;2;6;2018-05-03;3500000;microempresarial
femenino;comercio;comidas rapidas;palmitas;2;6;2017-06-06;3500000;microempresarial
femenino;comercio;comidas rapidas;palmitas;2;6;2018-07-27;1200000;microempresarial
masculino;comercio;fabrica de muebles;palmitas;2;6;2017-05-12;5000000;microempresarial
femenino;comercio;variedades;san jose de la cima no.;2;6;2018-05-22;7000000;microempresarial
masculino;servicio;taller de mecanica;san jose de la cima no.;1;1;2017-03-14;7370000;microempresarial
masculino;comercio;variedades;san jose de la cima no.;2;1;2017-07-14;7000000;microempresarial
femenino;comercio;cafe e internet;san jose de la cima no.;2;1;2018-02-15;3000000;microempresarial
masculino;comercio;distribuidora de;san jose de la cima no.;2;1;2017-07-19;7000000;microempresarial
femenino;servicio;barberia;san jose de la cima no.;1;1;2019-03-18;6000000;microempresarial
femenino;comercio;variedades;san jose de la cima no.;1;1;2017-08-02;7000000;microempresarial
femenino;comercio;cafeteria;san jose de la cima no.;1;1;2018-04-26;4500000;microempresarial
femenino;comercio;cafeteria;san jose de la cima no.;2;1;2017-09-05;7300000;microempresarial
femenino;comercio;tienda;san jose de la cima no.;1;1;2018-11-07;6000000;microempresarial
masculino;comercio;variedades;san jose de la cima no.;1;1;2018-04-04;1500000;microempresarial
femenino;industria;fabrica de calzado;san jose de la cima no.;1;1;2016-04-07;5000000;microempresarial
femenino;comercio;drogueria;san jose de la cima no.;1;1;2019-03-06;8000000;microempresarial
masculino;comercio;drogueria;san jose de la cima no.;1;1;2016-07-07;6000000;microempresarial
masculino;comercio;tienda;san jose de la cima no.;1;1;2018-09-14;5500000;microempresarial
femenino;servicio;variedades;san jose de la cima no.;2;1;2016-08-25;6890000;microempresarial
femenino;comercio;miscelanea;san jose de la cima no.;2;1;2017-08-24;6000000;microempresarial
femenino;industria;fabrica de;san jose de la cima no.;1;1;2018-11-20;6000000;microempresarial
femenino;servicio;comidas rapidas;san jose de la cima no.;2;1;2016-02-18;6440500;microempresarial
femenino;industria;fabrica de;san jose de la cima no.;1;1;2016-11-01;4000000;microempresarial
masculino;comercio;legumbreria;san jose de la cima no.;1;1;2018-05-16;780000;microempresarial
masculino;comercio;fabrica de;san jose de la cima no.;1;1;2018-01-26;7300000;microempresarial
masculino;comercio;granero;san jose de la cima no.;1;1;2017-06-21;7370000;microempresarial
femenino;comercio;variedades;cordoba;2;1;2018-04-27;1200000;microempresarial
femenino;comercio;cafeteria;cordoba;2;1;2018-02-06;7800000;microempresarial
femenino;industria;fabrica de;cordoba;2;1;2017-09-18;4000000;microempresarial
masculino;comercio;almacen de ropa en;cordoba;2;1;2016-10-18;6500000;microempresarial
femenino;industria;fabrica de;cordoba;2;1;2017-09-18;7300000;microempresarial
femenino;servicio;restaurante;cordoba;2;1;2016-02-29;6890000;microempresarial
femenino;industria;fabrica de;cordoba;1;1;2017-01-10;7000000;microempresarial
masculino;servicio;taller de mecanica;cordoba;2;1;2018-07-10;2500000;microempresarial
masculino;comercio;tienda;cordoba;2;1;2018-06-05;7800000;microempresarial
masculino;comercio;variedades;cordoba;2;1;2017-08-31;6000000;microempresarial
femenino;servicio;peluqueria;cordoba;2;1;2017-11-21;7300000;microempresarial
femenino;servicio;comidas rapidas;cordoba;1;1;2017-08-25;7300000;microempresarial
masculino;servicio;barberia;cordoba;1;1;2018-05-16;3000000;microempresarial
masculino;industria;fabrica de muebles;cordoba;2;1;2018-05-16;4000000;microempresarial
femenino;comercio;organización y;cordoba;1;1;2019-05-03;8000000;microempresarial
masculino;comercio;variedades;cordoba;1;1;2018-04-12;3000000;microempresarial
masculino;servicio;variedades;cordoba;1;1;2018-02-28;7000000;microempresarial
femenino;comercio;tienda;cordoba;1;1;2019-03-15;3000000;microempresarial
masculino;comercio;comidas rapidas;cordoba;1;1;2018-11-08;4000000;microempresarial
masculino;servicio;comidas rapidas;cordoba;1;1;2017-11-10;5000000;microempresarial
masculino;comercio;fabrica de;cordoba;1;1;2018-07-13;7800000;microempresarial
femenino;comercio;comidas rapidas;tricentenario;2;1;2018-10-26;7800000;microempresarial
femenino;comercio;variedades;tricentenario;1;1;2017-11-15;7300000;microempresarial
femenino;comercio;legumbreria;tricentenario;1;1;2017-07-21;7000000;microempresarial
masculino;comercio;variedades;tricentenario;1;1;2018-08-14;7800000;microempresarial
masculino;industria;fabrica de arepas;tricentenario;1;1;2017-01-20;6890000;microempresarial
femenino;servicio;peluqueria;tricentenario;1;1;2017-03-07;6000000;microempresarial
femenino;industria;fabrica de;tricentenario;1;1;2018-02-20;7800000;microempresarial
femenino;industria;marqueteria;tricentenario;1;1;2017-10-06;7377000;microempresarial
femenino;industria;fabrica de;tricentenario;1;1;2016-11-23;1800000;microempresarial
femenino;industria;fabrica de;tricentenario;1;1;2017-06-06;5000000;microempresarial
masculino;servicio;tienda;tricentenario;1;1;2018-10-25;3000000;microempresarial
masculino;comercio;variedades;tricentenario;1;1;2018-12-27;7800000;microempresarial
femenino;comercio;variedades;tricentenario;1;1;2018-05-23;4000000;microempresarial
masculino;comercio;almacen de ropa en;tricentenario;1;1;2017-11-30;4000000;microempresarial
femenino;servicio;variedades;tricentenario;2;1;2016-10-05;6800000;microempresarial
femenino;industria;fabrica de;tricentenario;2;1;2017-05-08;7000000;microempresarial
femenino;comercio;peluqueria;tricentenario;2;1;2018-12-05;5000000;microempresarial
femenino;comercio;variedades;tricentenario;1;1;2018-05-29;7800000;microempresarial
femenino;comercio;fabrica de helados;tricentenario;2;1;2017-03-07;7377000;microempresarial
femenino;comercio;variedades;tricentenario;1;1;2017-09-06;7377000;microempresarial
femenino;comercio;variedades;tricentenario;2;1;2018-06-14;6000000;microempresarial
femenino;comercio;tienda;san javier no.2;1;1;2017-06-30;5000000;microempresarial
femenino;comercio;variedades;san javier no.2;1;1;2016-10-05;6850000;microempresarial
femenino;servicio;cafe e internet;san javier no.2;2;1;2017-11-14;3000000;microempresarial
masculino;comercio;venta de calzado;san javier no.2;1;1;2018-05-29;7800000;microempresarial
masculino;comercio;deposito de;san javier no.2;1;1;2018-02-13;6000000;microempresarial
masculino;comercio;papeleria;san javier no.2;1;1;2018-06-07;5700000;microempresarial
femenino;comercio;drogueria;san javier no.2;1;1;2017-01-19;6890000;microempresarial
femenino;comercio;variedades;san javier no.2;2;1;2018-02-13;6000000;microempresarial
masculino;servicio;restaurante;san javier no.2;2;1;2018-07-16;5000000;microempresarial
femenino;comercio;tienda;san javier no.2;2;1;2018-01-03;5000000;microempresarial
femenino;comercio;mantenimiento en;san javier no.2;1;1;2017-10-17;5000000;microempresarial
masculino;comercio;productos de belleza;san javier no.2;1;1;2018-09-14;2000000;microempresarial
masculino;comercio;cafe e internet;san javier no.2;1;1;2016-08-08;6800000;microempresarial
masculino;comercio;mantenimiento en;san javier no.2;2;1;2017-01-25;5000000;microempresarial
femenino;comercio;variedades;san javier no.2;2;1;2017-10-05;5000000;microempresarial
masculino;comercio;tienda;san javier no.2;2;1;2017-07-07;7000000;microempresarial
femenino;comercio;tienda;san javier no.2;1;1;2018-09-03;1200000;microempresarial
femenino;comercio;comidas rapidas;san javier no.2;2;1;2018-05-23;2000000;microempresarial
femenino;comercio;tienda naturista;san javier no.2;2;1;2017-09-05;7000000;microempresarial
masculino;industria;variedades;san javier no.2;1;1;2018-05-02;4000000;microempresarial
femenino;comercio;almacen de ropa en;san javier no.2;1;1;2019-04-26;5000000;microempresarial
femenino;industria;fabrica de;la libertad;1;1;2018-07-10;4200000;microempresarial
masculino;comercio;tienda;la libertad;1;1;2016-08-08;6890000;microempresarial
femenino;industria;fabrica de;la libertad;2;1;2018-10-03;7800000;microempresarial
masculino;servicio;comidas rapidas;la libertad;1;1;2016-05-03;1000000;microempresarial
femenino;servicio;carniceria;la libertad;1;1;2016-11-24;6890000;microempresarial
femenino;comercio;variedades;la libertad;1;1;2016-12-26;6000000;microempresarial
masculino;comercio;restaurante;la libertad;1;1;2019-06-10;4000000;credioportuno
femenino;comercio;tienda;la libertad;2;1;2017-11-15;7300000;microempresarial
masculino;comercio;fabrica de;la libertad;1;1;2018-02-16;7800000;microempresarial
femenino;servicio;variedades;la libertad;1;1;2017-09-18;7300000;microempresarial
femenino;industria;fabrica de;la libertad;1;1;2018-04-19;3500000;microempresarial
masculino;industria;fabrica de;la libertad;1;1;2018-11-16;7000000;microempresarial
masculino;comercio;tienda;la libertad;1;1;2018-12-05;6000000;microempresarial
masculino;industria;fabrica de;la libertad;1;1;2018-05-29;7800000;microempresarial
femenino;servicio;cafe e internet;la libertad;2;1;2018-07-05;7800000;microempresarial
femenino;comercio;cafe e internet;la libertad;2;1;2018-02-07;6000000;microempresarial
femenino;comercio;variedades;la libertad;1;1;2016-11-23;1200000;microempresarial
femenino;comercio;fabrica de;la libertad;1;1;2018-10-26;7800000;microempresarial
femenino;servicio;organización y;la libertad;1;1;2018-05-31;5000000;microempresarial
femenino;industria;fabrica de;la libertad;2;1;2018-07-03;800000;microempresarial
femenino;comercio;variedades;la esperanza;1;1;2018-02-09;6000000;microempresarial
femenino;comercio;tienda;la esperanza;2;1;2018-06-14;5000000;microempresarial
femenino;comercio;tienda naturista;la esperanza;1;1;2018-11-06;7000000;microempresarial
femenino;servicio;alquiler de peliculas;la esperanza;1;1;2016-07-25;4000000;microempresarial
femenino;comercio;tienda;la esperanza;1;1;2018-06-05;4000000;microempresarial
masculino;comercio;tienda;la esperanza;1;1;2018-03-07;7800000;microempresarial
femenino;servicio;almacen de ropa en;la esperanza;2;1;2018-02-01;7800000;microempresarial
femenino;comercio;tienda de helados;la esperanza;1;1;2017-10-12;5000000;microempresarial
femenino;industria;criadero de animales;la esperanza;1;1;2017-10-20;3000000;microempresarial
femenino;servicio;cafe e internet;la esperanza;2;1;2017-09-06;7300000;microempresarial
femenino;comercio;tienda;la esperanza;1;1;2018-05-28;7000000;microempresarial
femenino;comercio;comidas rapidas;la esperanza;2;1;2018-08-16;5000000;microempresarial
femenino;industria;fabrica de;la esperanza;1;1;2016-09-26;5000000;microempresarial
femenino;servicio;comidas rapidas;la esperanza;2;1;2017-04-18;4000000;microempresarial
femenino;servicio;comidas rapidas;la esperanza;2;1;2017-05-12;6000000;microempresarial
femenino;comercio;distribuidora de;la esperanza;1;1;2018-07-05;7800000;microempresarial
femenino;comercio;variedades;la esperanza;2;1;2017-06-28;3000000;microempresarial
masculino;industria;comidas rapidas;la esperanza;1;1;2017-06-12;7377000;microempresarial
femenino;servicio;taller de mecanica;la esperanza;1;1;2017-10-12;7000000;microempresarial
masculino;industria;fabrica de alimentos;la esperanza;1;1;2017-07-28;7300000;microempresarial
femenino;industria;reciclaje;campo valdes no. 2;1;1;2018-03-14;7800000;microempresarial
femenino;comercio;variedades;campo valdes no. 2;1;1;2018-02-12;1500000;microempresarial
masculino;servicio;barberia;campo valdes no. 2;1;1;2019-04-08;8200000;microempresarial
masculino;comercio;drogueria;campo valdes no. 2;1;1;2018-08-22;7300000;microempresarial
femenino;comercio;legumbreria;campo valdes no. 2;1;1;2018-05-29;4000000;microempresarial
femenino;industria;fabrica de calzado;campo valdes no. 2;1;16;2018-10-25;5000000;microempresarial
femenino;comercio;variedades;campo valdes no. 2;2;1;2017-03-17;7370000;microempresarial
femenino;comercio;tienda;campo valdes no. 2;1;1;2017-02-23;7300000;microempresarial
masculino;servicio;mantenimiento en;campo valdes no. 2;2;1;2018-04-12;7000000;microempresarial
femenino;industria;carpinteria;campo valdes no. 2;2;1;2017-02-22;4000000;microempresarial
femenino;comercio;tienda;campo valdes no. 2;2;1;2016-10-25;6800000;microempresarial
femenino;industria;fabrica de;campo valdes no. 2;1;1;2017-08-31;7300000;microempresarial
masculino;comercio;tienda;campo valdes no. 2;1;1;2018-10-11;7000000;microempresarial
femenino;comercio;carniceria;campo valdes no. 2;1;1;2016-05-27;6890000;microempresarial
femenino;comercio;variedades;campo valdes no. 2;1;1;2017-03-31;5000000;microempresarial
masculino;comercio;distribuidora de;campo valdes no. 2;1;1;2016-03-31;3000000;microempresarial
femenino;comercio;almacen de ropa en;campo valdes no. 2;2;1;2018-03-14;7000000;microempresarial
masculino;comercio;tienda;campo valdes no. 2;2;1;2017-03-27;7000000;microempresarial
femenino;industria;fabrica de;campo valdes no. 2;2;1;2018-08-27;7000000;microempresarial
femenino;comercio;comidas rapidas;campo valdes no. 2;1;1;2016-09-23;4100000;microempresarial
femenino;industria;fabrica de;la loma;1;1;2018-07-06;3500000;microempresarial
masculino;servicio;fotografia;la loma;2;1;2017-05-18;7377000;microempresarial
femenino;servicio;peluqueria;la loma;2;1;2017-06-02;7000000;microempresarial
masculino;comercio;variedades;la loma;2;1;2018-04-10;6000000;microempresarial
femenino;comercio;comidas rapidas;la loma;1;1;2018-06-05;7000000;microempresarial
femenino;comercio;tienda;la loma;1;1;2016-04-11;4000000;microempresarial
femenino;comercio;almacen de ropa en;la loma;1;1;2017-04-06;2000000;microempresarial
femenino;industria;fabrica de;la loma;1;1;2017-06-12;7377000;microempresarial
femenino;comercio;cafeteria;la loma;2;1;2016-07-13;4000000;microempresarial
femenino;comercio;comidas rapidas;la loma;1;1;2018-03-14;1000000;microempresarial
masculino;comercio;comidas rapidas;la loma;1;1;2018-04-26;3000000;microempresarial
femenino;servicio;peluqueria;la loma;2;1;2018-11-07;4000000;microempresarial
femenino;industria;fabrica de;la loma;1;1;2016-08-19;3000000;microempresarial
femenino;industria;fabrica de;la loma;2;1;2017-12-28;4000000;microempresarial
femenino;comercio;tienda;la loma;1;1;2018-12-04;3000000;microempresarial
femenino;servicio;peluqueria;la loma;2;1;2017-02-07;7300000;microempresarial
masculino;comercio;legumbreria;la loma;1;1;2017-06-13;2000000;microempresarial
femenino;comercio;variedades;la loma;1;1;2018-05-23;6500000;microempresarial
masculino;comercio;restaurante;la loma;1;1;2018-11-14;7800000;microempresarial
masculino;industria;fabrica de;la loma;2;1;2016-03-10;6890000;microempresarial
femenino;industria;fabrica de;miranda;1;1;2018-04-26;7800000;microempresarial
femenino;industria;fabrica de;miranda;1;1;2016-03-07;4000000;microempresarial
masculino;comercio;variedades;miranda;1;1;2017-11-02;7300000;microempresarial
masculino;comercio;criadero de animales;miranda;1;1;2018-04-26;4000000;microempresarial
masculino;servicio;variedades;miranda;2;1;2016-12-13;5200000;microempresarial
masculino;comercio;fabrica de muebles;miranda;1;1;2016-08-29;4000000;microempresarial
femenino;servicio;peluqueria;miranda;1;1;2018-10-03;3000000;microempresarial
masculino;servicio;tienda;miranda;1;1;2018-03-22;3000000;microempresarial
femenino;comercio;comidas rapidas;miranda;1;1;2017-02-17;7377000;microempresarial
femenino;comercio;variedades;miranda;1;1;2017-06-12;4000000;microempresarial
femenino;comercio;variedades;miranda;1;1;2018-06-22;7800000;microempresarial
masculino;comercio;carniceria;miranda;2;1;2018-05-11;5000000;microempresarial
femenino;comercio;almacen de ropa en;miranda;1;1;2016-07-11;6000000;microempresarial
femenino;comercio;fabrica de;miranda;1;1;2018-10-26;4500000;microempresarial
femenino;industria;fabrica de;miranda;2;1;2018-06-12;5000000;microempresarial
femenino;comercio;variedades;miranda;1;1;2018-04-16;3000000;microempresarial
masculino;industria;fabrica de;miranda;1;1;2017-11-02;7000000;microempresarial
masculino;comercio;tienda;la sierra;1;3;2018-11-09;7600000;microempresarial
femenino;comercio;tienda;la sierra;1;1;2018-09-14;7800000;microempresarial
femenino;comercio;variedades;la sierra;1;1;2018-06-05;5000000;microempresarial
femenino;comercio;organización y;la sierra;2;1;2018-05-02;7800000;microempresarial
femenino;comercio;tienda;la sierra;1;1;2017-10-04;7377000;microempresarial
femenino;comercio;fabrica de alimentos;la sierra;2;1;2019-04-24;8000000;microempresarial
masculino;industria;taller de mecanica;la sierra;2;1;2017-07-13;1200000;microempresarial
masculino;comercio;reciclaje;la sierra;1;1;2018-11-28;7800000;microempresarial
femenino;comercio;ferreteria;la sierra;2;1;2016-03-30;5000000;microempresarial
femenino;comercio;comidas rapidas;la sierra;2;1;2018-02-01;2000000;microempresarial
femenino;servicio;comidas rapidas;la sierra;1;1;2016-07-07;5000000;microempresarial
masculino;comercio;comidas rapidas;la sierra;2;1;2018-06-27;7000000;microempresarial
femenino;servicio;peluqueria;la sierra;2;1;2018-07-11;5000000;microempresarial
femenino;comercio;papeleria;la sierra;1;1;2018-04-26;7800000;microempresarial
femenino;comercio;variedades;la sierra;1;1;2016-12-07;5000000;microempresarial
femenino;servicio;cafe e internet;la sierra;1;1;2017-10-19;4000000;microempresarial
femenino;comercio;tienda de helados;la sierra;2;1;2016-07-31;3000000;microempresarial
femenino;comercio;miscelanea;sucre;2;1;2018-06-22;17000000;microempresarial
masculino;comercio;variedades;sucre;2;1;2017-07-14;7377000;microempresarial
femenino;comercio;tienda;sucre;2;1;2018-05-28;2800000;microempresarial
femenino;comercio;peluqueria;sucre;1;1;2018-09-03;7800000;microempresarial
femenino;servicio;cafe e internet;sucre;1;1;2018-02-06;7800000;microempresarial
femenino;industria;fabrica de;sucre;2;1;2016-06-15;6890000;microempresarial
femenino;industria;fabrica de;sucre;1;1;2017-02-14;2500000;microempresarial
femenino;comercio;almacen de ropa en;sucre;2;1;2018-03-08;3000000;microempresarial
femenino;industria;fabrica de;sucre;1;1;2016-02-15;1500000;microempresarial
femenino;comercio;tienda;sucre;1;1;2017-09-08;7370000;microempresarial
masculino;comercio;comidas rapidas;sucre;1;1;2018-10-31;1000000;microempresarial
masculino;comercio;taller de mecanica;sucre;1;1;2019-06-20;4000000;microempresarial
masculino;industria;fabrica de;sucre;1;1;2017-05-12;7377000;microempresarial
masculino;industria;panaderia;sucre;1;1;2017-06-27;7000000;microempresarial
femenino;agropecuaria;criadero de animales;sucre;1;1;2017-06-28;6000000;microempresarial
masculino;servicio;mantenimiento en;sucre;1;1;2018-09-20;7800000;microempresarial
femenino;industria;fabrica de;sucre;2;1;2016-03-08;4000000;microempresarial
femenino;comercio;variedades;la avanzada;2;1;2017-11-09;7300000;microempresarial
femenino;comercio;taller de electronica;la avanzada;1;1;2018-07-13;3000000;microempresarial
femenino;comercio;licorera;la avanzada;2;1;2016-11-22;3000000;microempresarial
femenino;servicio;fabrica de juegos;la avanzada;1;1;2017-06-20;4500000;microempresarial
masculino;industria;fabrica de;la avanzada;2;1;2017-11-16;4000000;microempresarial
femenino;comercio;variedades;la avanzada;2;1;2018-07-13;3000000;microempresarial
femenino;comercio;almacen de ropa en;la avanzada;1;1;2017-08-31;6000000;microempresarial
masculino;servicio;cafe e internet;la avanzada;3;1;2017-09-27;7370000;microempresarial
femenino;comercio;tienda;la avanzada;1;1;2019-01-15;8000000;microempresarial
masculino;comercio;fabrica de;la avanzada;1;1;2019-06-05;4000000;microempresarial
femenino;comercio;panaderia;la avanzada;1;1;2018-05-16;7800000;microempresarial
masculino;comercio;fabrica de calzado;la avanzada;2;1;2017-06-22;3100000;microempresarial
masculino;comercio;tienda;la avanzada;1;1;2018-03-05;7500000;microempresarial
femenino;comercio;tienda;la avanzada;1;1;2017-04-17;2000000;microempresarial
masculino;servicio;organización y;la avanzada;1;1;2018-02-16;7000000;microempresarial
femenino;industria;fabrica de;la avanzada;1;1;2018-09-20;4000000;microempresarial
femenino;comercio;variedades;bombona no. 1;2;1;2018-01-23;4000000;microempresarial
masculino;comercio;bares;bombona no. 1;1;1;2016-12-16;3000000;microempresarial
femenino;comercio;comidas rapidas;bombona no. 1;1;1;2017-12-11;1300000;microempresarial
femenino;comercio;variedades;bombona no. 1;1;1;2017-10-23;4000000;microempresarial
femenino;comercio;comidas rapidas;bombona no. 1;1;1;2018-02-07;7800000;microempresarial
femenino;industria;fabrica de calzado;bombona no. 1;1;1;2017-05-19;7300000;microempresarial
femenino;comercio;variedades;bombona no. 1;1;1;2018-12-11;6000000;microempresarial
femenino;servicio;peluqueria;bombona no. 1;2;1;2016-06-29;5000000;microempresarial
femenino;comercio;comidas rapidas;bombona no. 1;1;1;2017-08-31;2200000;microempresarial
masculino;comercio;legumbreria;bombona no. 1;1;1;2016-04-15;4000000;microempresarial
femenino;servicio;comidas rapidas;bombona no. 1;1;1;2016-04-26;6890000;microempresarial
femenino;comercio;variedades;bombona no. 1;2;1;2018-05-02;7800000;microempresarial
masculino;servicio;mantenimiento en;bombona no. 1;1;1;2018-05-23;6500000;microempresarial
femenino;comercio;variedades;bombona no. 1;1;1;2018-03-08;7800000;microempresarial
femenino;servicio;peluqueria;el chagualo;1;1;2018-05-10;4500000;microempresarial
femenino;comercio;fabrica de;el chagualo;1;1;2016-05-27;6890000;microempresarial
femenino;comercio;variedades;el chagualo;1;1;2018-09-14;7800000;microempresarial
femenino;comercio;tienda;el chagualo;1;1;2017-04-21;5000000;microempresarial
masculino;comercio;granero;el chagualo;3;1;2018-11-20;7800000;microempresarial
masculino;comercio;variedades;el chagualo;2;1;2017-07-12;7000000;microempresarial
femenino;comercio;criadero de animales;el chagualo;2;1;2018-06-14;1000000;microempresarial
masculino;comercio;variedades;el chagualo;1;1;2018-05-16;7800000;microempresarial
femenino;industria;cafeteria;el chagualo;1;1;2018-06-22;1000000;microempresarial
femenino;comercio;almacen de ropa en;el chagualo;3;4;2018-04-27;7500000;microempresarial
femenino;comercio;comidas rapidas;el chagualo;3;4;2018-07-11;3000000;microempresarial
femenino;comercio;almacen de ropa en;el chagualo;3;4;2018-12-05;7800000;microempresarial
femenino;comercio;variedades;el chagualo;3;4;2018-07-04;7800000;microempresarial
femenino;servicio;peluqueria;el chagualo;3;4;2019-04-26;7800000;microempresarial
femenino;comercio;tienda;cristo rey;2;4;2017-11-30;6000000;microempresarial
masculino;industria;fabrica de;cristo rey;3;4;2017-10-06;7377000;microempresarial
femenino;comercio;comidas rapidas;cristo rey;3;4;2017-09-22;1000000;microempresarial
masculino;industria;ebanistaria;cristo rey;2;60;2018-10-08;7800000;microempresarial
masculino;servicio;distribuidora de;cristo rey;2;70;2018-03-21;7800000;microempresarial
femenino;comercio;variedades;cristo rey;1;70;2019-06-19;6000000;microempresarial
femenino;servicio;tienda;cristo rey;2;90;2017-07-26;7370000;microempresarial
masculino;agropecuaria;sembrados;cristo rey;2;90;2019-02-14;17000000;agropecuaria
masculino;comercio;tienda;cristo rey;3;8;2018-04-16;3000000;microempresarial
femenino;industria;fabrica de;cristo rey;3;8;2016-08-05;3000000;microempresarial
masculino;comercio;productos de belleza;cristo rey;3;8;2019-05-17;6700000;microempresarial
masculino;servicio;barberia;cristo rey;2;8;2017-02-01;7000000;microempresarial
masculino;servicio;peluqueria;cristo rey;3;8;2017-12-29;5000000;microempresarial
femenino;servicio;tienda;cristo rey;1;8;2016-07-27;6000000;microempresarial
masculino;comercio;legumbreria;nuevos conquistadores;3;8;2017-01-17;7000000;microempresarial
femenino;industria;variedades;nuevos conquistadores;2;8;2017-03-17;2000000;microempresarial
femenino;industria;fabrica de;nuevos conquistadores;2;8;2017-11-16;7000000;microempresarial
masculino;industria;fabrica de;nuevos conquistadores;3;8;2016-10-25;6500000;microempresarial
femenino;industria;fabrica de;nuevos conquistadores;3;8;2018-07-12;5000000;microempresarial
masculino;comercio;comidas rapidas;nuevos conquistadores;2;8;2018-04-27;2000000;microempresarial
femenino;comercio;restaurante;nuevos conquistadores;1;8;2017-10-13;3000000;microempresarial
femenino;comercio;peluqueria;nuevos conquistadores;2;8;2016-10-14;6000000;microempresarial
masculino;industria;fabrica de;nuevos conquistadores;2;8;2016-04-05;6800000;microempresarial
femenino;comercio;panaderia;nuevos conquistadores;3;8;2018-02-01;7370000;microempresarial
femenino;servicio;tienda;nuevos conquistadores;1;8;2018-05-29;6000000;microempresarial
femenino;industria;fabrica de;nuevos conquistadores;3;5;2017-07-07;4000000;microempresarial
femenino;servicio;mantenimiento en;nuevos conquistadores;3;5;2017-10-25;7000000;microempresarial
masculino;servicio;barberia;nuevos conquistadores;3;5;2016-10-05;5000000;microempresarial
femenino;comercio;miscelanea;versalles no. 1;3;5;2018-07-10;7800000;microempresarial
femenino;comercio;variedades;versalles no. 1;3;5;2018-06-22;2500000;microempresarial
masculino;industria;fabrica de productos;versalles no. 1;3;5;2017-06-14;7300000;microempresarial
femenino;comercio;almacen de ropa en;versalles no. 1;3;5;2017-11-10;7000000;microempresarial
masculino;comercio;tienda;versalles no. 1;3;5;2018-09-12;5000000;microempresarial
femenino;comercio;variedades;versalles no. 1;3;5;2016-07-26;6890000;microempresarial
femenino;servicio;restaurante;versalles no. 1;3;5;2016-11-28;6890000;microempresarial
femenino;comercio;panaderia;versalles no. 1;3;5;2018-02-20;7800000;microempresarial
femenino;comercio;variedades;versalles no. 1;3;5;2018-03-06;7000000;microempresarial
femenino;industria;fabrica de;versalles no. 1;3;5;2017-10-25;6000000;microempresarial
femenino;comercio;cafeteria;versalles no. 1;3;5;2017-07-28;7300000;microempresarial
femenino;comercio;variedades;versalles no. 1;3;5;2017-12-13;7300000;microempresarial
masculino;servicio;mantenimiento en;versalles no. 1;3;2;2018-12-17;6750000;microempresarial
femenino;industria;fabrica de;el compromiso;3;5;2019-05-27;4500000;microempresarial
femenino;comercio;charcuteria;el compromiso;3;5;2018-05-02;7800000;microempresarial
femenino;comercio;variedades;el compromiso;3;5;2017-03-08;7000000;microempresarial
femenino;servicio;mantenimiento en;el compromiso;3;5;2017-04-03;7377000;microempresarial
femenino;servicio;peluqueria;el compromiso;3;5;2018-01-03;7000000;microempresarial
masculino;servicio;peluqueria;el compromiso;3;5;2017-04-26;7300000;microempresarial
femenino;industria;fabrica de;el compromiso;3;5;2017-04-24;5000000;microempresarial
femenino;industria;fabrica de;el compromiso;3;5;2018-05-04;1200000;microempresarial
masculino;comercio;comidas rapidas;el compromiso;2;5;2017-04-25;7000000;microempresarial
masculino;comercio;tienda;el compromiso;2;5;2017-09-22;7000000;microempresarial
femenino;comercio;variedades;el compromiso;2;5;2018-10-30;4500000;microempresarial
femenino;comercio;variedades;el compromiso;3;5;2017-10-24;1000000;microempresarial
masculino;servicio;tienda;el compromiso;3;5;2017-02-21;7377000;microempresarial
masculino;comercio;almacen de ropa en;san german;1;5;2018-02-16;7800000;microempresarial
masculino;servicio;publicidad y;san german;3;5;2017-06-08;7377000;microempresarial
femenino;comercio;cafeteria;san german;3;5;2018-02-28;3000000;microempresarial
masculino;comercio;fabrica de arepas;san german;2;5;2017-12-14;7000000;microempresarial
masculino;servicio;taller de mecanica;san german;3;5;2016-10-26;6890000;microempresarial
femenino;comercio;almacen de ropa en;san german;2;5;2019-06-06;8000000;microempresarial
masculino;comercio;tienda;san german;2;5;2017-07-25;7300000;microempresarial
femenino;comercio;comidas rapidas;san german;3;5;2018-01-24;2000000;microempresarial
femenino;comercio;variedades;san german;2;5;2018-07-13;7500000;microempresarial
femenino;comercio;tienda;san german;3;5;2018-03-13;6000000;microempresarial
femenino;comercio;variedades;san german;2;5;2017-04-17;7377000;microempresarial
femenino;comercio;almacen de ropa en;san german;3;5;2017-07-10;7377000;microempresarial
femenino;comercio;variedades;antonio nariño;3;5;2018-09-27;2000000;microempresarial
femenino;comercio;miscelanea;antonio nariño;2;5;2016-10-24;6000000;microempresarial
masculino;industria;fabrica de;antonio nariño;3;5;2018-07-25;7800000;microempresarial
femenino;servicio;mantenimiento en;antonio nariño;3;5;2018-07-05;2000000;microempresarial
femenino;servicio;peluqueria;antonio nariño;3;5;2018-01-26;7800000;microempresarial
femenino;servicio;peluqueria;antonio nariño;2;5;2017-08-30;4000000;microempresarial
femenino;industria;fabrica de;antonio nariño;2;5;2016-06-03;6800000;microempresarial
femenino;comercio;charcuteria;antonio nariño;2;5;2016-10-06;6890000;microempresarial
femenino;comercio;variedades;antonio nariño;3;5;2016-06-14;2000000;microempresarial
masculino;comercio;carpinteria;antonio nariño;2;5;2017-11-01;7300000;microempresarial
masculino;comercio;variedades;antonio nariño;2;60;2018-12-13;5000000;microempresarial
femenino;comercio;fabrica de;palermo;3;5;2017-05-15;7377000;microempresarial
masculino;comercio;variedades;palermo;3;5;2018-03-20;7800000;microempresarial
femenino;servicio;mensajeria;palermo;3;10;2018-11-08;6000000;microempresarial
femenino;comercio;almacen de ropa en;palermo;3;5;2016-11-17;6890000;microempresarial
femenino;comercio;variedades;palermo;2;5;2018-04-16;7800000;microempresarial
femenino;comercio;variedades;palermo;3;5;2017-04-27;7000000;microempresarial
masculino;servicio;barberia;palermo;3;5;2016-11-22;6890000;microempresarial
femenino;comercio;variedades;palermo;3;5;2016-10-24;4000000;microempresarial
femenino;comercio;variedades;palermo;3;4;2019-02-27;8200000;microempresarial
masculino;comercio;variedades;palermo;2;5;2018-07-03;2000000;microempresarial
femenino;comercio;almacen de ropa en;palermo;3;5;2017-02-01;7377000;microempresarial
femenino;comercio;variedades;el pinal;3;5;2016-04-15;6890000;microempresarial
masculino;servicio;recreativo educativo;el pinal;3;5;2016-10-26;6000000;microempresarial
femenino;comercio;variedades;el pinal;3;5;2017-11-20;4000000;microempresarial
femenino;comercio;mantenimiento en;el pinal;3;13;2019-04-30;8281000;microempresarial
masculino;comercio;fabrica de;el pinal;3;5;2018-08-03;7800000;microempresarial
femenino;comercio;tienda;el pinal;3;5;2016-06-08;6000000;microempresarial
femenino;comercio;variedades;el pinal;1;5;2018-04-26;4100000;microempresarial
femenino;comercio;charcuteria;el pinal;3;5;2018-01-10;7000000;microempresarial
femenino;comercio;comidas rapidas;el pinal;3;5;2017-04-26;5000000;microempresarial
masculino;servicio;recreativo educativo;el pinal;3;5;2018-04-06;7800000;microempresarial
femenino;comercio;comidas rapidas;el pinal;3;15;2017-11-22;3000000;microempresarial
femenino;comercio;tienda de helados;santa rosa de lima;2;15;2018-04-04;6000000;microempresarial
femenino;comercio;tienda;santa rosa de lima;3;15;2017-02-13;7370000;microempresarial
femenino;industria;fabrica de;santa rosa de lima;3;15;2017-10-19;7000000;microempresarial
femenino;industria;fabrica de;santa rosa de lima;3;15;2019-03-13;6000000;microempresarial
masculino;servicio;fabrica de productos;santa rosa de lima;3;15;2017-06-16;30000000;empresarial ed.
femenino;industria;fabrica de;santa rosa de lima;3;15;2017-04-05;5000000;microempresarial
femenino;comercio;comidas rapidas;santa rosa de lima;3;15;2017-12-14;3000000;microempresarial
femenino;comercio;variedades;santa rosa de lima;3;15;2017-03-14;6000000;microempresarial
masculino;industria;variedades;santa rosa de lima;2;15;2018-02-23;6000000;microempresarial
femenino;comercio;miscelanea;santa rosa de lima;2;15;2018-03-15;7800000;microempresarial
masculino;industria;fabrica de alimentos;santa rosa de lima;3;15;2016-07-26;20000000;juridica y cap.semilla
femenino;industria;panaderia;aures no. 2;2;15;2016-10-24;2500000;microempresarial
femenino;comercio;taller de electronica;aures no. 2;2;15;2017-07-06;7377000;microempresarial
masculino;comercio;comidas rapidas;aures no. 2;3;15;2018-07-05;800000;microempresarial
femenino;industria;fabrica de;aures no. 2;3;15;2017-04-27;7377000;microempresarial
masculino;industria;fabrica de;aures no. 2;3;15;2016-05-19;3000000;microempresarial
femenino;servicio;peluqueria;aures no. 2;2;15;2018-06-14;4000000;microempresarial
femenino;comercio;fabrica de;aures no. 2;3;15;2017-09-08;7000000;microempresarial
masculino;comercio;distribuidora de;aures no. 2;3;15;2019-04-29;8281000;microempresarial
femenino;comercio;variedades;aures no. 2;3;15;2018-06-14;7000000;microempresarial
masculino;servicio;carpinteria;aures no. 2;3;15;2017-05-22;7370000;microempresarial
masculino;comercio;variedades;villa guadalupe;3;15;2017-12-11;20000000;empresarial ed.
femenino;comercio;restaurante;villa guadalupe;1;15;2018-10-29;6000000;microempresarial
femenino;comercio;panaderia;villa guadalupe;3;15;2017-04-03;7000000;microempresarial
femenino;servicio;productos de belleza;villa guadalupe;3;15;2017-11-21;27000000;empresarial ed.
masculino;servicio;fabrica de;villa guadalupe;3;15;2018-07-11;7800000;microempresarial
femenino;servicio;taller de mecanica;villa guadalupe;1;15;2017-05-08;7000000;microempresarial
femenino;comercio;panaderia;villa guadalupe;3;15;2018-03-22;5000000;microempresarial
femenino;comercio;almacen de ropa en;villa guadalupe;3;15;2018-03-06;5000000;microempresarial
masculino;comercio;papeleria;villa guadalupe;3;15;2017-12-27;5000000;microempresarial
masculino;comercio;tienda;villa guadalupe;3;15;2019-05-17;6000000;microempresarial
masculino;comercio;variedades;jesus nazareno;3;15;2016-11-25;5000000;microempresarial
masculino;comercio;tienda;jesus nazareno;3;15;2017-11-03;4000000;microempresarial
femenino;comercio;variedades;jesus nazareno;3;15;2017-10-23;7000000;microempresarial
masculino;comercio;tienda;jesus nazareno;3;15;2016-10-14;6800000;microempresarial
masculino;comercio;variedades;jesus nazareno;3;15;2017-04-03;7000000;microempresarial
femenino;servicio;peluqueria;jesus nazareno;3;15;2018-05-23;2500000;microempresarial
femenino;comercio;comidas rapidas;jesus nazareno;3;15;2016-11-08;2500000;microempresarial
femenino;industria;fabrica de;jesus nazareno;3;15;2018-02-06;7800000;microempresarial
femenino;industria;fabrica de calzado;jesus nazareno;2;15;2018-07-04;7800000;microempresarial
femenino;comercio;variedades;jesus nazareno;3;15;2018-06-01;4500000;microempresarial
femenino;comercio;panaderia;san antonio;3;15;2017-11-07;6000000;microempresarial
masculino;servicio;comidas rapidas;san antonio;2;9;2019-04-29;8000000;microempresarial
femenino;industria;fabrica de;san antonio;2;13;2016-02-09;6800000;microempresarial
masculino;industria;fabrica de;san antonio;2;3;2018-01-29;6000000;microempresarial
masculino;comercio;variedades;san antonio;2;3;2018-07-03;5000000;microempresarial
femenino;comercio;tienda;san antonio;1;3;2017-11-30;4000000;microempresarial
femenino;comercio;variedades;san antonio;2;3;2018-05-29;5000000;microempresarial
masculino;comercio;variedades;san antonio;1;3;2017-11-28;7300000;microempresarial
femenino;comercio;variedades;san antonio;1;3;2018-01-30;3000000;microempresarial
masculino;industria;fabrica de;la colina;1;3;2018-08-17;7800000;microempresarial
masculino;comercio;tienda;la colina;1;3;2018-11-20;5000000;microempresarial
femenino;comercio;variedades;la colina;2;3;2017-03-28;5000000;microempresarial
femenino;comercio;comidas rapidas;la colina;1;3;2018-08-06;4000000;microempresarial
masculino;comercio;barberia;la colina;2;3;2017-04-04;7370000;microempresarial
femenino;comercio;comidas rapidas;la colina;2;3;2016-11-30;3500000;microempresarial
femenino;servicio;fotografia;la colina;1;3;2018-06-12;7812000;microempresarial
femenino;comercio;tienda;la colina;1;3;2018-06-20;2000000;microempresarial
femenino;servicio;charcuteria;la colina;1;3;2017-05-22;7377000;microempresarial
femenino;comercio;miscelanea;san benito;1;3;2019-02-13;7000000;microempresarial
masculino;servicio;mantenimiento en;san benito;1;3;2016-05-06;5500000;microempresarial
masculino;comercio;tienda;san benito;1;3;2016-09-19;6890000;microempresarial
masculino;servicio;comidas rapidas;san benito;1;3;2017-11-20;3000000;microempresarial
femenino;servicio;peluqueria;san benito;2;2;2017-01-13;2;microempresarial
masculino;comercio;variedades;san benito;2;2;2016-09-12;6000000;microempresarial
femenino;comercio;variedades;san benito;2;2;2018-10-18;7000000;microempresarial
femenino;comercio;fabrica de alimentos;san benito;2;2;2018-09-24;4000000;microempresarial
femenino;industria;fabrica de;san benito;2;2;2017-07-04;7000000;microempresarial
masculino;comercio;distribuidora de;aguas frias;2;2;2018-12-17;1500000;microempresarial
femenino;servicio;peluqueria;aguas frias;2;2;2018-11-09;4000000;microempresarial
femenino;comercio;variedades;aguas frias;2;2;2018-05-31;7000000;microempresarial
femenino;comercio;comidas rapidas;aguas frias;1;2;2018-05-23;3000000;microempresarial
femenino;comercio;variedades;aguas frias;2;2;2019-04-01;7000000;microempresarial
femenino;comercio;legumbreria;aguas frias;2;2;2018-08-24;7000000;microempresarial
masculino;servicio;barberia;aguas frias;2;8;2016-09-12;2000000;microempresarial
masculino;comercio;montallantas;aguas frias;2;2;2016-09-22;2000000;microempresarial
femenino;comercio;restaurante;aguas frias;1;2;2018-12-05;5000000;microempresarial
masculino;industria;fabrica de ceramica;las brisas;2;2;2016-10-05;5000000;microempresarial
femenino;comercio;variedades;las brisas;2;2;2018-10-24;4000000;microempresarial
masculino;industria;marroquineria;las brisas;2;2;2018-09-14;5000000;microempresarial
femenino;comercio;venta de;las brisas;2;2;2017-05-11;5000000;microempresarial
femenino;industria;fabrica de;las brisas;1;2;2017-10-30;7370000;microempresarial
masculino;industria;ebanistaria;las brisas;2;2;2018-02-22;6000000;microempresarial
femenino;comercio;variedades;las brisas;2;2;2018-05-28;7800000;microempresarial
femenino;servicio;peluqueria;las brisas;2;2;2017-12-05;7000000;microempresarial
femenino;comercio;almacen de ropa en;jardin botanico;2;2;2017-08-24;7300000;microempresarial
masculino;servicio;barberia;jardin botanico;2;2;2017-08-08;7000000;microempresarial
femenino;comercio;legumbreria;jardin botanico;2;2;2019-02-06;7000000;microempresarial
femenino;industria;fabrica de;jardin botanico;2;2;2018-10-26;780000;microempresarial
femenino;industria;variedades;jardin botanico;1;2;2018-01-24;7800000;microempresarial
femenino;comercio;fabrica de alimentos;jardin botanico;2;2;2018-09-14;4000000;microempresarial
masculino;industria;panaderia;jardin botanico;2;2;2018-07-16;7000000;microempresarial
masculino;comercio;alquiler de peliculas;jardin botanico;2;2;2019-04-24;8281000;microempresarial
femenino;industria;fabrica de;los mangos;1;2;2018-08-02;7800000;microempresarial
femenino;industria;fabrica de colchones;los mangos;2;2;2017-08-29;7370000;microempresarial
masculino;servicio;taller de mecanica;los mangos;2;2;2019-04-01;8200000;microempresarial
femenino;comercio;variedades;los mangos;1;2;2018-05-23;5000000;microempresarial
masculino;comercio;ferreteria;los mangos;1;2;2018-02-15;7800000;microempresarial
masculino;servicio;gimnasio;los mangos;2;2;2017-08-25;7377000;microempresarial
femenino;comercio;variedades;los mangos;2;2;2017-10-24;7300000;microempresarial
femenino;industria;fabrica de;los mangos;1;2;2017-10-04;3300000;microempresarial
femenino;comercio;almacen de ropa en;el vergel;2;2;2017-04-26;7000000;microempresarial
masculino;industria;fabrica de muebles;el vergel;2;2;2016-05-24;6000000;microempresarial
masculino;comercio;variedades;el vergel;2;2;2018-08-14;7800000;microempresarial
femenino;industria;fabrica de;el vergel;2;2;2018-07-24;7800000;microempresarial
femenino;comercio;tienda;el vergel;2;2;2017-09-06;7377000;microempresarial
femenino;comercio;papeleria;el vergel;2;7;2016-11-28;6890000;microempresarial
femenino;servicio;comidas rapidas;el vergel;2;1;2016-05-20;6890000;microempresarial
masculino;industria;fabrica de;el vergel;2;3;2019-06-26;8200000;microempresarial
femenino;servicio;peluqueria;sevilla;2;1;2018-07-25;2000000;microempresarial
femenino;comercio;variedades;sevilla;2;1;2017-09-15;6000000;microempresarial
masculino;comercio;variedades;sevilla;2;1;2018-10-24;1500000;microempresarial
masculino;comercio;panaderia;sevilla;2;1;2017-11-02;7300000;microempresarial
femenino;comercio;papeleria;sevilla;2;1;2016-11-30;6890000;microempresarial
femenino;servicio;peluqueria;sevilla;2;1;2017-08-01;7000000;microempresarial
masculino;comercio;variedades;sevilla;2;1;2018-11-26;7800000;microempresarial
femenino;industria;fabrica de;sevilla;2;1;2018-06-08;2500000;microempresarial
femenino;comercio;variedades;santa monica;2;8;2017-12-04;7000000;microempresarial
masculino;comercio;tienda;santa monica;3;8;2017-09-29;7370000;microempresarial
femenino;comercio;cafeteria;santa monica;2;8;2017-08-30;7200000;microempresarial
masculino;comercio;variedades;santa monica;3;8;2018-03-06;1500000;microempresarial
femenino;comercio;tienda;santa monica;3;8;2016-04-08;6890000;microempresarial
femenino;comercio;comidas rapidas;santa monica;3;8;2018-03-12;5000000;microempresarial
masculino;comercio;variedades;santa monica;3;8;2017-12-12;7370000;microempresarial
masculino;servicio;publicidad y;santa monica;3;8;2018-05-25;7800000;microempresarial
femenino;servicio;mantenimiento en;el poblado;2;8;2018-02-09;5000000;microempresarial
masculino;servicio;publicidad y;el poblado;2;8;2018-11-02;7800000;microempresarial
masculino;comercio;variedades;el poblado;3;8;2016-09-15;4000000;microempresarial
masculino;industria;fabrica de;el poblado;3;8;2017-03-22;5000000;microempresarial
masculino;servicio;peluqueria;el poblado;1;8;2018-03-13;6000000;microempresarial
femenino;comercio;almacen de ropa en;el poblado;1;8;2017-08-24;7000000;microempresarial
femenino;comercio;distribuidora de;el poblado;3;8;2017-11-14;6000000;microempresarial
masculino;comercio;fabrica de alimentos;la cruz;3;8;2018-05-28;7800000;microempresarial
femenino;comercio;comidas rapidas;la cruz;3;8;2018-07-27;3000000;microempresarial
femenino;comercio;tienda;la cruz;3;8;2018-08-21;4000000;microempresarial
masculino;comercio;fabrica de;la cruz;3;8;2016-09-09;6890000;microempresarial
femenino;comercio;tienda de helados;la cruz;2;8;2018-04-16;2000000;microempresarial
femenino;comercio;almacen de ropa en;la cruz;2;8;2017-09-15;7000000;microempresarial
femenino;industria;fabrica de;la cruz;3;8;2017-03-27;3500000;microempresarial
femenino;comercio;fabrica de alimentos;vrda. san cristobal;3;8;2018-09-04;1200000;microempresarial
femenino;comercio;miscelanea;vrda. san cristobal;3;8;2016-12-19;6890000;microempresarial
masculino;comercio;tienda;vrda. san cristobal;2;8;2016-04-25;4136724;microempresarial
masculino;industria;fabrica de;vrda. san cristobal;3;8;2018-08-06;7800000;microempresarial
femenino;servicio;deposito de;vrda. san cristobal;2;8;2018-03-21;19500000;microempresarial
femenino;comercio;almacen de ropa en;vrda. san cristobal;1;8;2019-01-24;7000000;microempresarial
femenino;servicio;papeleria;vrda. san cristobal;2;8;2017-10-06;6000000;microempresarial
femenino;industria;fabrica de;santa ines;2;8;2018-05-29;7800000;microempresarial
femenino;comercio;papeleria;santa ines;2;8;2018-01-19;4500000;microempresarial
femenino;comercio;variedades;santa ines;3;8;2018-08-14;7000000;microempresarial
femenino;comercio;tienda;santa ines;2;8;2018-05-02;6000000;microempresarial
femenino;comercio;restaurante;santa ines;3;8;2018-07-26;7000000;microempresarial
femenino;comercio;almacen de ropa en;santa ines;3;8;2018-08-22;7800000;microempresarial
femenino;industria;fabrica de;santa ines;3;8;2018-05-22;7000000;microempresarial
masculino;comercio;tienda;bel¿n;3;8;2017-02-10;1500000;microempresarial
femenino;comercio;almacen de ropa en;bel¿n;2;8;2019-04-24;6000000;microempresarial
femenino;comercio;almacen de ropa en;bel¿n;3;8;2016-09-12;6890000;microempresarial
femenino;industria;fabrica de;bel¿n;3;8;2017-02-21;7000000;microempresarial
femenino;industria;comidas rapidas;bel¿n;2;8;2017-12-14;7000000;microempresarial
femenino;servicio;papeleria;bel¿n;3;8;2016-10-12;6890000;microempresarial
femenino;industria;fabrica de arepas;bel¿n;2;8;2017-11-21;6000000;microempresarial
femenino;industria;fabrica de;bello horizonte;3;8;2016-05-11;6890000;microempresarial
masculino;servicio;mantenimiento en;bello horizonte;3;8;2018-10-03;257230;microempresarial
masculino;comercio;tienda de helados;bello horizonte;3;8;2018-06-07;5000000;microempresarial
femenino;servicio;productos de belleza;bello horizonte;3;8;2016-11-09;6890000;microempresarial
masculino;comercio;tienda;bello horizonte;3;8;2019-04-08;15900000;microempresarial
femenino;servicio;peluqueria;bello horizonte;3;8;2017-07-11;4000000;microempresarial
masculino;comercio;publicidad y;bello horizonte;3;6;2019-04-24;8250000;microempresarial
femenino;servicio;gimnasio;las violetas;3;8;2018-12-11;7800000;microempresarial
femenino;servicio;fumigacion;las violetas;3;8;2018-11-21;7812000;microempresarial
femenino;servicio;barberia;las violetas;2;8;2018-03-06;7800000;microempresarial
femenino;servicio;cerrajeria;las violetas;3;8;2017-09-21;7300000;microempresarial
femenino;industria;fabrica de;las violetas;1;8;2017-09-12;5000000;microempresarial
femenino;industria;fabrica de;las violetas;3;8;2018-07-25;4000000;microempresarial
masculino;comercio;almacen de ropa en;las violetas;3;8;2018-01-24;7000000;microempresarial
femenino;comercio;papeleria;versalles no. 2;1;8;2016-05-04;2000000;microempresarial
femenino;industria;fabrica de;versalles no. 2;2;8;2017-09-05;7300000;microempresarial
masculino;comercio;tienda;versalles no. 2;2;8;2018-10-24;3000000;microempresarial
masculino;comercio;fabrica de arepas;versalles no. 2;3;8;2017-01-23;7377000;microempresarial
masculino;comercio;distribuidora de;versalles no. 2;3;8;2017-08-04;7300000;microempresarial
masculino;comercio;distribuidora de;versalles no. 2;3;8;2018-05-11;7800000;microempresarial
femenino;comercio;comidas rapidas;calasanz parte alta;3;8;2018-08-10;2500000;microempresarial
femenino;servicio;comidas rapidas;calasanz parte alta;3;8;2016-03-09;6500000;microempresarial
femenino;servicio;cafeteria;calasanz parte alta;3;8;2018-01-03;4400000;credioportuno
masculino;comercio;fabrica de;calasanz parte alta;2;8;2018-02-07;7800000;microempresarial
masculino;comercio;tienda;calasanz parte alta;3;8;2018-06-27;5000000;microempresarial
masculino;comercio;fabrica de;calasanz parte alta;3;8;2017-05-19;7377000;microempresarial
masculino;comercio;variedades;pajarito;3;8;2018-04-26;19500000;microempresarial
femenino;comercio;variedades;pajarito;3;8;2018-12-12;3000000;microempresarial
femenino;servicio;peluqueria;pajarito;1;8;2018-04-06;7000000;microempresarial
femenino;comercio;almacen de ropa en;pajarito;3;8;2017-03-07;5000000;microempresarial
masculino;servicio;gimnasio;pajarito;3;8;2017-10-24;7377000;microempresarial
masculino;servicio;tienda;pajarito;3;8;2019-04-22;8281000;microempresarial
masculino;servicio;barberia;el triunfo;3;8;2018-05-24;7000000;microempresarial
femenino;comercio;comidas rapidas;el triunfo;2;8;2017-11-09;3000000;microempresarial
masculino;industria;fabrica de;el triunfo;2;8;2018-04-09;6000000;microempresarial
femenino;industria;fabrica de;el triunfo;2;8;2018-04-13;7800000;microempresarial
femenino;servicio;peluqueria;el triunfo;3;8;2016-01-05;3000000;microempresarial
masculino;comercio;variedades;el triunfo;3;8;2018-03-06;5500000;microempresarial
masculino;comercio;comidas rapidas;eduardo santos;3;8;2018-10-29;7800000;microempresarial
masculino;comercio;panaderia;eduardo santos;2;8;2017-10-13;7377000;microempresarial
femenino;industria;fabrica de;eduardo santos;3;8;2017-05-26;7000000;microempresarial
femenino;comercio;ferreteria;eduardo santos;2;8;2018-04-09;7800000;microempresarial
femenino;comercio;papeleria;eduardo santos;3;8;2018-10-24;1000000;microempresarial
masculino;industria;panaderia;eduardo santos;3;8;2017-11-03;4300000;microempresarial
masculino;comercio;ferreteria;el salado;2;8;2017-02-27;4000000;microempresarial
femenino;comercio;comidas rapidas;el salado;3;8;2018-06-28;3000000;microempresarial
femenino;comercio;variedades;el salado;3;8;2018-06-27;7800000;microempresarial
femenino;comercio;tienda;el salado;3;8;2017-11-08;7300000;microempresarial
masculino;servicio;fabrica de;el salado;3;8;2017-04-21;7377000;microempresarial
masculino;industria;fabrica de;el salado;3;8;2017-03-30;7377000;microempresarial
femenino;comercio;venta de calzado;el diamante;3;8;2017-01-19;6000000;microempresarial
masculino;comercio;variedades;el diamante;2;8;2017-01-11;6000000;microempresarial
femenino;comercio;tienda;el diamante;2;8;2018-04-09;7800000;microempresarial
masculino;servicio;variedades;el diamante;3;8;2017-07-06;7370000;microempresarial
femenino;servicio;restaurante;el diamante;1;8;2016-10-04;4130000;microempresarial
femenino;servicio;cafe e internet;el diamante;3;8;2018-08-23;7800000;microempresarial
masculino;industria;panaderia;juan pablo ii;3;8;2016-06-10;6000000;microempresarial
masculino;comercio;almacen de ropa en;juan pablo ii;3;8;2017-05-09;3000000;microempresarial
femenino;servicio;mantenimiento en;juan pablo ii;2;8;2018-08-09;7800000;microempresarial
femenino;comercio;almacen de ropa en;juan pablo ii;3;8;2018-01-16;7000000;microempresarial
masculino;comercio;fabrica de repuestos;juan pablo ii;3;8;2018-01-23;7812000;microempresarial
femenino;comercio;charcuteria;juan pablo ii;2;8;2016-04-21;4000000;microempresarial
femenino;servicio;fabrica de arepas;el corazon;3;8;2016-08-24;1050000;microempresarial
masculino;comercio;miscelanea;el corazon;1;8;2016-09-01;2000000;microempresarial
masculino;comercio;variedades;el corazon;3;8;2019-03-21;1500000;microempresarial
masculino;industria;deposito de;el corazon;2;8;2018-05-10;7500000;microempresarial
femenino;industria;fabrica de;el corazon;3;8;2018-05-25;4500000;microempresarial
masculino;industria;publicidad y;el corazon;2;8;2017-10-05;7377000;microempresarial
masculino;servicio;restaurante;la ladera;3;8;2017-07-04;5800000;microempresarial
masculino;comercio;comidas rapidas;la ladera;2;8;2018-04-09;5000000;microempresarial
femenino;industria;fabrica de;la ladera;2;8;2018-06-22;7800000;microempresarial
femenino;servicio;cafe e internet;la ladera;1;8;2017-03-16;5000000;microempresarial
femenino;servicio;productos de belleza;la ladera;3;8;2018-05-11;7800000;microempresarial
femenino;comercio;variedades;la ladera;2;8;2018-04-12;4000000;microempresarial
masculino;comercio;panaderia;alejandro echavarria;2;8;2018-03-22;1500000;microempresarial
masculino;comercio;variedades;alejandro echavarria;3;8;2018-07-25;7800000;microempresarial
femenino;servicio;restaurante;alejandro echavarria;3;8;2018-06-01;6000000;microempresarial
femenino;industria;fabrica de;alejandro echavarria;3;8;2016-07-27;3000000;microempresarial
masculino;comercio;granero;alejandro echavarria;1;8;2018-02-27;3000000;microempresarial
femenino;servicio;variedades;alejandro echavarria;3;8;2018-10-11;1500000;microempresarial
femenino;comercio;tienda;el pesebre;2;8;2018-10-29;7000000;microempresarial
femenino;industria;fabrica de productos;el pesebre;3;8;2016-05-17;6890000;microempresarial
femenino;industria;fabrica de;el pesebre;2;9;2019-01-31;8200000;microempresarial
femenino;servicio;productos de belleza;el pesebre;3;8;2018-02-15;7800000;microempresarial
femenino;comercio;variedades;el pesebre;2;8;2018-07-17;7800000;microempresarial
masculino;comercio;variedades;el pesebre;2;8;2019-02-05;4000000;microempresarial
femenino;comercio;tienda;zona expansion san;3;8;2017-11-20;2000000;microempresarial
femenino;industria;fabrica de;zona expansion san;2;8;2018-08-06;4000000;microempresarial
masculino;servicio;variedades;zona expansion san;2;8;2018-04-27;7800000;microempresarial
femenino;comercio;tienda;zona expansion san;3;8;2017-10-26;7000000;microempresarial
femenino;industria;fabrica de;zona expansion san;3;8;2017-04-19;4000000;microempresarial
femenino;industria;mantenimiento en;pedregal alto;3;8;2017-03-07;7300000;microempresarial
femenino;servicio;comidas rapidas;pedregal alto;3;60;2016-09-28;5000000;microempresarial
femenino;comercio;comidas rapidas;pedregal alto;3;8;2018-06-27;5300000;microempresarial
femenino;industria;fabrica de alimentos;pedregal alto;3;8;2019-03-28;4000000;microempresarial
femenino;comercio;charcuteria;pedregal alto;3;8;2016-05-11;1500000;microempresarial
masculino;comercio;variedades;ocho de marzo;2;8;2017-03-22;2000000;microempresarial
femenino;industria;fabrica de;ocho de marzo;2;8;2018-06-08;7812000;microempresarial
masculino;servicio;peluqueria;ocho de marzo;3;8;2018-05-15;7812000;microempresarial
masculino;comercio;panaderia;ocho de marzo;3;8;2018-01-23;3500000;microempresarial
masculino;comercio;variedades;ocho de marzo;2;8;2018-07-24;4500000;microempresarial
masculino;industria;fabrica de alimentos;campo amor;3;8;2016-08-19;28267000;empresarial ed.
masculino;servicio;comidas rapidas;campo amor;3;8;2016-05-04;4800000;microempresarial
femenino;servicio;peluqueria;campo amor;3;8;2016-06-15;6000000;microempresarial
femenino;comercio;comidas rapidas;campo amor;3;8;2018-05-11;6000000;microempresarial
femenino;industria;fabrica de;campo amor;3;8;2018-07-23;7800000;microempresarial
masculino;servicio;mantenimiento en;san pedro;3;8;2017-11-17;7370000;microempresarial
masculino;comercio;variedades;san pedro;1;8;2018-02-21;7800000;microempresarial
femenino;servicio;productos de belleza;san pedro;3;8;2018-03-21;7800000;microempresarial
masculino;comercio;fabrica de alimentos;san pedro;2;8;2017-10-11;4000000;microempresarial
femenino;servicio;restaurante;san pedro;3;8;2018-08-23;7000000;microempresarial
femenino;comercio;almacen de ropa en;el rodeo;2;8;2019-06-11;8500000;microempresarial
femenino;comercio;almacen de ropa en;el rodeo;3;8;2018-02-05;600000;microempresarial
femenino;comercio;comidas rapidas;el rodeo;3;8;2018-03-02;7800000;microempresarial
femenino;comercio;variedades;el rodeo;2;8;2017-10-30;7377000;microempresarial
femenino;comercio;tienda naturista;el rodeo;3;8;2017-01-17;7370000;microempresarial
femenino;servicio;comidas rapidas;la salle;3;8;2018-02-06;3500000;microempresarial
masculino;comercio;panaderia;la salle;2;8;2017-05-31;6000000;microempresarial
femenino;comercio;variedades;la salle;3;8;2017-11-07;5000000;microempresarial
femenino;comercio;restaurante;la salle;3;8;2017-02-08;7300000;microempresarial
masculino;comercio;charcuteria;maria cano;3;8;2017-07-05;7300000;microempresarial
femenino;servicio;variedades;maria cano;3;8;2018-07-06;7800000;microempresarial
femenino;comercio;peluqueria;maria cano;3;8;2018-04-25;3000000;microempresarial
masculino;comercio;tienda;maria cano;3;8;2017-09-19;7370000;microempresarial
masculino;comercio;tienda;la isla;2;8;2018-06-07;6000000;microempresarial
femenino;comercio;panaderia;la isla;3;8;2018-01-30;2000000;microempresarial
femenino;comercio;fabrica de;la isla;1;13;2019-02-06;7800000;microempresarial
masculino;industria;fabrica de;la isla;2;2;2018-04-25;6000000;microempresarial
masculino;servicio;barberia;cataluna;2;2;2018-04-26;7800000;microempresarial
femenino;comercio;fabrica de helados;cataluna;2;2;2016-10-14;5000000;microempresarial
femenino;comercio;tienda;cataluna;2;2;2018-04-25;7000000;microempresarial
masculino;comercio;fabrica de helados;cataluna;1;2;2017-07-10;7370000;microempresarial
femenino;industria;fabrica de;metropolitano;2;2;2018-12-20;7000000;microempresarial
femenino;industria;fabrica de;metropolitano;2;2;2016-10-10;5000000;microempresarial
femenino;comercio;comidas rapidas;metropolitano;2;2;2018-08-14;5000000;microempresarial
masculino;comercio;tienda;metropolitano;2;2;2017-03-06;7377000;microempresarial
femenino;servicio;fotografia;san martin de porres;2;2;2017-01-19;6000000;microempresarial
femenino;comercio;fabrica de calzado;san martin de porres;1;2;2018-02-13;4000000;microempresarial
masculino;servicio;tienda;san martin de porres;2;2;2018-05-09;7000000;microempresarial
femenino;servicio;peluqueria;moscu no. 1;2;2;2017-08-25;1500000;microempresarial
femenino;industria;fabrica de;moscu no. 1;2;2;2018-02-21;7800000;microempresarial
masculino;servicio;variedades;moscu no. 1;2;2;2017-02-10;7000000;microempresarial
femenino;industria;fabrica de;vrda. san antonio;2;2;2017-05-31;7370000;microempresarial
masculino;servicio;barberia;vrda. san antonio;2;2;2017-10-02;7347000;microempresarial
femenino;comercio;almacen de ropa en;vrda. san antonio;2;2;2018-08-14;3000000;microempresarial
femenino;servicio;peluqueria;bosques de san pablo;2;2;2018-04-05;5000000;microempresarial
masculino;comercio;tienda;bosques de san pablo;2;2;2018-04-27;4000000;microempresarial
femenino;servicio;restaurante;bosques de san pablo;2;2;2016-10-06;6890000;microempresarial
masculino;comercio;charcuteria;la frontera;2;2;2018-03-20;7800000;microempresarial
femenino;comercio;cafeteria;la frontera;2;2;2017-06-05;3000000;microempresarial
femenino;industria;fabrica de;la frontera;2;2;2017-01-06;6000000;microempresarial
femenino;servicio;peluqueria;santa margarita;2;2;2018-11-20;4000000;microempresarial
femenino;comercio;almacen de ropa en;santa margarita;2;2;2018-09-27;6000000;microempresarial
femenino;servicio;peluqueria;santa margarita;1;2;2017-09-20;6000000;microempresarial
femenino;comercio;tienda;los alcazares;2;2;2017-10-13;6000000;microempresarial
femenino;servicio;panaderia;los alcazares;2;2;2017-03-08;7377000;microempresarial
femenino;comercio;variedades;los alcazares;2;2;2019-04-29;1000000;microempresarial
femenino;comercio;variedades;palenque;2;2;2018-02-13;7800000;microempresarial
femenino;comercio;almacen de ropa en;palenque;2;2;2018-04-12;5000000;microempresarial
masculino;servicio;lavanderia;palenque;2;2;2017-11-23;7300000;microempresarial
masculino;comercio;cafe e internet;las granjas;2;2;2017-05-19;7377000;microempresarial
femenino;comercio;variedades;las granjas;2;2;2017-05-30;4000000;microempresarial
masculino;servicio;barberia;las granjas;2;2;2017-10-25;7300000;microempresarial
masculino;comercio;taller de electronica;bombona no. 2;2;2;2017-03-15;3000000;microempresarial
masculino;industria;fabrica de;bombona no. 2;2;2;2017-07-21;7377000;microempresarial
masculino;servicio;cafe e internet;bombona no. 2;2;2;2019-06-18;8000000;microempresarial
masculino;comercio;taller de electronica;laureles;2;2;2018-06-01;6000000;microempresarial
masculino;servicio;recreativo educativo;laureles;2;2;2017-10-06;7370000;microempresarial
femenino;comercio;comidas rapidas;laureles;2;2;2018-04-11;2000000;microempresarial
femenino;industria;fabrica de;naranjal;2;2;2018-08-13;3500000;microempresarial
masculino;comercio;venta de calzado;naranjal;3;10;2016-09-23;689000;microempresarial
masculino;servicio;fumigacion;naranjal;1;8;2018-01-03;4400000;credioportuno
masculino;servicio;tienda;los cerros el vergel;2;8;2017-08-02;1000000;microempresarial
masculino;servicio;taller de mecanica;los cerros el vergel;2;8;2018-01-05;7300000;microempresarial
femenino;industria;fabrica de;los cerros el vergel;2;8;2018-01-30;7812000;microempresarial
masculino;servicio;mantenimiento en;la loma oriental;2;8;2017-02-01;6000000;microempresarial
femenino;servicio;peluqueria;la loma oriental;1;8;2018-04-06;7000000;microempresarial
femenino;comercio;variedades;la loma oriental;2;8;2017-12-05;7370000;microempresarial
masculino;comercio;tienda naturista;las esmeraldas;2;10;2018-03-16;7000000;microempresarial
masculino;industria;marroquineria;las esmeraldas;1;8;2017-02-21;5000000;microempresarial
femenino;comercio;tienda;la palma;1;8;2018-02-06;7000000;microempresarial
masculino;comercio;billares;la palma;2;8;2017-06-22;2000000;microempresarial
masculino;servicio;restaurante;el progreso no.2;2;8;2017-08-08;7377000;microempresarial
femenino;servicio;peluqueria;el progreso no.2;1;8;2017-10-04;2000000;microempresarial
femenino;comercio;variedades;el rincon;2;8;2018-07-05;3000000;microempresarial
femenino;industria;fabrica de;el rincon;2;8;2016-12-20;6890000;microempresarial
femenino;comercio;tienda;suburbano altavista;1;8;2018-04-30;7800000;microempresarial
femenino;comercio;comidas rapidas;suburbano altavista;2;8;2018-05-11;6000000;microempresarial
femenino;industria;fabrica de;la esperanza no. 2;2;8;2018-10-29;7800000;microempresarial
femenino;comercio;tienda;la esperanza no. 2;2;8;2018-05-24;4000000;microempresarial
femenino;comercio;almacen de ropa en;gerona;1;8;2017-07-17;3000000;microempresarial
femenino;comercio;legumbreria;gerona;2;8;2017-10-04;3000000;microempresarial
femenino;comercio;variedades;barrio cristobal;2;8;2017-11-07;6500000;microempresarial
femenino;comercio;tienda;barrio cristobal;2;8;2018-11-01;6000000;microempresarial
femenino;industria;venta de calzado;fuente clara;1;8;2018-05-09;7800000;microempresarial
femenino;servicio;comidas rapidas;fuente clara;1;8;2019-05-27;8281000;microempresarial
femenino;comercio;variedades;barrio colon;2;8;2018-10-26;4000000;microempresarial
masculino;servicio;mantenimiento en;barrio colon;2;8;2019-02-28;6000000;microempresarial
masculino;servicio;fabrica de ceramica;el astillero;2;8;2016-12-21;6890000;microempresarial
masculino;agropecuaria;comidas rapidas;el astillero;1;8;2018-05-09;7000000;microempresarial
masculino;servicio;variedades;santa teresita;2;8;2019-03-19;8000000;microempresarial
femenino;servicio;peluqueria;santa teresita;2;8;2016-07-22;6800000;microempresarial
masculino;comercio;comidas rapidas;la florida;1;8;2017-06-16;5000000;microempresarial
femenino;industria;fabrica de;la florida;2;8;2017-06-28;7300000;microempresarial
femenino;industria;fabrica de;progreso;2;8;2017-03-28;4000000;microempresarial
femenino;servicio;peluqueria;progreso;2;8;2018-01-24;6000000;microempresarial
femenino;comercio;variedades;hector abad gomez;1;8;2017-10-17;7000000;microempresarial
femenino;industria;fabrica de;hector abad gomez;1;8;2016-04-26;6890000;microempresarial
femenino;comercio;variedades;rosales;1;8;2017-03-16;7370000;microempresarial
masculino;comercio;variedades;rosales;2;8;2018-01-17;5000000;microempresarial
masculino;comercio;charcuteria;caribe;2;8;2017-05-30;7000000;microempresarial
femenino;comercio;tienda;caribe;1;8;2017-08-28;6000000;microempresarial
femenino;industria;fabrica de;yarumalito;2;8;2016-02-04;4000000;microempresarial
femenino;industria;fabrica de;yarumalito;1;8;2017-08-02;7300000;microempresarial
femenino;comercio;comidas rapidas;la oculta;1;8;2018-07-30;7800000;microempresarial
femenino;comercio;panaderia;la oculta;1;8;2017-05-30;5500000;microempresarial
femenino;servicio;miscelanea;miraflores;1;8;2016-09-13;6890000;microempresarial
femenino;comercio;tienda;miraflores;1;8;2019-06-25;5000000;microempresarial
femenino;comercio;variedades;la mansion;2;8;2018-05-30;7000000;microempresarial
femenino;servicio;peluqueria;la mansion;2;8;2016-05-10;3000000;microempresarial
femenino;comercio;almacen de ropa en;san bernardo;2;8;2018-12-20;2000000;microempresarial
femenino;comercio;variedades;san bernardo;2;8;2016-09-06;5000000;microempresarial
masculino;comercio;comidas rapidas;doce de octubre no.2;1;8;2016-10-06;5000000;microempresarial
masculino;comercio;cerrajeria;doce de octubre no.2;1;8;2018-02-15;3000000;microempresarial
femenino;industria;panaderia;san josé de la montaña;2;8;2017-02-16;7000000;microempresarial
masculino;comercio;tienda;san josé de la montaña;2;8;2016-10-10;2500000;microempresarial
femenino;industria;fabrica de;villa liliam;2;8;2017-06-20;3000000;microempresarial
masculino;servicio;barberia;villa liliam;2;8;2017-07-25;7370000;microempresarial
masculino;servicio;variedades;san joaquin;1;8;2016-11-09;4000000;microempresarial
femenino;comercio;peluqueria;san joaquin;1;8;2017-07-04;7000000;microempresarial
femenino;comercio;variedades;manila;1;8;2018-06-12;2500000;microempresarial
femenino;comercio;tienda de helados;granada;2;8;2017-10-19;7000000;microempresarial
femenino;comercio;variedades;el raizal;1;8;2017-01-25;30000000;empresarial ed.
masculino;comercio;comidas rapidas;campo alegre;1;8;2017-05-05;7000000;microempresarial
masculino;comercio;miscelanea;santa fe;2;8;2017-12-12;7000000;microempresarial
masculino;comercio;almacen de ropa en;suburbano santa elena;1;8;2016-10-04;4000000;microempresarial
masculino;agropecuaria;granero;loma de los bernal;1;8;2017-09-14;3500000;microempresarial
femenino;comercio;variedades;altamira;1;8;2016-03-14;2500000;microempresarial
femenino;industria;mantenimiento en;las independencias;2;8;2017-04-19;7000000;microempresarial
femenino;comercio;tienda;veinte de julio;1;8;2017-06-02;7000000;microempresarial
femenino;servicio;fabrica de;parque norte;1;8;2016-07-15;3000000;microempresarial
femenino;comercio;miscelanea;vrda. santa elena;1;8;2018-03-23;7800000;microempresarial
femenino;industria;fabrica de;sin barrio;1;8;2019-02-27;6000000;microempresarial
femenino;servicio;peluqueria;santa maria de los;2;8;2018-03-12;4500000;microempresarial
masculino;servicio;barberia;barro blanco;2;8;2018-06-22;4000000;microempresarial
femenino;comercio;restaurante;la cuchilla;2;8;2017-08-03;1500000;microempresarial
femenino;comercio;tienda;la aguacatala;1;8;2019-05-27;7500000;microempresarial
masculino;industria;fabrica de;barrio colombia;1;8;2018-10-16;7800000;microempresarial
femenino;industria;fabrica de;villa nueva;2;8;2016-03-15;6890000;microempresarial
masculino;servicio;mantenimiento en;barrio de jesus;2;8;2016-12-23;3000000;microempresarial
masculino;comercio;comidas rapidas;san isidro;1;8;2018-03-01;7800000;microempresarial
masculino;comercio;variedades;carlos e. restrepo;1;9;2019-02-05;6000000;microempresarial
femenino;servicio;peluqueria;brasilia;1;8;2018-04-13;4500000;microempresarial
masculino;comercio;tienda;travesias;1;9;2018-05-28;7800000;microempresarial
masculino;servicio;lavanderia;la volcana y guayabal;1;8;2019-04-05;2500000;microempresarial
masculino;industria;taller de mecanica;aures no.1;2;8;2017-08-16;4000000;microempresarial
femenino;comercio;tienda;la hondonada;1;8;2018-02-13;3000000;microempresarial
femenino;comercio;tienda;oriente;2;8;2016-05-26;6890000;microempresarial
femenino;comercio;sembrados;betania;2;50;2016-02-15;6000000;microempresarial
masculino;industria;fabrica de;moscu no. 2;2;80;2016-02-02;600000;microempresarial
femenino;comercio;almacen de ropa en;los angeles;2;80;2016-01-22;6800000;microempresarial
femenino;comercio;peluqueria;fatima;3;80;2016-02-10;6000000;microempresarial
femenino;comercio;comidas rapidas;villa turbay;3;60;2016-02-01;1100000;microempresarial
masculino;comercio;comidas rapidas;miravalle;2;60;2016-02-20;6890000;microempresarial
masculino;comercio;bares;oleoducto;2;60;2016-01-18;6890000;microempresarial
masculino;servicio;publicidad y;antonio nari¿o;3;60;2016-02-02;9000000;empresarial ed.
femenino;industria;tienda;universidad de;2;60;2016-01-14;6890000;microempresarial
masculino;comercio;almacen de ropa en;florida nueva;2;60;2016-02-18;6890000;microempresarial
femenino;servicio;peluqueria;monteclaro;1;60;2016-02-01;2500000;microempresarial
masculino;industria;sembrados;vrda. palmitas;2;90;2016-02-16;5000000;agropecuaria
masculino;comercio;sembrados;la aldea;2;80;2018-07-24;7800000;microempresarial
masculino;comercio;tienda;villa flora;2;80;2017-09-29;6000000;microempresarial
masculino;comercio;tienda;mirador del doce;2;80;2016-07-06;2500000;microempresarial
femenino;comercio;variedades;suburbano barro;2;80;2018-06-15;7000000;microempresarial
masculino;agropecuaria;fabrica de;el estadio;2;80;2018-06-27;7800000;microempresarial
femenino;comercio;tienda de helados;el llano;2;80;2018-06-28;2700000;microempresarial
femenino;comercio;variedades;dummy_barrio_223;2;80;2018-02-27;7800000;microempresarial
femenino;servicio;restaurante;dummy_barrio_224;1;13;2017-02-09;5000000;microempresarial
